{
"type": "FeatureCollection",
"name": "baseline_fire_spread",
"crs": { "type": "name", "properties": { "name": "urn:ogc:def:crs:OGC:1.3:CRS84" } },
"features": [
{ "type": "Feature", "properties": { "TimeStep": 1, "Latitude": 34.069422816326529, "Longitude": -118.60462046744306, "State": "Burning" }, "geometry": { "type": "Point", "coordinates": [ -118.604620467443056, 34.069422816326529 ] } },
{ "type": "Feature", "properties": { "TimeStep": 1, "Latitude": 34.069422816326529, "Longitude": -118.59747553255696, "State": "Burning" }, "geometry": { "type": "Point", "coordinates": [ -118.597475532556956, 34.069422816326529 ] } },
{ "type": "Feature", "properties": { "TimeStep": 1, "Latitude": 34.069422816326529, "Longitude": -118.59033059767084, "State": "Burning" }, "geometry": { "type": "Point", "coordinates": [ -118.590330597670842, 34.069422816326529 ] } },
{ "type": "Feature", "properties": { "TimeStep": 1, "Latitude": 34.075341183673466, "Longitude": -118.60462046744306, "State": "Burning" }, "geometry": { "type": "Point", "coordinates": [ -118.604620467443056, 34.075341183673466 ] } },
{ "type": "Feature", "properties": { "TimeStep": 1, "Latitude": 34.075341183673466, "Longitude": -118.59033059767084, "State": "Burning" }, "geometry": { "type": "Point", "coordinates": [ -118.590330597670842, 34.075341183673466 ] } },
{ "type": "Feature", "properties": { "TimeStep": 1, "Latitude": 34.081259551020409, "Longitude": -118.60462046744306, "State": "Burning" }, "geometry": { "type": "Point", "coordinates": [ -118.604620467443056, 34.081259551020409 ] } },
{ "type": "Feature", "properties": { "TimeStep": 1, "Latitude": 34.081259551020409, "Longitude": -118.59033059767084, "State": "Burning" }, "geometry": { "type": "Point", "coordinates": [ -118.590330597670842, 34.081259551020409 ] } },
{ "type": "Feature", "properties": { "TimeStep": 2, "Latitude": 34.063504448979586, "Longitude": -118.60462046744306, "State": "Burning" }, "geometry": { "type": "Point", "coordinates": [ -118.604620467443056, 34.063504448979586 ] } },
{ "type": "Feature", "properties": { "TimeStep": 2, "Latitude": 34.063504448979586, "Longitude": -118.59747553255696, "State": "Burning" }, "geometry": { "type": "Point", "coordinates": [ -118.597475532556956, 34.063504448979586 ] } },
{ "type": "Feature", "properties": { "TimeStep": 2, "Latitude": 34.075341183673466, "Longitude": -118.61176540232917, "State": "Burning" }, "geometry": { "type": "Point", "coordinates": [ -118.611765402329169, 34.075341183673466 ] } },
{ "type": "Feature", "properties": { "TimeStep": 2, "Latitude": 34.063504448979586, "Longitude": -118.60462046744306, "State": "Burning" }, "geometry": { "type": "Point", "coordinates": [ -118.604620467443056, 34.063504448979586 ] } },
{ "type": "Feature", "properties": { "TimeStep": 2, "Latitude": 34.063504448979586, "Longitude": -118.59747553255696, "State": "Burning" }, "geometry": { "type": "Point", "coordinates": [ -118.597475532556956, 34.063504448979586 ] } },
{ "type": "Feature", "properties": { "TimeStep": 2, "Latitude": 34.063504448979586, "Longitude": -118.59033059767084, "State": "Burning" }, "geometry": { "type": "Point", "coordinates": [ -118.590330597670842, 34.063504448979586 ] } },
{ "type": "Feature", "properties": { "TimeStep": 2, "Latitude": 34.063504448979586, "Longitude": -118.59747553255696, "State": "Burning" }, "geometry": { "type": "Point", "coordinates": [ -118.597475532556956, 34.063504448979586 ] } },
{ "type": "Feature", "properties": { "TimeStep": 2, "Latitude": 34.063504448979586, "Longitude": -118.59033059767084, "State": "Burning" }, "geometry": { "type": "Point", "coordinates": [ -118.590330597670842, 34.063504448979586 ] } },
{ "type": "Feature", "properties": { "TimeStep": 2, "Latitude": 34.063504448979586, "Longitude": -118.58318566278474, "State": "Burning" }, "geometry": { "type": "Point", "coordinates": [ -118.583185662784743, 34.063504448979586 ] } },
{ "type": "Feature", "properties": { "TimeStep": 2, "Latitude": 34.075341183673466, "Longitude": -118.61176540232917, "State": "Burning" }, "geometry": { "type": "Point", "coordinates": [ -118.611765402329169, 34.075341183673466 ] } },
{ "type": "Feature", "properties": { "TimeStep": 2, "Latitude": 34.081259551020409, "Longitude": -118.61176540232917, "State": "Burning" }, "geometry": { "type": "Point", "coordinates": [ -118.611765402329169, 34.081259551020409 ] } },
{ "type": "Feature", "properties": { "TimeStep": 2, "Latitude": 34.081259551020409, "Longitude": -118.58318566278474, "State": "Burning" }, "geometry": { "type": "Point", "coordinates": [ -118.583185662784743, 34.081259551020409 ] } },
{ "type": "Feature", "properties": { "TimeStep": 2, "Latitude": 34.075341183673466, "Longitude": -118.61176540232917, "State": "Burning" }, "geometry": { "type": "Point", "coordinates": [ -118.611765402329169, 34.075341183673466 ] } },
{ "type": "Feature", "properties": { "TimeStep": 2, "Latitude": 34.081259551020409, "Longitude": -118.61176540232917, "State": "Burning" }, "geometry": { "type": "Point", "coordinates": [ -118.611765402329169, 34.081259551020409 ] } },
{ "type": "Feature", "properties": { "TimeStep": 2, "Latitude": 34.087177918367345, "Longitude": -118.61176540232917, "State": "Burning" }, "geometry": { "type": "Point", "coordinates": [ -118.611765402329169, 34.087177918367345 ] } },
{ "type": "Feature", "properties": { "TimeStep": 2, "Latitude": 34.087177918367345, "Longitude": -118.60462046744306, "State": "Burning" }, "geometry": { "type": "Point", "coordinates": [ -118.604620467443056, 34.087177918367345 ] } },
{ "type": "Feature", "properties": { "TimeStep": 2, "Latitude": 34.087177918367345, "Longitude": -118.59747553255696, "State": "Burning" }, "geometry": { "type": "Point", "coordinates": [ -118.597475532556956, 34.087177918367345 ] } },
{ "type": "Feature", "properties": { "TimeStep": 2, "Latitude": 34.081259551020409, "Longitude": -118.58318566278474, "State": "Burning" }, "geometry": { "type": "Point", "coordinates": [ -118.583185662784743, 34.081259551020409 ] } },
{ "type": "Feature", "properties": { "TimeStep": 2, "Latitude": 34.087177918367345, "Longitude": -118.59747553255696, "State": "Burning" }, "geometry": { "type": "Point", "coordinates": [ -118.597475532556956, 34.087177918367345 ] } },
{ "type": "Feature", "properties": { "TimeStep": 3, "Latitude": 34.05758608163265, "Longitude": -118.61176540232917, "State": "Burning" }, "geometry": { "type": "Point", "coordinates": [ -118.611765402329169, 34.05758608163265 ] } },
{ "type": "Feature", "properties": { "TimeStep": 3, "Latitude": 34.05758608163265, "Longitude": -118.60462046744306, "State": "Burning" }, "geometry": { "type": "Point", "coordinates": [ -118.604620467443056, 34.05758608163265 ] } },
{ "type": "Feature", "properties": { "TimeStep": 3, "Latitude": 34.05758608163265, "Longitude": -118.59747553255696, "State": "Burning" }, "geometry": { "type": "Point", "coordinates": [ -118.597475532556956, 34.05758608163265 ] } },
{ "type": "Feature", "properties": { "TimeStep": 3, "Latitude": 34.05758608163265, "Longitude": -118.60462046744306, "State": "Burning" }, "geometry": { "type": "Point", "coordinates": [ -118.604620467443056, 34.05758608163265 ] } },
{ "type": "Feature", "properties": { "TimeStep": 3, "Latitude": 34.05758608163265, "Longitude": -118.59747553255696, "State": "Burning" }, "geometry": { "type": "Point", "coordinates": [ -118.597475532556956, 34.05758608163265 ] } },
{ "type": "Feature", "properties": { "TimeStep": 3, "Latitude": 34.05758608163265, "Longitude": -118.59033059767084, "State": "Burning" }, "geometry": { "type": "Point", "coordinates": [ -118.590330597670842, 34.05758608163265 ] } },
{ "type": "Feature", "properties": { "TimeStep": 3, "Latitude": 34.05758608163265, "Longitude": -118.59747553255696, "State": "Burning" }, "geometry": { "type": "Point", "coordinates": [ -118.597475532556956, 34.05758608163265 ] } },
{ "type": "Feature", "properties": { "TimeStep": 3, "Latitude": 34.05758608163265, "Longitude": -118.59033059767084, "State": "Burning" }, "geometry": { "type": "Point", "coordinates": [ -118.590330597670842, 34.05758608163265 ] } },
{ "type": "Feature", "properties": { "TimeStep": 3, "Latitude": 34.05758608163265, "Longitude": -118.58318566278474, "State": "Burning" }, "geometry": { "type": "Point", "coordinates": [ -118.583185662784743, 34.05758608163265 ] } },
{ "type": "Feature", "properties": { "TimeStep": 3, "Latitude": 34.05758608163265, "Longitude": -118.59033059767084, "State": "Burning" }, "geometry": { "type": "Point", "coordinates": [ -118.590330597670842, 34.05758608163265 ] } },
{ "type": "Feature", "properties": { "TimeStep": 3, "Latitude": 34.05758608163265, "Longitude": -118.58318566278474, "State": "Burning" }, "geometry": { "type": "Point", "coordinates": [ -118.583185662784743, 34.05758608163265 ] } },
{ "type": "Feature", "properties": { "TimeStep": 3, "Latitude": 34.05758608163265, "Longitude": -118.57604072789864, "State": "Burning" }, "geometry": { "type": "Point", "coordinates": [ -118.576040727898643, 34.05758608163265 ] } },
{ "type": "Feature", "properties": { "TimeStep": 3, "Latitude": 34.063504448979586, "Longitude": -118.57604072789864, "State": "Burning" }, "geometry": { "type": "Point", "coordinates": [ -118.576040727898643, 34.063504448979586 ] } },
{ "type": "Feature", "properties": { "TimeStep": 3, "Latitude": 34.075341183673466, "Longitude": -118.61891033721527, "State": "Burning" }, "geometry": { "type": "Point", "coordinates": [ -118.618910337215269, 34.075341183673466 ] } },
{ "type": "Feature", "properties": { "TimeStep": 3, "Latitude": 34.075341183673466, "Longitude": -118.61891033721527, "State": "Burning" }, "geometry": { "type": "Point", "coordinates": [ -118.618910337215269, 34.075341183673466 ] } },
{ "type": "Feature", "properties": { "TimeStep": 3, "Latitude": 34.087177918367345, "Longitude": -118.61891033721527, "State": "Burning" }, "geometry": { "type": "Point", "coordinates": [ -118.618910337215269, 34.087177918367345 ] } },
{ "type": "Feature", "properties": { "TimeStep": 3, "Latitude": 34.075341183673466, "Longitude": -118.57604072789864, "State": "Burning" }, "geometry": { "type": "Point", "coordinates": [ -118.576040727898643, 34.075341183673466 ] } },
{ "type": "Feature", "properties": { "TimeStep": 3, "Latitude": 34.081259551020409, "Longitude": -118.57604072789864, "State": "Burning" }, "geometry": { "type": "Point", "coordinates": [ -118.576040727898643, 34.081259551020409 ] } },
{ "type": "Feature", "properties": { "TimeStep": 3, "Latitude": 34.087177918367345, "Longitude": -118.57604072789864, "State": "Burning" }, "geometry": { "type": "Point", "coordinates": [ -118.576040727898643, 34.087177918367345 ] } },
{ "type": "Feature", "properties": { "TimeStep": 3, "Latitude": 34.087177918367345, "Longitude": -118.61891033721527, "State": "Burning" }, "geometry": { "type": "Point", "coordinates": [ -118.618910337215269, 34.087177918367345 ] } },
{ "type": "Feature", "properties": { "TimeStep": 3, "Latitude": 34.093096285714282, "Longitude": -118.61176540232917, "State": "Burning" }, "geometry": { "type": "Point", "coordinates": [ -118.611765402329169, 34.093096285714282 ] } },
{ "type": "Feature", "properties": { "TimeStep": 3, "Latitude": 34.093096285714282, "Longitude": -118.61176540232917, "State": "Burning" }, "geometry": { "type": "Point", "coordinates": [ -118.611765402329169, 34.093096285714282 ] } },
{ "type": "Feature", "properties": { "TimeStep": 3, "Latitude": 34.093096285714282, "Longitude": -118.59747553255696, "State": "Burning" }, "geometry": { "type": "Point", "coordinates": [ -118.597475532556956, 34.093096285714282 ] } },
{ "type": "Feature", "properties": { "TimeStep": 3, "Latitude": 34.093096285714282, "Longitude": -118.59747553255696, "State": "Burning" }, "geometry": { "type": "Point", "coordinates": [ -118.597475532556956, 34.093096285714282 ] } },
{ "type": "Feature", "properties": { "TimeStep": 3, "Latitude": 34.093096285714282, "Longitude": -118.59033059767084, "State": "Burning" }, "geometry": { "type": "Point", "coordinates": [ -118.590330597670842, 34.093096285714282 ] } },
{ "type": "Feature", "properties": { "TimeStep": 4, "Latitude": 34.051667714285713, "Longitude": -118.61891033721527, "State": "Burning" }, "geometry": { "type": "Point", "coordinates": [ -118.618910337215269, 34.051667714285713 ] } },
{ "type": "Feature", "properties": { "TimeStep": 4, "Latitude": 34.051667714285713, "Longitude": -118.61176540232917, "State": "Burning" }, "geometry": { "type": "Point", "coordinates": [ -118.611765402329169, 34.051667714285713 ] } },
{ "type": "Feature", "properties": { "TimeStep": 4, "Latitude": 34.051667714285713, "Longitude": -118.60462046744306, "State": "Burning" }, "geometry": { "type": "Point", "coordinates": [ -118.604620467443056, 34.051667714285713 ] } },
{ "type": "Feature", "properties": { "TimeStep": 4, "Latitude": 34.05758608163265, "Longitude": -118.61891033721527, "State": "Burning" }, "geometry": { "type": "Point", "coordinates": [ -118.618910337215269, 34.05758608163265 ] } },
{ "type": "Feature", "properties": { "TimeStep": 4, "Latitude": 34.063504448979586, "Longitude": -118.61891033721527, "State": "Burning" }, "geometry": { "type": "Point", "coordinates": [ -118.618910337215269, 34.063504448979586 ] } },
{ "type": "Feature", "properties": { "TimeStep": 4, "Latitude": 34.051667714285713, "Longitude": -118.61176540232917, "State": "Burning" }, "geometry": { "type": "Point", "coordinates": [ -118.611765402329169, 34.051667714285713 ] } },
{ "type": "Feature", "properties": { "TimeStep": 4, "Latitude": 34.051667714285713, "Longitude": -118.60462046744306, "State": "Burning" }, "geometry": { "type": "Point", "coordinates": [ -118.604620467443056, 34.051667714285713 ] } },
{ "type": "Feature", "properties": { "TimeStep": 4, "Latitude": 34.051667714285713, "Longitude": -118.60462046744306, "State": "Burning" }, "geometry": { "type": "Point", "coordinates": [ -118.604620467443056, 34.051667714285713 ] } },
{ "type": "Feature", "properties": { "TimeStep": 4, "Latitude": 34.051667714285713, "Longitude": -118.59033059767084, "State": "Burning" }, "geometry": { "type": "Point", "coordinates": [ -118.590330597670842, 34.051667714285713 ] } },
{ "type": "Feature", "properties": { "TimeStep": 4, "Latitude": 34.051667714285713, "Longitude": -118.59033059767084, "State": "Burning" }, "geometry": { "type": "Point", "coordinates": [ -118.590330597670842, 34.051667714285713 ] } },
{ "type": "Feature", "properties": { "TimeStep": 4, "Latitude": 34.051667714285713, "Longitude": -118.58318566278474, "State": "Burning" }, "geometry": { "type": "Point", "coordinates": [ -118.583185662784743, 34.051667714285713 ] } },
{ "type": "Feature", "properties": { "TimeStep": 4, "Latitude": 34.051667714285713, "Longitude": -118.59033059767084, "State": "Burning" }, "geometry": { "type": "Point", "coordinates": [ -118.590330597670842, 34.051667714285713 ] } },
{ "type": "Feature", "properties": { "TimeStep": 4, "Latitude": 34.051667714285713, "Longitude": -118.58318566278474, "State": "Burning" }, "geometry": { "type": "Point", "coordinates": [ -118.583185662784743, 34.051667714285713 ] } },
{ "type": "Feature", "properties": { "TimeStep": 4, "Latitude": 34.051667714285713, "Longitude": -118.58318566278474, "State": "Burning" }, "geometry": { "type": "Point", "coordinates": [ -118.583185662784743, 34.051667714285713 ] } },
{ "type": "Feature", "properties": { "TimeStep": 4, "Latitude": 34.063504448979586, "Longitude": -118.56889579301253, "State": "Burning" }, "geometry": { "type": "Point", "coordinates": [ -118.56889579301253, 34.063504448979586 ] } },
{ "type": "Feature", "properties": { "TimeStep": 4, "Latitude": 34.063504448979586, "Longitude": -118.56889579301253, "State": "Burning" }, "geometry": { "type": "Point", "coordinates": [ -118.56889579301253, 34.063504448979586 ] } },
{ "type": "Feature", "properties": { "TimeStep": 4, "Latitude": 34.069422816326529, "Longitude": -118.56889579301253, "State": "Burning" }, "geometry": { "type": "Point", "coordinates": [ -118.56889579301253, 34.069422816326529 ] } },
{ "type": "Feature", "properties": { "TimeStep": 4, "Latitude": 34.069422816326529, "Longitude": -118.62605527210137, "State": "Burning" }, "geometry": { "type": "Point", "coordinates": [ -118.626055272101368, 34.069422816326529 ] } },
{ "type": "Feature", "properties": { "TimeStep": 4, "Latitude": 34.075341183673466, "Longitude": -118.62605527210137, "State": "Burning" }, "geometry": { "type": "Point", "coordinates": [ -118.626055272101368, 34.075341183673466 ] } },
{ "type": "Feature", "properties": { "TimeStep": 4, "Latitude": 34.081259551020409, "Longitude": -118.62605527210137, "State": "Burning" }, "geometry": { "type": "Point", "coordinates": [ -118.626055272101368, 34.081259551020409 ] } },
{ "type": "Feature", "properties": { "TimeStep": 4, "Latitude": 34.069422816326529, "Longitude": -118.56889579301253, "State": "Burning" }, "geometry": { "type": "Point", "coordinates": [ -118.56889579301253, 34.069422816326529 ] } },
{ "type": "Feature", "properties": { "TimeStep": 4, "Latitude": 34.075341183673466, "Longitude": -118.56889579301253, "State": "Burning" }, "geometry": { "type": "Point", "coordinates": [ -118.56889579301253, 34.075341183673466 ] } },
{ "type": "Feature", "properties": { "TimeStep": 4, "Latitude": 34.075341183673466, "Longitude": -118.56889579301253, "State": "Burning" }, "geometry": { "type": "Point", "coordinates": [ -118.56889579301253, 34.075341183673466 ] } },
{ "type": "Feature", "properties": { "TimeStep": 4, "Latitude": 34.081259551020409, "Longitude": -118.62605527210137, "State": "Burning" }, "geometry": { "type": "Point", "coordinates": [ -118.626055272101368, 34.081259551020409 ] } },
{ "type": "Feature", "properties": { "TimeStep": 4, "Latitude": 34.087177918367345, "Longitude": -118.62605527210137, "State": "Burning" }, "geometry": { "type": "Point", "coordinates": [ -118.626055272101368, 34.087177918367345 ] } },
{ "type": "Feature", "properties": { "TimeStep": 4, "Latitude": 34.093096285714282, "Longitude": -118.58318566278474, "State": "Burning" }, "geometry": { "type": "Point", "coordinates": [ -118.583185662784743, 34.093096285714282 ] } },
{ "type": "Feature", "properties": { "TimeStep": 4, "Latitude": 34.093096285714282, "Longitude": -118.56889579301253, "State": "Burning" }, "geometry": { "type": "Point", "coordinates": [ -118.56889579301253, 34.093096285714282 ] } },
{ "type": "Feature", "properties": { "TimeStep": 4, "Latitude": 34.099014653061225, "Longitude": -118.61891033721527, "State": "Burning" }, "geometry": { "type": "Point", "coordinates": [ -118.618910337215269, 34.099014653061225 ] } },
{ "type": "Feature", "properties": { "TimeStep": 4, "Latitude": 34.099014653061225, "Longitude": -118.61176540232917, "State": "Burning" }, "geometry": { "type": "Point", "coordinates": [ -118.611765402329169, 34.099014653061225 ] } },
{ "type": "Feature", "properties": { "TimeStep": 4, "Latitude": 34.099014653061225, "Longitude": -118.59747553255696, "State": "Burning" }, "geometry": { "type": "Point", "coordinates": [ -118.597475532556956, 34.099014653061225 ] } },
{ "type": "Feature", "properties": { "TimeStep": 4, "Latitude": 34.099014653061225, "Longitude": -118.59033059767084, "State": "Burning" }, "geometry": { "type": "Point", "coordinates": [ -118.590330597670842, 34.099014653061225 ] } },
{ "type": "Feature", "properties": { "TimeStep": 4, "Latitude": 34.093096285714282, "Longitude": -118.58318566278474, "State": "Burning" }, "geometry": { "type": "Point", "coordinates": [ -118.583185662784743, 34.093096285714282 ] } },
{ "type": "Feature", "properties": { "TimeStep": 4, "Latitude": 34.099014653061225, "Longitude": -118.59747553255696, "State": "Burning" }, "geometry": { "type": "Point", "coordinates": [ -118.597475532556956, 34.099014653061225 ] } },
{ "type": "Feature", "properties": { "TimeStep": 4, "Latitude": 34.099014653061225, "Longitude": -118.59033059767084, "State": "Burning" }, "geometry": { "type": "Point", "coordinates": [ -118.590330597670842, 34.099014653061225 ] } },
{ "type": "Feature", "properties": { "TimeStep": 4, "Latitude": 34.099014653061225, "Longitude": -118.58318566278474, "State": "Burning" }, "geometry": { "type": "Point", "coordinates": [ -118.583185662784743, 34.099014653061225 ] } },
{ "type": "Feature", "properties": { "TimeStep": 5, "Latitude": 34.04574934693877, "Longitude": -118.62605527210137, "State": "Burning" }, "geometry": { "type": "Point", "coordinates": [ -118.626055272101368, 34.04574934693877 ] } },
{ "type": "Feature", "properties": { "TimeStep": 5, "Latitude": 34.04574934693877, "Longitude": -118.61891033721527, "State": "Burning" }, "geometry": { "type": "Point", "coordinates": [ -118.618910337215269, 34.04574934693877 ] } },
{ "type": "Feature", "properties": { "TimeStep": 5, "Latitude": 34.04574934693877, "Longitude": -118.61176540232917, "State": "Burning" }, "geometry": { "type": "Point", "coordinates": [ -118.611765402329169, 34.04574934693877 ] } },
{ "type": "Feature", "properties": { "TimeStep": 5, "Latitude": 34.051667714285713, "Longitude": -118.62605527210137, "State": "Burning" }, "geometry": { "type": "Point", "coordinates": [ -118.626055272101368, 34.051667714285713 ] } },
{ "type": "Feature", "properties": { "TimeStep": 5, "Latitude": 34.05758608163265, "Longitude": -118.62605527210137, "State": "Burning" }, "geometry": { "type": "Point", "coordinates": [ -118.626055272101368, 34.05758608163265 ] } },
{ "type": "Feature", "properties": { "TimeStep": 5, "Latitude": 34.04574934693877, "Longitude": -118.61891033721527, "State": "Burning" }, "geometry": { "type": "Point", "coordinates": [ -118.618910337215269, 34.04574934693877 ] } },
{ "type": "Feature", "properties": { "TimeStep": 5, "Latitude": 34.04574934693877, "Longitude": -118.61176540232917, "State": "Burning" }, "geometry": { "type": "Point", "coordinates": [ -118.611765402329169, 34.04574934693877 ] } },
{ "type": "Feature", "properties": { "TimeStep": 5, "Latitude": 34.04574934693877, "Longitude": -118.60462046744306, "State": "Burning" }, "geometry": { "type": "Point", "coordinates": [ -118.604620467443056, 34.04574934693877 ] } },
{ "type": "Feature", "properties": { "TimeStep": 5, "Latitude": 34.04574934693877, "Longitude": -118.61176540232917, "State": "Burning" }, "geometry": { "type": "Point", "coordinates": [ -118.611765402329169, 34.04574934693877 ] } },
{ "type": "Feature", "properties": { "TimeStep": 5, "Latitude": 34.04574934693877, "Longitude": -118.60462046744306, "State": "Burning" }, "geometry": { "type": "Point", "coordinates": [ -118.604620467443056, 34.04574934693877 ] } },
{ "type": "Feature", "properties": { "TimeStep": 5, "Latitude": 34.04574934693877, "Longitude": -118.59747553255696, "State": "Burning" }, "geometry": { "type": "Point", "coordinates": [ -118.597475532556956, 34.04574934693877 ] } },
{ "type": "Feature", "properties": { "TimeStep": 5, "Latitude": 34.04574934693877, "Longitude": -118.59747553255696, "State": "Burning" }, "geometry": { "type": "Point", "coordinates": [ -118.597475532556956, 34.04574934693877 ] } },
{ "type": "Feature", "properties": { "TimeStep": 5, "Latitude": 34.04574934693877, "Longitude": -118.58318566278474, "State": "Burning" }, "geometry": { "type": "Point", "coordinates": [ -118.583185662784743, 34.04574934693877 ] } },
{ "type": "Feature", "properties": { "TimeStep": 5, "Latitude": 34.04574934693877, "Longitude": -118.58318566278474, "State": "Burning" }, "geometry": { "type": "Point", "coordinates": [ -118.583185662784743, 34.04574934693877 ] } },
{ "type": "Feature", "properties": { "TimeStep": 5, "Latitude": 34.04574934693877, "Longitude": -118.57604072789864, "State": "Burning" }, "geometry": { "type": "Point", "coordinates": [ -118.576040727898643, 34.04574934693877 ] } },
{ "type": "Feature", "properties": { "TimeStep": 5, "Latitude": 34.051667714285713, "Longitude": -118.62605527210137, "State": "Burning" }, "geometry": { "type": "Point", "coordinates": [ -118.626055272101368, 34.051667714285713 ] } },
{ "type": "Feature", "properties": { "TimeStep": 5, "Latitude": 34.05758608163265, "Longitude": -118.62605527210137, "State": "Burning" }, "geometry": { "type": "Point", "coordinates": [ -118.626055272101368, 34.05758608163265 ] } },
{ "type": "Feature", "properties": { "TimeStep": 5, "Latitude": 34.063504448979586, "Longitude": -118.62605527210137, "State": "Burning" }, "geometry": { "type": "Point", "coordinates": [ -118.626055272101368, 34.063504448979586 ] } },
{ "type": "Feature", "properties": { "TimeStep": 5, "Latitude": 34.05758608163265, "Longitude": -118.62605527210137, "State": "Burning" }, "geometry": { "type": "Point", "coordinates": [ -118.626055272101368, 34.05758608163265 ] } },
{ "type": "Feature", "properties": { "TimeStep": 5, "Latitude": 34.063504448979586, "Longitude": -118.62605527210137, "State": "Burning" }, "geometry": { "type": "Point", "coordinates": [ -118.626055272101368, 34.063504448979586 ] } },
{ "type": "Feature", "properties": { "TimeStep": 5, "Latitude": 34.069422816326529, "Longitude": -118.56175085812643, "State": "Burning" }, "geometry": { "type": "Point", "coordinates": [ -118.56175085812643, 34.069422816326529 ] } },
{ "type": "Feature", "properties": { "TimeStep": 5, "Latitude": 34.063504448979586, "Longitude": -118.63320020698748, "State": "Burning" }, "geometry": { "type": "Point", "coordinates": [ -118.633200206987482, 34.063504448979586 ] } },
{ "type": "Feature", "properties": { "TimeStep": 5, "Latitude": 34.063504448979586, "Longitude": -118.62605527210137, "State": "Burning" }, "geometry": { "type": "Point", "coordinates": [ -118.626055272101368, 34.063504448979586 ] } },
{ "type": "Feature", "properties": { "TimeStep": 5, "Latitude": 34.069422816326529, "Longitude": -118.63320020698748, "State": "Burning" }, "geometry": { "type": "Point", "coordinates": [ -118.633200206987482, 34.069422816326529 ] } },
{ "type": "Feature", "properties": { "TimeStep": 5, "Latitude": 34.075341183673466, "Longitude": -118.63320020698748, "State": "Burning" }, "geometry": { "type": "Point", "coordinates": [ -118.633200206987482, 34.075341183673466 ] } },
{ "type": "Feature", "properties": { "TimeStep": 5, "Latitude": 34.069422816326529, "Longitude": -118.56175085812643, "State": "Burning" }, "geometry": { "type": "Point", "coordinates": [ -118.56175085812643, 34.069422816326529 ] } },
{ "type": "Feature", "properties": { "TimeStep": 5, "Latitude": 34.075341183673466, "Longitude": -118.56175085812643, "State": "Burning" }, "geometry": { "type": "Point", "coordinates": [ -118.56175085812643, 34.075341183673466 ] } },
{ "type": "Feature", "properties": { "TimeStep": 5, "Latitude": 34.069422816326529, "Longitude": -118.63320020698748, "State": "Burning" }, "geometry": { "type": "Point", "coordinates": [ -118.633200206987482, 34.069422816326529 ] } },
{ "type": "Feature", "properties": { "TimeStep": 5, "Latitude": 34.075341183673466, "Longitude": -118.63320020698748, "State": "Burning" }, "geometry": { "type": "Point", "coordinates": [ -118.633200206987482, 34.075341183673466 ] } },
{ "type": "Feature", "properties": { "TimeStep": 5, "Latitude": 34.069422816326529, "Longitude": -118.56175085812643, "State": "Burning" }, "geometry": { "type": "Point", "coordinates": [ -118.56175085812643, 34.069422816326529 ] } },
{ "type": "Feature", "properties": { "TimeStep": 5, "Latitude": 34.075341183673466, "Longitude": -118.56175085812643, "State": "Burning" }, "geometry": { "type": "Point", "coordinates": [ -118.56175085812643, 34.075341183673466 ] } },
{ "type": "Feature", "properties": { "TimeStep": 5, "Latitude": 34.081259551020409, "Longitude": -118.56175085812643, "State": "Burning" }, "geometry": { "type": "Point", "coordinates": [ -118.56175085812643, 34.081259551020409 ] } },
{ "type": "Feature", "properties": { "TimeStep": 5, "Latitude": 34.075341183673466, "Longitude": -118.63320020698748, "State": "Burning" }, "geometry": { "type": "Point", "coordinates": [ -118.633200206987482, 34.075341183673466 ] } },
{ "type": "Feature", "properties": { "TimeStep": 5, "Latitude": 34.093096285714282, "Longitude": -118.63320020698748, "State": "Burning" }, "geometry": { "type": "Point", "coordinates": [ -118.633200206987482, 34.093096285714282 ] } },
{ "type": "Feature", "properties": { "TimeStep": 5, "Latitude": 34.087177918367345, "Longitude": -118.56175085812643, "State": "Burning" }, "geometry": { "type": "Point", "coordinates": [ -118.56175085812643, 34.087177918367345 ] } },
{ "type": "Feature", "properties": { "TimeStep": 5, "Latitude": 34.093096285714282, "Longitude": -118.56175085812643, "State": "Burning" }, "geometry": { "type": "Point", "coordinates": [ -118.56175085812643, 34.093096285714282 ] } },
{ "type": "Feature", "properties": { "TimeStep": 5, "Latitude": 34.099014653061225, "Longitude": -118.56889579301253, "State": "Burning" }, "geometry": { "type": "Point", "coordinates": [ -118.56889579301253, 34.099014653061225 ] } },
{ "type": "Feature", "properties": { "TimeStep": 5, "Latitude": 34.104933020408161, "Longitude": -118.61891033721527, "State": "Burning" }, "geometry": { "type": "Point", "coordinates": [ -118.618910337215269, 34.104933020408161 ] } },
{ "type": "Feature", "properties": { "TimeStep": 5, "Latitude": 34.104933020408161, "Longitude": -118.61176540232917, "State": "Burning" }, "geometry": { "type": "Point", "coordinates": [ -118.611765402329169, 34.104933020408161 ] } },
{ "type": "Feature", "properties": { "TimeStep": 5, "Latitude": 34.104933020408161, "Longitude": -118.61891033721527, "State": "Burning" }, "geometry": { "type": "Point", "coordinates": [ -118.618910337215269, 34.104933020408161 ] } },
{ "type": "Feature", "properties": { "TimeStep": 5, "Latitude": 34.104933020408161, "Longitude": -118.61176540232917, "State": "Burning" }, "geometry": { "type": "Point", "coordinates": [ -118.611765402329169, 34.104933020408161 ] } },
{ "type": "Feature", "properties": { "TimeStep": 5, "Latitude": 34.104933020408161, "Longitude": -118.59033059767084, "State": "Burning" }, "geometry": { "type": "Point", "coordinates": [ -118.590330597670842, 34.104933020408161 ] } },
{ "type": "Feature", "properties": { "TimeStep": 5, "Latitude": 34.104933020408161, "Longitude": -118.59033059767084, "State": "Burning" }, "geometry": { "type": "Point", "coordinates": [ -118.590330597670842, 34.104933020408161 ] } },
{ "type": "Feature", "properties": { "TimeStep": 5, "Latitude": 34.104933020408161, "Longitude": -118.58318566278474, "State": "Burning" }, "geometry": { "type": "Point", "coordinates": [ -118.583185662784743, 34.104933020408161 ] } },
{ "type": "Feature", "properties": { "TimeStep": 5, "Latitude": 34.104933020408161, "Longitude": -118.59033059767084, "State": "Burning" }, "geometry": { "type": "Point", "coordinates": [ -118.590330597670842, 34.104933020408161 ] } },
{ "type": "Feature", "properties": { "TimeStep": 5, "Latitude": 34.104933020408161, "Longitude": -118.58318566278474, "State": "Burning" }, "geometry": { "type": "Point", "coordinates": [ -118.583185662784743, 34.104933020408161 ] } },
{ "type": "Feature", "properties": { "TimeStep": 6, "Latitude": 34.039830979591834, "Longitude": -118.63320020698748, "State": "Burning" }, "geometry": { "type": "Point", "coordinates": [ -118.633200206987482, 34.039830979591834 ] } },
{ "type": "Feature", "properties": { "TimeStep": 6, "Latitude": 34.039830979591834, "Longitude": -118.62605527210137, "State": "Burning" }, "geometry": { "type": "Point", "coordinates": [ -118.626055272101368, 34.039830979591834 ] } },
{ "type": "Feature", "properties": { "TimeStep": 6, "Latitude": 34.04574934693877, "Longitude": -118.63320020698748, "State": "Burning" }, "geometry": { "type": "Point", "coordinates": [ -118.633200206987482, 34.04574934693877 ] } },
{ "type": "Feature", "properties": { "TimeStep": 6, "Latitude": 34.039830979591834, "Longitude": -118.62605527210137, "State": "Burning" }, "geometry": { "type": "Point", "coordinates": [ -118.626055272101368, 34.039830979591834 ] } },
{ "type": "Feature", "properties": { "TimeStep": 6, "Latitude": 34.039830979591834, "Longitude": -118.61176540232917, "State": "Burning" }, "geometry": { "type": "Point", "coordinates": [ -118.611765402329169, 34.039830979591834 ] } },
{ "type": "Feature", "properties": { "TimeStep": 6, "Latitude": 34.039830979591834, "Longitude": -118.61176540232917, "State": "Burning" }, "geometry": { "type": "Point", "coordinates": [ -118.611765402329169, 34.039830979591834 ] } },
{ "type": "Feature", "properties": { "TimeStep": 6, "Latitude": 34.039830979591834, "Longitude": -118.61176540232917, "State": "Burning" }, "geometry": { "type": "Point", "coordinates": [ -118.611765402329169, 34.039830979591834 ] } },
{ "type": "Feature", "properties": { "TimeStep": 6, "Latitude": 34.039830979591834, "Longitude": -118.59033059767084, "State": "Burning" }, "geometry": { "type": "Point", "coordinates": [ -118.590330597670842, 34.039830979591834 ] } },
{ "type": "Feature", "properties": { "TimeStep": 6, "Latitude": 34.039830979591834, "Longitude": -118.59033059767084, "State": "Burning" }, "geometry": { "type": "Point", "coordinates": [ -118.590330597670842, 34.039830979591834 ] } },
{ "type": "Feature", "properties": { "TimeStep": 6, "Latitude": 34.039830979591834, "Longitude": -118.56889579301253, "State": "Burning" }, "geometry": { "type": "Point", "coordinates": [ -118.56889579301253, 34.039830979591834 ] } },
{ "type": "Feature", "properties": { "TimeStep": 6, "Latitude": 34.04574934693877, "Longitude": -118.56889579301253, "State": "Burning" }, "geometry": { "type": "Point", "coordinates": [ -118.56889579301253, 34.04574934693877 ] } },
{ "type": "Feature", "properties": { "TimeStep": 6, "Latitude": 34.04574934693877, "Longitude": -118.63320020698748, "State": "Burning" }, "geometry": { "type": "Point", "coordinates": [ -118.633200206987482, 34.04574934693877 ] } },
{ "type": "Feature", "properties": { "TimeStep": 6, "Latitude": 34.05758608163265, "Longitude": -118.63320020698748, "State": "Burning" }, "geometry": { "type": "Point", "coordinates": [ -118.633200206987482, 34.05758608163265 ] } },
{ "type": "Feature", "properties": { "TimeStep": 6, "Latitude": 34.05758608163265, "Longitude": -118.63320020698748, "State": "Burning" }, "geometry": { "type": "Point", "coordinates": [ -118.633200206987482, 34.05758608163265 ] } },
{ "type": "Feature", "properties": { "TimeStep": 6, "Latitude": 34.05758608163265, "Longitude": -118.64034514187358, "State": "Burning" }, "geometry": { "type": "Point", "coordinates": [ -118.640345141873581, 34.05758608163265 ] } },
{ "type": "Feature", "properties": { "TimeStep": 6, "Latitude": 34.05758608163265, "Longitude": -118.63320020698748, "State": "Burning" }, "geometry": { "type": "Point", "coordinates": [ -118.633200206987482, 34.05758608163265 ] } },
{ "type": "Feature", "properties": { "TimeStep": 6, "Latitude": 34.063504448979586, "Longitude": -118.64034514187358, "State": "Burning" }, "geometry": { "type": "Point", "coordinates": [ -118.640345141873581, 34.063504448979586 ] } },
{ "type": "Feature", "properties": { "TimeStep": 6, "Latitude": 34.069422816326529, "Longitude": -118.64034514187358, "State": "Burning" }, "geometry": { "type": "Point", "coordinates": [ -118.640345141873581, 34.069422816326529 ] } },
{ "type": "Feature", "properties": { "TimeStep": 6, "Latitude": 34.05758608163265, "Longitude": -118.63320020698748, "State": "Burning" }, "geometry": { "type": "Point", "coordinates": [ -118.633200206987482, 34.05758608163265 ] } },
{ "type": "Feature", "properties": { "TimeStep": 6, "Latitude": 34.063504448979586, "Longitude": -118.64034514187358, "State": "Burning" }, "geometry": { "type": "Point", "coordinates": [ -118.640345141873581, 34.063504448979586 ] } },
{ "type": "Feature", "properties": { "TimeStep": 6, "Latitude": 34.069422816326529, "Longitude": -118.64034514187358, "State": "Burning" }, "geometry": { "type": "Point", "coordinates": [ -118.640345141873581, 34.069422816326529 ] } },
{ "type": "Feature", "properties": { "TimeStep": 6, "Latitude": 34.063504448979586, "Longitude": -118.55460592324032, "State": "Burning" }, "geometry": { "type": "Point", "coordinates": [ -118.554605923240317, 34.063504448979586 ] } },
{ "type": "Feature", "properties": { "TimeStep": 6, "Latitude": 34.069422816326529, "Longitude": -118.64034514187358, "State": "Burning" }, "geometry": { "type": "Point", "coordinates": [ -118.640345141873581, 34.069422816326529 ] } },
{ "type": "Feature", "properties": { "TimeStep": 6, "Latitude": 34.081259551020409, "Longitude": -118.64034514187358, "State": "Burning" }, "geometry": { "type": "Point", "coordinates": [ -118.640345141873581, 34.081259551020409 ] } },
{ "type": "Feature", "properties": { "TimeStep": 6, "Latitude": 34.081259551020409, "Longitude": -118.55460592324032, "State": "Burning" }, "geometry": { "type": "Point", "coordinates": [ -118.554605923240317, 34.081259551020409 ] } },
{ "type": "Feature", "properties": { "TimeStep": 6, "Latitude": 34.081259551020409, "Longitude": -118.55460592324032, "State": "Burning" }, "geometry": { "type": "Point", "coordinates": [ -118.554605923240317, 34.081259551020409 ] } },
{ "type": "Feature", "properties": { "TimeStep": 6, "Latitude": 34.087177918367345, "Longitude": -118.55460592324032, "State": "Burning" }, "geometry": { "type": "Point", "coordinates": [ -118.554605923240317, 34.087177918367345 ] } },
{ "type": "Feature", "properties": { "TimeStep": 6, "Latitude": 34.081259551020409, "Longitude": -118.55460592324032, "State": "Burning" }, "geometry": { "type": "Point", "coordinates": [ -118.554605923240317, 34.081259551020409 ] } },
{ "type": "Feature", "properties": { "TimeStep": 6, "Latitude": 34.087177918367345, "Longitude": -118.55460592324032, "State": "Burning" }, "geometry": { "type": "Point", "coordinates": [ -118.554605923240317, 34.087177918367345 ] } },
{ "type": "Feature", "properties": { "TimeStep": 6, "Latitude": 34.093096285714282, "Longitude": -118.55460592324032, "State": "Burning" }, "geometry": { "type": "Point", "coordinates": [ -118.554605923240317, 34.093096285714282 ] } },
{ "type": "Feature", "properties": { "TimeStep": 6, "Latitude": 34.087177918367345, "Longitude": -118.64034514187358, "State": "Burning" }, "geometry": { "type": "Point", "coordinates": [ -118.640345141873581, 34.087177918367345 ] } },
{ "type": "Feature", "properties": { "TimeStep": 6, "Latitude": 34.093096285714282, "Longitude": -118.64034514187358, "State": "Burning" }, "geometry": { "type": "Point", "coordinates": [ -118.640345141873581, 34.093096285714282 ] } },
{ "type": "Feature", "properties": { "TimeStep": 6, "Latitude": 34.099014653061225, "Longitude": -118.64034514187358, "State": "Burning" }, "geometry": { "type": "Point", "coordinates": [ -118.640345141873581, 34.099014653061225 ] } },
{ "type": "Feature", "properties": { "TimeStep": 6, "Latitude": 34.099014653061225, "Longitude": -118.63320020698748, "State": "Burning" }, "geometry": { "type": "Point", "coordinates": [ -118.633200206987482, 34.099014653061225 ] } },
{ "type": "Feature", "properties": { "TimeStep": 6, "Latitude": 34.087177918367345, "Longitude": -118.55460592324032, "State": "Burning" }, "geometry": { "type": "Point", "coordinates": [ -118.554605923240317, 34.087177918367345 ] } },
{ "type": "Feature", "properties": { "TimeStep": 6, "Latitude": 34.093096285714282, "Longitude": -118.55460592324032, "State": "Burning" }, "geometry": { "type": "Point", "coordinates": [ -118.554605923240317, 34.093096285714282 ] } },
{ "type": "Feature", "properties": { "TimeStep": 6, "Latitude": 34.099014653061225, "Longitude": -118.55460592324032, "State": "Burning" }, "geometry": { "type": "Point", "coordinates": [ -118.554605923240317, 34.099014653061225 ] } },
{ "type": "Feature", "properties": { "TimeStep": 6, "Latitude": 34.104933020408161, "Longitude": -118.56889579301253, "State": "Burning" }, "geometry": { "type": "Point", "coordinates": [ -118.56889579301253, 34.104933020408161 ] } },
{ "type": "Feature", "properties": { "TimeStep": 6, "Latitude": 34.104933020408161, "Longitude": -118.56175085812643, "State": "Burning" }, "geometry": { "type": "Point", "coordinates": [ -118.56175085812643, 34.104933020408161 ] } },
{ "type": "Feature", "properties": { "TimeStep": 6, "Latitude": 34.110851387755098, "Longitude": -118.61891033721527, "State": "Burning" }, "geometry": { "type": "Point", "coordinates": [ -118.618910337215269, 34.110851387755098 ] } },
{ "type": "Feature", "properties": { "TimeStep": 6, "Latitude": 34.110851387755098, "Longitude": -118.61176540232917, "State": "Burning" }, "geometry": { "type": "Point", "coordinates": [ -118.611765402329169, 34.110851387755098 ] } },
{ "type": "Feature", "properties": { "TimeStep": 6, "Latitude": 34.110851387755098, "Longitude": -118.61891033721527, "State": "Burning" }, "geometry": { "type": "Point", "coordinates": [ -118.618910337215269, 34.110851387755098 ] } },
{ "type": "Feature", "properties": { "TimeStep": 6, "Latitude": 34.110851387755098, "Longitude": -118.61176540232917, "State": "Burning" }, "geometry": { "type": "Point", "coordinates": [ -118.611765402329169, 34.110851387755098 ] } },
{ "type": "Feature", "properties": { "TimeStep": 6, "Latitude": 34.110851387755098, "Longitude": -118.60462046744306, "State": "Burning" }, "geometry": { "type": "Point", "coordinates": [ -118.604620467443056, 34.110851387755098 ] } },
{ "type": "Feature", "properties": { "TimeStep": 6, "Latitude": 34.110851387755098, "Longitude": -118.59747553255696, "State": "Burning" }, "geometry": { "type": "Point", "coordinates": [ -118.597475532556956, 34.110851387755098 ] } },
{ "type": "Feature", "properties": { "TimeStep": 6, "Latitude": 34.110851387755098, "Longitude": -118.58318566278474, "State": "Burning" }, "geometry": { "type": "Point", "coordinates": [ -118.583185662784743, 34.110851387755098 ] } },
{ "type": "Feature", "properties": { "TimeStep": 6, "Latitude": 34.110851387755098, "Longitude": -118.58318566278474, "State": "Burning" }, "geometry": { "type": "Point", "coordinates": [ -118.583185662784743, 34.110851387755098 ] } },
{ "type": "Feature", "properties": { "TimeStep": 6, "Latitude": 34.110851387755098, "Longitude": -118.57604072789864, "State": "Burning" }, "geometry": { "type": "Point", "coordinates": [ -118.576040727898643, 34.110851387755098 ] } },
{ "type": "Feature", "properties": { "TimeStep": 7, "Latitude": 34.033912612244897, "Longitude": -118.62605527210137, "State": "Burning" }, "geometry": { "type": "Point", "coordinates": [ -118.626055272101368, 34.033912612244897 ] } },
{ "type": "Feature", "properties": { "TimeStep": 7, "Latitude": 34.04574934693877, "Longitude": -118.64034514187358, "State": "Burning" }, "geometry": { "type": "Point", "coordinates": [ -118.640345141873581, 34.04574934693877 ] } },
{ "type": "Feature", "properties": { "TimeStep": 7, "Latitude": 34.033912612244897, "Longitude": -118.62605527210137, "State": "Burning" }, "geometry": { "type": "Point", "coordinates": [ -118.626055272101368, 34.033912612244897 ] } },
{ "type": "Feature", "properties": { "TimeStep": 7, "Latitude": 34.033912612244897, "Longitude": -118.61891033721527, "State": "Burning" }, "geometry": { "type": "Point", "coordinates": [ -118.618910337215269, 34.033912612244897 ] } },
{ "type": "Feature", "properties": { "TimeStep": 7, "Latitude": 34.033912612244897, "Longitude": -118.61891033721527, "State": "Burning" }, "geometry": { "type": "Point", "coordinates": [ -118.618910337215269, 34.033912612244897 ] } },
{ "type": "Feature", "properties": { "TimeStep": 7, "Latitude": 34.033912612244897, "Longitude": -118.61176540232917, "State": "Burning" }, "geometry": { "type": "Point", "coordinates": [ -118.611765402329169, 34.033912612244897 ] } },
{ "type": "Feature", "properties": { "TimeStep": 7, "Latitude": 34.033912612244897, "Longitude": -118.60462046744306, "State": "Burning" }, "geometry": { "type": "Point", "coordinates": [ -118.604620467443056, 34.033912612244897 ] } },
{ "type": "Feature", "properties": { "TimeStep": 7, "Latitude": 34.033912612244897, "Longitude": -118.59747553255696, "State": "Burning" }, "geometry": { "type": "Point", "coordinates": [ -118.597475532556956, 34.033912612244897 ] } },
{ "type": "Feature", "properties": { "TimeStep": 7, "Latitude": 34.033912612244897, "Longitude": -118.58318566278474, "State": "Burning" }, "geometry": { "type": "Point", "coordinates": [ -118.583185662784743, 34.033912612244897 ] } },
{ "type": "Feature", "properties": { "TimeStep": 7, "Latitude": 34.033912612244897, "Longitude": -118.57604072789864, "State": "Burning" }, "geometry": { "type": "Point", "coordinates": [ -118.576040727898643, 34.033912612244897 ] } },
{ "type": "Feature", "properties": { "TimeStep": 7, "Latitude": 34.033912612244897, "Longitude": -118.56889579301253, "State": "Burning" }, "geometry": { "type": "Point", "coordinates": [ -118.56889579301253, 34.033912612244897 ] } },
{ "type": "Feature", "properties": { "TimeStep": 7, "Latitude": 34.033912612244897, "Longitude": -118.56175085812643, "State": "Burning" }, "geometry": { "type": "Point", "coordinates": [ -118.56175085812643, 34.033912612244897 ] } },
{ "type": "Feature", "properties": { "TimeStep": 7, "Latitude": 34.039830979591834, "Longitude": -118.56175085812643, "State": "Burning" }, "geometry": { "type": "Point", "coordinates": [ -118.56175085812643, 34.039830979591834 ] } },
{ "type": "Feature", "properties": { "TimeStep": 7, "Latitude": 34.04574934693877, "Longitude": -118.56175085812643, "State": "Burning" }, "geometry": { "type": "Point", "coordinates": [ -118.56175085812643, 34.04574934693877 ] } },
{ "type": "Feature", "properties": { "TimeStep": 7, "Latitude": 34.04574934693877, "Longitude": -118.64034514187358, "State": "Burning" }, "geometry": { "type": "Point", "coordinates": [ -118.640345141873581, 34.04574934693877 ] } },
{ "type": "Feature", "properties": { "TimeStep": 7, "Latitude": 34.051667714285713, "Longitude": -118.64034514187358, "State": "Burning" }, "geometry": { "type": "Point", "coordinates": [ -118.640345141873581, 34.051667714285713 ] } },
{ "type": "Feature", "properties": { "TimeStep": 7, "Latitude": 34.039830979591834, "Longitude": -118.56175085812643, "State": "Burning" }, "geometry": { "type": "Point", "coordinates": [ -118.56175085812643, 34.039830979591834 ] } },
{ "type": "Feature", "properties": { "TimeStep": 7, "Latitude": 34.04574934693877, "Longitude": -118.56175085812643, "State": "Burning" }, "geometry": { "type": "Point", "coordinates": [ -118.56175085812643, 34.04574934693877 ] } },
{ "type": "Feature", "properties": { "TimeStep": 7, "Latitude": 34.051667714285713, "Longitude": -118.56175085812643, "State": "Burning" }, "geometry": { "type": "Point", "coordinates": [ -118.56175085812643, 34.051667714285713 ] } },
{ "type": "Feature", "properties": { "TimeStep": 7, "Latitude": 34.051667714285713, "Longitude": -118.64034514187358, "State": "Burning" }, "geometry": { "type": "Point", "coordinates": [ -118.640345141873581, 34.051667714285713 ] } },
{ "type": "Feature", "properties": { "TimeStep": 7, "Latitude": 34.05758608163265, "Longitude": -118.64749007675969, "State": "Burning" }, "geometry": { "type": "Point", "coordinates": [ -118.647490076759695, 34.05758608163265 ] } },
{ "type": "Feature", "properties": { "TimeStep": 7, "Latitude": 34.063504448979586, "Longitude": -118.64749007675969, "State": "Burning" }, "geometry": { "type": "Point", "coordinates": [ -118.647490076759695, 34.063504448979586 ] } },
{ "type": "Feature", "properties": { "TimeStep": 7, "Latitude": 34.051667714285713, "Longitude": -118.64034514187358, "State": "Burning" }, "geometry": { "type": "Point", "coordinates": [ -118.640345141873581, 34.051667714285713 ] } },
{ "type": "Feature", "properties": { "TimeStep": 7, "Latitude": 34.05758608163265, "Longitude": -118.64749007675969, "State": "Burning" }, "geometry": { "type": "Point", "coordinates": [ -118.647490076759695, 34.05758608163265 ] } },
{ "type": "Feature", "properties": { "TimeStep": 7, "Latitude": 34.063504448979586, "Longitude": -118.64749007675969, "State": "Burning" }, "geometry": { "type": "Point", "coordinates": [ -118.647490076759695, 34.063504448979586 ] } },
{ "type": "Feature", "properties": { "TimeStep": 7, "Latitude": 34.069422816326529, "Longitude": -118.64749007675969, "State": "Burning" }, "geometry": { "type": "Point", "coordinates": [ -118.647490076759695, 34.069422816326529 ] } },
{ "type": "Feature", "properties": { "TimeStep": 7, "Latitude": 34.05758608163265, "Longitude": -118.54746098835422, "State": "Burning" }, "geometry": { "type": "Point", "coordinates": [ -118.547460988354217, 34.05758608163265 ] } },
{ "type": "Feature", "properties": { "TimeStep": 7, "Latitude": 34.063504448979586, "Longitude": -118.54746098835422, "State": "Burning" }, "geometry": { "type": "Point", "coordinates": [ -118.547460988354217, 34.063504448979586 ] } },
{ "type": "Feature", "properties": { "TimeStep": 7, "Latitude": 34.069422816326529, "Longitude": -118.54746098835422, "State": "Burning" }, "geometry": { "type": "Point", "coordinates": [ -118.547460988354217, 34.069422816326529 ] } },
{ "type": "Feature", "properties": { "TimeStep": 7, "Latitude": 34.063504448979586, "Longitude": -118.64749007675969, "State": "Burning" }, "geometry": { "type": "Point", "coordinates": [ -118.647490076759695, 34.063504448979586 ] } },
{ "type": "Feature", "properties": { "TimeStep": 7, "Latitude": 34.069422816326529, "Longitude": -118.64749007675969, "State": "Burning" }, "geometry": { "type": "Point", "coordinates": [ -118.647490076759695, 34.069422816326529 ] } },
{ "type": "Feature", "properties": { "TimeStep": 7, "Latitude": 34.075341183673466, "Longitude": -118.64749007675969, "State": "Burning" }, "geometry": { "type": "Point", "coordinates": [ -118.647490076759695, 34.075341183673466 ] } },
{ "type": "Feature", "properties": { "TimeStep": 7, "Latitude": 34.075341183673466, "Longitude": -118.64749007675969, "State": "Burning" }, "geometry": { "type": "Point", "coordinates": [ -118.647490076759695, 34.075341183673466 ] } },
{ "type": "Feature", "properties": { "TimeStep": 7, "Latitude": 34.087177918367345, "Longitude": -118.64749007675969, "State": "Burning" }, "geometry": { "type": "Point", "coordinates": [ -118.647490076759695, 34.087177918367345 ] } },
{ "type": "Feature", "properties": { "TimeStep": 7, "Latitude": 34.081259551020409, "Longitude": -118.54746098835422, "State": "Burning" }, "geometry": { "type": "Point", "coordinates": [ -118.547460988354217, 34.081259551020409 ] } },
{ "type": "Feature", "properties": { "TimeStep": 7, "Latitude": 34.087177918367345, "Longitude": -118.64749007675969, "State": "Burning" }, "geometry": { "type": "Point", "coordinates": [ -118.647490076759695, 34.087177918367345 ] } },
{ "type": "Feature", "properties": { "TimeStep": 7, "Latitude": 34.093096285714282, "Longitude": -118.64749007675969, "State": "Burning" }, "geometry": { "type": "Point", "coordinates": [ -118.647490076759695, 34.093096285714282 ] } },
{ "type": "Feature", "properties": { "TimeStep": 7, "Latitude": 34.081259551020409, "Longitude": -118.54746098835422, "State": "Burning" }, "geometry": { "type": "Point", "coordinates": [ -118.547460988354217, 34.081259551020409 ] } },
{ "type": "Feature", "properties": { "TimeStep": 7, "Latitude": 34.093096285714282, "Longitude": -118.54746098835422, "State": "Burning" }, "geometry": { "type": "Point", "coordinates": [ -118.547460988354217, 34.093096285714282 ] } },
{ "type": "Feature", "properties": { "TimeStep": 7, "Latitude": 34.087177918367345, "Longitude": -118.64749007675969, "State": "Burning" }, "geometry": { "type": "Point", "coordinates": [ -118.647490076759695, 34.087177918367345 ] } },
{ "type": "Feature", "properties": { "TimeStep": 7, "Latitude": 34.093096285714282, "Longitude": -118.64749007675969, "State": "Burning" }, "geometry": { "type": "Point", "coordinates": [ -118.647490076759695, 34.093096285714282 ] } },
{ "type": "Feature", "properties": { "TimeStep": 7, "Latitude": 34.093096285714282, "Longitude": -118.54746098835422, "State": "Burning" }, "geometry": { "type": "Point", "coordinates": [ -118.547460988354217, 34.093096285714282 ] } },
{ "type": "Feature", "properties": { "TimeStep": 7, "Latitude": 34.099014653061225, "Longitude": -118.54746098835422, "State": "Burning" }, "geometry": { "type": "Point", "coordinates": [ -118.547460988354217, 34.099014653061225 ] } },
{ "type": "Feature", "properties": { "TimeStep": 7, "Latitude": 34.093096285714282, "Longitude": -118.64749007675969, "State": "Burning" }, "geometry": { "type": "Point", "coordinates": [ -118.647490076759695, 34.093096285714282 ] } },
{ "type": "Feature", "properties": { "TimeStep": 7, "Latitude": 34.104933020408161, "Longitude": -118.64749007675969, "State": "Burning" }, "geometry": { "type": "Point", "coordinates": [ -118.647490076759695, 34.104933020408161 ] } },
{ "type": "Feature", "properties": { "TimeStep": 7, "Latitude": 34.104933020408161, "Longitude": -118.64034514187358, "State": "Burning" }, "geometry": { "type": "Point", "coordinates": [ -118.640345141873581, 34.104933020408161 ] } },
{ "type": "Feature", "properties": { "TimeStep": 7, "Latitude": 34.104933020408161, "Longitude": -118.63320020698748, "State": "Burning" }, "geometry": { "type": "Point", "coordinates": [ -118.633200206987482, 34.104933020408161 ] } },
{ "type": "Feature", "properties": { "TimeStep": 7, "Latitude": 34.104933020408161, "Longitude": -118.64034514187358, "State": "Burning" }, "geometry": { "type": "Point", "coordinates": [ -118.640345141873581, 34.104933020408161 ] } },
{ "type": "Feature", "properties": { "TimeStep": 7, "Latitude": 34.104933020408161, "Longitude": -118.63320020698748, "State": "Burning" }, "geometry": { "type": "Point", "coordinates": [ -118.633200206987482, 34.104933020408161 ] } },
{ "type": "Feature", "properties": { "TimeStep": 7, "Latitude": 34.093096285714282, "Longitude": -118.54746098835422, "State": "Burning" }, "geometry": { "type": "Point", "coordinates": [ -118.547460988354217, 34.093096285714282 ] } },
{ "type": "Feature", "properties": { "TimeStep": 7, "Latitude": 34.099014653061225, "Longitude": -118.54746098835422, "State": "Burning" }, "geometry": { "type": "Point", "coordinates": [ -118.547460988354217, 34.099014653061225 ] } },
{ "type": "Feature", "properties": { "TimeStep": 7, "Latitude": 34.104933020408161, "Longitude": -118.54746098835422, "State": "Burning" }, "geometry": { "type": "Point", "coordinates": [ -118.547460988354217, 34.104933020408161 ] } },
{ "type": "Feature", "properties": { "TimeStep": 7, "Latitude": 34.110851387755098, "Longitude": -118.56889579301253, "State": "Burning" }, "geometry": { "type": "Point", "coordinates": [ -118.56889579301253, 34.110851387755098 ] } },
{ "type": "Feature", "properties": { "TimeStep": 7, "Latitude": 34.110851387755098, "Longitude": -118.56175085812643, "State": "Burning" }, "geometry": { "type": "Point", "coordinates": [ -118.56175085812643, 34.110851387755098 ] } },
{ "type": "Feature", "properties": { "TimeStep": 7, "Latitude": 34.110851387755098, "Longitude": -118.56889579301253, "State": "Burning" }, "geometry": { "type": "Point", "coordinates": [ -118.56889579301253, 34.110851387755098 ] } },
{ "type": "Feature", "properties": { "TimeStep": 7, "Latitude": 34.110851387755098, "Longitude": -118.56175085812643, "State": "Burning" }, "geometry": { "type": "Point", "coordinates": [ -118.56175085812643, 34.110851387755098 ] } },
{ "type": "Feature", "properties": { "TimeStep": 7, "Latitude": 34.110851387755098, "Longitude": -118.55460592324032, "State": "Burning" }, "geometry": { "type": "Point", "coordinates": [ -118.554605923240317, 34.110851387755098 ] } },
{ "type": "Feature", "properties": { "TimeStep": 7, "Latitude": 34.116769755102041, "Longitude": -118.62605527210137, "State": "Burning" }, "geometry": { "type": "Point", "coordinates": [ -118.626055272101368, 34.116769755102041 ] } },
{ "type": "Feature", "properties": { "TimeStep": 7, "Latitude": 34.116769755102041, "Longitude": -118.61176540232917, "State": "Burning" }, "geometry": { "type": "Point", "coordinates": [ -118.611765402329169, 34.116769755102041 ] } },
{ "type": "Feature", "properties": { "TimeStep": 7, "Latitude": 34.116769755102041, "Longitude": -118.61176540232917, "State": "Burning" }, "geometry": { "type": "Point", "coordinates": [ -118.611765402329169, 34.116769755102041 ] } },
{ "type": "Feature", "properties": { "TimeStep": 7, "Latitude": 34.116769755102041, "Longitude": -118.60462046744306, "State": "Burning" }, "geometry": { "type": "Point", "coordinates": [ -118.604620467443056, 34.116769755102041 ] } },
{ "type": "Feature", "properties": { "TimeStep": 7, "Latitude": 34.116769755102041, "Longitude": -118.61176540232917, "State": "Burning" }, "geometry": { "type": "Point", "coordinates": [ -118.611765402329169, 34.116769755102041 ] } },
{ "type": "Feature", "properties": { "TimeStep": 7, "Latitude": 34.116769755102041, "Longitude": -118.60462046744306, "State": "Burning" }, "geometry": { "type": "Point", "coordinates": [ -118.604620467443056, 34.116769755102041 ] } },
{ "type": "Feature", "properties": { "TimeStep": 7, "Latitude": 34.116769755102041, "Longitude": -118.60462046744306, "State": "Burning" }, "geometry": { "type": "Point", "coordinates": [ -118.604620467443056, 34.116769755102041 ] } },
{ "type": "Feature", "properties": { "TimeStep": 7, "Latitude": 34.116769755102041, "Longitude": -118.57604072789864, "State": "Burning" }, "geometry": { "type": "Point", "coordinates": [ -118.576040727898643, 34.116769755102041 ] } },
{ "type": "Feature", "properties": { "TimeStep": 7, "Latitude": 34.110851387755098, "Longitude": -118.56889579301253, "State": "Burning" }, "geometry": { "type": "Point", "coordinates": [ -118.56889579301253, 34.110851387755098 ] } },
{ "type": "Feature", "properties": { "TimeStep": 7, "Latitude": 34.116769755102041, "Longitude": -118.57604072789864, "State": "Burning" }, "geometry": { "type": "Point", "coordinates": [ -118.576040727898643, 34.116769755102041 ] } },
{ "type": "Feature", "properties": { "TimeStep": 7, "Latitude": 34.116769755102041, "Longitude": -118.56889579301253, "State": "Burning" }, "geometry": { "type": "Point", "coordinates": [ -118.56889579301253, 34.116769755102041 ] } },
{ "type": "Feature", "properties": { "TimeStep": 8, "Latitude": 34.027994244897954, "Longitude": -118.61891033721527, "State": "Burning" }, "geometry": { "type": "Point", "coordinates": [ -118.618910337215269, 34.027994244897954 ] } },
{ "type": "Feature", "properties": { "TimeStep": 8, "Latitude": 34.027994244897954, "Longitude": -118.61891033721527, "State": "Burning" }, "geometry": { "type": "Point", "coordinates": [ -118.618910337215269, 34.027994244897954 ] } },
{ "type": "Feature", "properties": { "TimeStep": 8, "Latitude": 34.027994244897954, "Longitude": -118.61891033721527, "State": "Burning" }, "geometry": { "type": "Point", "coordinates": [ -118.618910337215269, 34.027994244897954 ] } },
{ "type": "Feature", "properties": { "TimeStep": 8, "Latitude": 34.027994244897954, "Longitude": -118.59747553255696, "State": "Burning" }, "geometry": { "type": "Point", "coordinates": [ -118.597475532556956, 34.027994244897954 ] } },
{ "type": "Feature", "properties": { "TimeStep": 8, "Latitude": 34.027994244897954, "Longitude": -118.59747553255696, "State": "Burning" }, "geometry": { "type": "Point", "coordinates": [ -118.597475532556956, 34.027994244897954 ] } },
{ "type": "Feature", "properties": { "TimeStep": 8, "Latitude": 34.027994244897954, "Longitude": -118.59033059767084, "State": "Burning" }, "geometry": { "type": "Point", "coordinates": [ -118.590330597670842, 34.027994244897954 ] } },
{ "type": "Feature", "properties": { "TimeStep": 8, "Latitude": 34.027994244897954, "Longitude": -118.59033059767084, "State": "Burning" }, "geometry": { "type": "Point", "coordinates": [ -118.590330597670842, 34.027994244897954 ] } },
{ "type": "Feature", "properties": { "TimeStep": 8, "Latitude": 34.027994244897954, "Longitude": -118.58318566278474, "State": "Burning" }, "geometry": { "type": "Point", "coordinates": [ -118.583185662784743, 34.027994244897954 ] } },
{ "type": "Feature", "properties": { "TimeStep": 8, "Latitude": 34.027994244897954, "Longitude": -118.57604072789864, "State": "Burning" }, "geometry": { "type": "Point", "coordinates": [ -118.576040727898643, 34.027994244897954 ] } },
{ "type": "Feature", "properties": { "TimeStep": 8, "Latitude": 34.027994244897954, "Longitude": -118.58318566278474, "State": "Burning" }, "geometry": { "type": "Point", "coordinates": [ -118.583185662784743, 34.027994244897954 ] } },
{ "type": "Feature", "properties": { "TimeStep": 8, "Latitude": 34.027994244897954, "Longitude": -118.57604072789864, "State": "Burning" }, "geometry": { "type": "Point", "coordinates": [ -118.576040727898643, 34.027994244897954 ] } },
{ "type": "Feature", "properties": { "TimeStep": 8, "Latitude": 34.027994244897954, "Longitude": -118.56889579301253, "State": "Burning" }, "geometry": { "type": "Point", "coordinates": [ -118.56889579301253, 34.027994244897954 ] } },
{ "type": "Feature", "properties": { "TimeStep": 8, "Latitude": 34.027994244897954, "Longitude": -118.57604072789864, "State": "Burning" }, "geometry": { "type": "Point", "coordinates": [ -118.576040727898643, 34.027994244897954 ] } },
{ "type": "Feature", "properties": { "TimeStep": 8, "Latitude": 34.027994244897954, "Longitude": -118.56889579301253, "State": "Burning" }, "geometry": { "type": "Point", "coordinates": [ -118.56889579301253, 34.027994244897954 ] } },
{ "type": "Feature", "properties": { "TimeStep": 8, "Latitude": 34.027994244897954, "Longitude": -118.56175085812643, "State": "Burning" }, "geometry": { "type": "Point", "coordinates": [ -118.56175085812643, 34.027994244897954 ] } },
{ "type": "Feature", "properties": { "TimeStep": 8, "Latitude": 34.027994244897954, "Longitude": -118.56889579301253, "State": "Burning" }, "geometry": { "type": "Point", "coordinates": [ -118.56889579301253, 34.027994244897954 ] } },
{ "type": "Feature", "properties": { "TimeStep": 8, "Latitude": 34.027994244897954, "Longitude": -118.56175085812643, "State": "Burning" }, "geometry": { "type": "Point", "coordinates": [ -118.56175085812643, 34.027994244897954 ] } },
{ "type": "Feature", "properties": { "TimeStep": 8, "Latitude": 34.039830979591834, "Longitude": -118.55460592324032, "State": "Burning" }, "geometry": { "type": "Point", "coordinates": [ -118.554605923240317, 34.039830979591834 ] } },
{ "type": "Feature", "properties": { "TimeStep": 8, "Latitude": 34.039830979591834, "Longitude": -118.55460592324032, "State": "Burning" }, "geometry": { "type": "Point", "coordinates": [ -118.554605923240317, 34.039830979591834 ] } },
{ "type": "Feature", "properties": { "TimeStep": 8, "Latitude": 34.04574934693877, "Longitude": -118.55460592324032, "State": "Burning" }, "geometry": { "type": "Point", "coordinates": [ -118.554605923240317, 34.04574934693877 ] } },
{ "type": "Feature", "properties": { "TimeStep": 8, "Latitude": 34.039830979591834, "Longitude": -118.64749007675969, "State": "Burning" }, "geometry": { "type": "Point", "coordinates": [ -118.647490076759695, 34.039830979591834 ] } },
{ "type": "Feature", "properties": { "TimeStep": 8, "Latitude": 34.04574934693877, "Longitude": -118.64749007675969, "State": "Burning" }, "geometry": { "type": "Point", "coordinates": [ -118.647490076759695, 34.04574934693877 ] } },
{ "type": "Feature", "properties": { "TimeStep": 8, "Latitude": 34.039830979591834, "Longitude": -118.55460592324032, "State": "Burning" }, "geometry": { "type": "Point", "coordinates": [ -118.554605923240317, 34.039830979591834 ] } },
{ "type": "Feature", "properties": { "TimeStep": 8, "Latitude": 34.04574934693877, "Longitude": -118.55460592324032, "State": "Burning" }, "geometry": { "type": "Point", "coordinates": [ -118.554605923240317, 34.04574934693877 ] } },
{ "type": "Feature", "properties": { "TimeStep": 8, "Latitude": 34.04574934693877, "Longitude": -118.64749007675969, "State": "Burning" }, "geometry": { "type": "Point", "coordinates": [ -118.647490076759695, 34.04574934693877 ] } },
{ "type": "Feature", "properties": { "TimeStep": 8, "Latitude": 34.04574934693877, "Longitude": -118.55460592324032, "State": "Burning" }, "geometry": { "type": "Point", "coordinates": [ -118.554605923240317, 34.04574934693877 ] } },
{ "type": "Feature", "properties": { "TimeStep": 8, "Latitude": 34.051667714285713, "Longitude": -118.65463501164579, "State": "Burning" }, "geometry": { "type": "Point", "coordinates": [ -118.654635011645794, 34.051667714285713 ] } },
{ "type": "Feature", "properties": { "TimeStep": 8, "Latitude": 34.063504448979586, "Longitude": -118.65463501164579, "State": "Burning" }, "geometry": { "type": "Point", "coordinates": [ -118.654635011645794, 34.063504448979586 ] } },
{ "type": "Feature", "properties": { "TimeStep": 8, "Latitude": 34.051667714285713, "Longitude": -118.54031605346812, "State": "Burning" }, "geometry": { "type": "Point", "coordinates": [ -118.540316053468118, 34.051667714285713 ] } },
{ "type": "Feature", "properties": { "TimeStep": 8, "Latitude": 34.05758608163265, "Longitude": -118.54031605346812, "State": "Burning" }, "geometry": { "type": "Point", "coordinates": [ -118.540316053468118, 34.05758608163265 ] } },
{ "type": "Feature", "properties": { "TimeStep": 8, "Latitude": 34.063504448979586, "Longitude": -118.54031605346812, "State": "Burning" }, "geometry": { "type": "Point", "coordinates": [ -118.540316053468118, 34.063504448979586 ] } },
{ "type": "Feature", "properties": { "TimeStep": 8, "Latitude": 34.063504448979586, "Longitude": -118.65463501164579, "State": "Burning" }, "geometry": { "type": "Point", "coordinates": [ -118.654635011645794, 34.063504448979586 ] } },
{ "type": "Feature", "properties": { "TimeStep": 8, "Latitude": 34.069422816326529, "Longitude": -118.65463501164579, "State": "Burning" }, "geometry": { "type": "Point", "coordinates": [ -118.654635011645794, 34.069422816326529 ] } },
{ "type": "Feature", "properties": { "TimeStep": 8, "Latitude": 34.05758608163265, "Longitude": -118.54031605346812, "State": "Burning" }, "geometry": { "type": "Point", "coordinates": [ -118.540316053468118, 34.05758608163265 ] } },
{ "type": "Feature", "properties": { "TimeStep": 8, "Latitude": 34.063504448979586, "Longitude": -118.54031605346812, "State": "Burning" }, "geometry": { "type": "Point", "coordinates": [ -118.540316053468118, 34.063504448979586 ] } },
{ "type": "Feature", "properties": { "TimeStep": 8, "Latitude": 34.069422816326529, "Longitude": -118.54031605346812, "State": "Burning" }, "geometry": { "type": "Point", "coordinates": [ -118.540316053468118, 34.069422816326529 ] } },
{ "type": "Feature", "properties": { "TimeStep": 8, "Latitude": 34.063504448979586, "Longitude": -118.65463501164579, "State": "Burning" }, "geometry": { "type": "Point", "coordinates": [ -118.654635011645794, 34.063504448979586 ] } },
{ "type": "Feature", "properties": { "TimeStep": 8, "Latitude": 34.069422816326529, "Longitude": -118.65463501164579, "State": "Burning" }, "geometry": { "type": "Point", "coordinates": [ -118.654635011645794, 34.069422816326529 ] } },
{ "type": "Feature", "properties": { "TimeStep": 8, "Latitude": 34.075341183673466, "Longitude": -118.65463501164579, "State": "Burning" }, "geometry": { "type": "Point", "coordinates": [ -118.654635011645794, 34.075341183673466 ] } },
{ "type": "Feature", "properties": { "TimeStep": 8, "Latitude": 34.063504448979586, "Longitude": -118.54031605346812, "State": "Burning" }, "geometry": { "type": "Point", "coordinates": [ -118.540316053468118, 34.063504448979586 ] } },
{ "type": "Feature", "properties": { "TimeStep": 8, "Latitude": 34.069422816326529, "Longitude": -118.54031605346812, "State": "Burning" }, "geometry": { "type": "Point", "coordinates": [ -118.540316053468118, 34.069422816326529 ] } },
{ "type": "Feature", "properties": { "TimeStep": 8, "Latitude": 34.075341183673466, "Longitude": -118.54031605346812, "State": "Burning" }, "geometry": { "type": "Point", "coordinates": [ -118.540316053468118, 34.075341183673466 ] } },
{ "type": "Feature", "properties": { "TimeStep": 8, "Latitude": 34.069422816326529, "Longitude": -118.65463501164579, "State": "Burning" }, "geometry": { "type": "Point", "coordinates": [ -118.654635011645794, 34.069422816326529 ] } },
{ "type": "Feature", "properties": { "TimeStep": 8, "Latitude": 34.075341183673466, "Longitude": -118.65463501164579, "State": "Burning" }, "geometry": { "type": "Point", "coordinates": [ -118.654635011645794, 34.075341183673466 ] } },
{ "type": "Feature", "properties": { "TimeStep": 8, "Latitude": 34.075341183673466, "Longitude": -118.54031605346812, "State": "Burning" }, "geometry": { "type": "Point", "coordinates": [ -118.540316053468118, 34.075341183673466 ] } },
{ "type": "Feature", "properties": { "TimeStep": 8, "Latitude": 34.087177918367345, "Longitude": -118.54031605346812, "State": "Burning" }, "geometry": { "type": "Point", "coordinates": [ -118.540316053468118, 34.087177918367345 ] } },
{ "type": "Feature", "properties": { "TimeStep": 8, "Latitude": 34.093096285714282, "Longitude": -118.65463501164579, "State": "Burning" }, "geometry": { "type": "Point", "coordinates": [ -118.654635011645794, 34.093096285714282 ] } },
{ "type": "Feature", "properties": { "TimeStep": 8, "Latitude": 34.093096285714282, "Longitude": -118.65463501164579, "State": "Burning" }, "geometry": { "type": "Point", "coordinates": [ -118.654635011645794, 34.093096285714282 ] } },
{ "type": "Feature", "properties": { "TimeStep": 8, "Latitude": 34.099014653061225, "Longitude": -118.65463501164579, "State": "Burning" }, "geometry": { "type": "Point", "coordinates": [ -118.654635011645794, 34.099014653061225 ] } },
{ "type": "Feature", "properties": { "TimeStep": 8, "Latitude": 34.087177918367345, "Longitude": -118.54031605346812, "State": "Burning" }, "geometry": { "type": "Point", "coordinates": [ -118.540316053468118, 34.087177918367345 ] } },
{ "type": "Feature", "properties": { "TimeStep": 8, "Latitude": 34.099014653061225, "Longitude": -118.65463501164579, "State": "Burning" }, "geometry": { "type": "Point", "coordinates": [ -118.654635011645794, 34.099014653061225 ] } },
{ "type": "Feature", "properties": { "TimeStep": 8, "Latitude": 34.104933020408161, "Longitude": -118.65463501164579, "State": "Burning" }, "geometry": { "type": "Point", "coordinates": [ -118.654635011645794, 34.104933020408161 ] } },
{ "type": "Feature", "properties": { "TimeStep": 8, "Latitude": 34.110851387755098, "Longitude": -118.65463501164579, "State": "Burning" }, "geometry": { "type": "Point", "coordinates": [ -118.654635011645794, 34.110851387755098 ] } },
{ "type": "Feature", "properties": { "TimeStep": 8, "Latitude": 34.110851387755098, "Longitude": -118.64034514187358, "State": "Burning" }, "geometry": { "type": "Point", "coordinates": [ -118.640345141873581, 34.110851387755098 ] } },
{ "type": "Feature", "properties": { "TimeStep": 8, "Latitude": 34.110851387755098, "Longitude": -118.64034514187358, "State": "Burning" }, "geometry": { "type": "Point", "coordinates": [ -118.640345141873581, 34.110851387755098 ] } },
{ "type": "Feature", "properties": { "TimeStep": 8, "Latitude": 34.110851387755098, "Longitude": -118.63320020698748, "State": "Burning" }, "geometry": { "type": "Point", "coordinates": [ -118.633200206987482, 34.110851387755098 ] } },
{ "type": "Feature", "properties": { "TimeStep": 8, "Latitude": 34.110851387755098, "Longitude": -118.64034514187358, "State": "Burning" }, "geometry": { "type": "Point", "coordinates": [ -118.640345141873581, 34.110851387755098 ] } },
{ "type": "Feature", "properties": { "TimeStep": 8, "Latitude": 34.110851387755098, "Longitude": -118.63320020698748, "State": "Burning" }, "geometry": { "type": "Point", "coordinates": [ -118.633200206987482, 34.110851387755098 ] } },
{ "type": "Feature", "properties": { "TimeStep": 8, "Latitude": 34.110851387755098, "Longitude": -118.54746098835422, "State": "Burning" }, "geometry": { "type": "Point", "coordinates": [ -118.547460988354217, 34.110851387755098 ] } },
{ "type": "Feature", "properties": { "TimeStep": 8, "Latitude": 34.110851387755098, "Longitude": -118.54031605346812, "State": "Burning" }, "geometry": { "type": "Point", "coordinates": [ -118.540316053468118, 34.110851387755098 ] } },
{ "type": "Feature", "properties": { "TimeStep": 8, "Latitude": 34.116769755102041, "Longitude": -118.56175085812643, "State": "Burning" }, "geometry": { "type": "Point", "coordinates": [ -118.56175085812643, 34.116769755102041 ] } },
{ "type": "Feature", "properties": { "TimeStep": 8, "Latitude": 34.116769755102041, "Longitude": -118.56175085812643, "State": "Burning" }, "geometry": { "type": "Point", "coordinates": [ -118.56175085812643, 34.116769755102041 ] } },
{ "type": "Feature", "properties": { "TimeStep": 8, "Latitude": 34.116769755102041, "Longitude": -118.55460592324032, "State": "Burning" }, "geometry": { "type": "Point", "coordinates": [ -118.554605923240317, 34.116769755102041 ] } },
{ "type": "Feature", "properties": { "TimeStep": 8, "Latitude": 34.110851387755098, "Longitude": -118.54746098835422, "State": "Burning" }, "geometry": { "type": "Point", "coordinates": [ -118.547460988354217, 34.110851387755098 ] } },
{ "type": "Feature", "properties": { "TimeStep": 8, "Latitude": 34.116769755102041, "Longitude": -118.56175085812643, "State": "Burning" }, "geometry": { "type": "Point", "coordinates": [ -118.56175085812643, 34.116769755102041 ] } },
{ "type": "Feature", "properties": { "TimeStep": 8, "Latitude": 34.116769755102041, "Longitude": -118.55460592324032, "State": "Burning" }, "geometry": { "type": "Point", "coordinates": [ -118.554605923240317, 34.116769755102041 ] } },
{ "type": "Feature", "properties": { "TimeStep": 8, "Latitude": 34.110851387755098, "Longitude": -118.63320020698748, "State": "Burning" }, "geometry": { "type": "Point", "coordinates": [ -118.633200206987482, 34.110851387755098 ] } },
{ "type": "Feature", "properties": { "TimeStep": 8, "Latitude": 34.116769755102041, "Longitude": -118.63320020698748, "State": "Burning" }, "geometry": { "type": "Point", "coordinates": [ -118.633200206987482, 34.116769755102041 ] } },
{ "type": "Feature", "properties": { "TimeStep": 8, "Latitude": 34.122688122448977, "Longitude": -118.61891033721527, "State": "Burning" }, "geometry": { "type": "Point", "coordinates": [ -118.618910337215269, 34.122688122448977 ] } },
{ "type": "Feature", "properties": { "TimeStep": 8, "Latitude": 34.122688122448977, "Longitude": -118.61891033721527, "State": "Burning" }, "geometry": { "type": "Point", "coordinates": [ -118.618910337215269, 34.122688122448977 ] } },
{ "type": "Feature", "properties": { "TimeStep": 8, "Latitude": 34.122688122448977, "Longitude": -118.61176540232917, "State": "Burning" }, "geometry": { "type": "Point", "coordinates": [ -118.611765402329169, 34.122688122448977 ] } },
{ "type": "Feature", "properties": { "TimeStep": 8, "Latitude": 34.122688122448977, "Longitude": -118.60462046744306, "State": "Burning" }, "geometry": { "type": "Point", "coordinates": [ -118.604620467443056, 34.122688122448977 ] } },
{ "type": "Feature", "properties": { "TimeStep": 8, "Latitude": 34.122688122448977, "Longitude": -118.61176540232917, "State": "Burning" }, "geometry": { "type": "Point", "coordinates": [ -118.611765402329169, 34.122688122448977 ] } },
{ "type": "Feature", "properties": { "TimeStep": 8, "Latitude": 34.122688122448977, "Longitude": -118.60462046744306, "State": "Burning" }, "geometry": { "type": "Point", "coordinates": [ -118.604620467443056, 34.122688122448977 ] } },
{ "type": "Feature", "properties": { "TimeStep": 8, "Latitude": 34.122688122448977, "Longitude": -118.59747553255696, "State": "Burning" }, "geometry": { "type": "Point", "coordinates": [ -118.597475532556956, 34.122688122448977 ] } },
{ "type": "Feature", "properties": { "TimeStep": 8, "Latitude": 34.122688122448977, "Longitude": -118.58318566278474, "State": "Burning" }, "geometry": { "type": "Point", "coordinates": [ -118.583185662784743, 34.122688122448977 ] } },
{ "type": "Feature", "properties": { "TimeStep": 8, "Latitude": 34.122688122448977, "Longitude": -118.57604072789864, "State": "Burning" }, "geometry": { "type": "Point", "coordinates": [ -118.576040727898643, 34.122688122448977 ] } },
{ "type": "Feature", "properties": { "TimeStep": 8, "Latitude": 34.122688122448977, "Longitude": -118.56889579301253, "State": "Burning" }, "geometry": { "type": "Point", "coordinates": [ -118.56889579301253, 34.122688122448977 ] } },
{ "type": "Feature", "properties": { "TimeStep": 8, "Latitude": 34.116769755102041, "Longitude": -118.56175085812643, "State": "Burning" }, "geometry": { "type": "Point", "coordinates": [ -118.56175085812643, 34.116769755102041 ] } },
{ "type": "Feature", "properties": { "TimeStep": 8, "Latitude": 34.122688122448977, "Longitude": -118.57604072789864, "State": "Burning" }, "geometry": { "type": "Point", "coordinates": [ -118.576040727898643, 34.122688122448977 ] } },
{ "type": "Feature", "properties": { "TimeStep": 8, "Latitude": 34.122688122448977, "Longitude": -118.56889579301253, "State": "Burning" }, "geometry": { "type": "Point", "coordinates": [ -118.56889579301253, 34.122688122448977 ] } },
{ "type": "Feature", "properties": { "TimeStep": 9, "Latitude": 34.022075877551018, "Longitude": -118.62605527210137, "State": "Burning" }, "geometry": { "type": "Point", "coordinates": [ -118.626055272101368, 34.022075877551018 ] } },
{ "type": "Feature", "properties": { "TimeStep": 9, "Latitude": 34.022075877551018, "Longitude": -118.61891033721527, "State": "Burning" }, "geometry": { "type": "Point", "coordinates": [ -118.618910337215269, 34.022075877551018 ] } },
{ "type": "Feature", "properties": { "TimeStep": 9, "Latitude": 34.022075877551018, "Longitude": -118.61176540232917, "State": "Burning" }, "geometry": { "type": "Point", "coordinates": [ -118.611765402329169, 34.022075877551018 ] } },
{ "type": "Feature", "properties": { "TimeStep": 9, "Latitude": 34.022075877551018, "Longitude": -118.60462046744306, "State": "Burning" }, "geometry": { "type": "Point", "coordinates": [ -118.604620467443056, 34.022075877551018 ] } },
{ "type": "Feature", "properties": { "TimeStep": 9, "Latitude": 34.022075877551018, "Longitude": -118.59747553255696, "State": "Burning" }, "geometry": { "type": "Point", "coordinates": [ -118.597475532556956, 34.022075877551018 ] } },
{ "type": "Feature", "properties": { "TimeStep": 9, "Latitude": 34.022075877551018, "Longitude": -118.59033059767084, "State": "Burning" }, "geometry": { "type": "Point", "coordinates": [ -118.590330597670842, 34.022075877551018 ] } },
{ "type": "Feature", "properties": { "TimeStep": 9, "Latitude": 34.022075877551018, "Longitude": -118.59747553255696, "State": "Burning" }, "geometry": { "type": "Point", "coordinates": [ -118.597475532556956, 34.022075877551018 ] } },
{ "type": "Feature", "properties": { "TimeStep": 9, "Latitude": 34.022075877551018, "Longitude": -118.59033059767084, "State": "Burning" }, "geometry": { "type": "Point", "coordinates": [ -118.590330597670842, 34.022075877551018 ] } },
{ "type": "Feature", "properties": { "TimeStep": 9, "Latitude": 34.022075877551018, "Longitude": -118.58318566278474, "State": "Burning" }, "geometry": { "type": "Point", "coordinates": [ -118.583185662784743, 34.022075877551018 ] } },
{ "type": "Feature", "properties": { "TimeStep": 9, "Latitude": 34.022075877551018, "Longitude": -118.59033059767084, "State": "Burning" }, "geometry": { "type": "Point", "coordinates": [ -118.590330597670842, 34.022075877551018 ] } },
{ "type": "Feature", "properties": { "TimeStep": 9, "Latitude": 34.022075877551018, "Longitude": -118.58318566278474, "State": "Burning" }, "geometry": { "type": "Point", "coordinates": [ -118.583185662784743, 34.022075877551018 ] } },
{ "type": "Feature", "properties": { "TimeStep": 9, "Latitude": 34.022075877551018, "Longitude": -118.58318566278474, "State": "Burning" }, "geometry": { "type": "Point", "coordinates": [ -118.583185662784743, 34.022075877551018 ] } },
{ "type": "Feature", "properties": { "TimeStep": 9, "Latitude": 34.022075877551018, "Longitude": -118.56889579301253, "State": "Burning" }, "geometry": { "type": "Point", "coordinates": [ -118.56889579301253, 34.022075877551018 ] } },
{ "type": "Feature", "properties": { "TimeStep": 9, "Latitude": 34.022075877551018, "Longitude": -118.56889579301253, "State": "Burning" }, "geometry": { "type": "Point", "coordinates": [ -118.56889579301253, 34.022075877551018 ] } },
{ "type": "Feature", "properties": { "TimeStep": 9, "Latitude": 34.022075877551018, "Longitude": -118.56889579301253, "State": "Burning" }, "geometry": { "type": "Point", "coordinates": [ -118.56889579301253, 34.022075877551018 ] } },
{ "type": "Feature", "properties": { "TimeStep": 9, "Latitude": 34.022075877551018, "Longitude": -118.55460592324032, "State": "Burning" }, "geometry": { "type": "Point", "coordinates": [ -118.554605923240317, 34.022075877551018 ] } },
{ "type": "Feature", "properties": { "TimeStep": 9, "Latitude": 34.033912612244897, "Longitude": -118.65463501164579, "State": "Burning" }, "geometry": { "type": "Point", "coordinates": [ -118.654635011645794, 34.033912612244897 ] } },
{ "type": "Feature", "properties": { "TimeStep": 9, "Latitude": 34.039830979591834, "Longitude": -118.65463501164579, "State": "Burning" }, "geometry": { "type": "Point", "coordinates": [ -118.654635011645794, 34.039830979591834 ] } },
{ "type": "Feature", "properties": { "TimeStep": 9, "Latitude": 34.04574934693877, "Longitude": -118.65463501164579, "State": "Burning" }, "geometry": { "type": "Point", "coordinates": [ -118.654635011645794, 34.04574934693877 ] } },
{ "type": "Feature", "properties": { "TimeStep": 9, "Latitude": 34.039830979591834, "Longitude": -118.54746098835422, "State": "Burning" }, "geometry": { "type": "Point", "coordinates": [ -118.547460988354217, 34.039830979591834 ] } },
{ "type": "Feature", "properties": { "TimeStep": 9, "Latitude": 34.04574934693877, "Longitude": -118.54746098835422, "State": "Burning" }, "geometry": { "type": "Point", "coordinates": [ -118.547460988354217, 34.04574934693877 ] } },
{ "type": "Feature", "properties": { "TimeStep": 9, "Latitude": 34.039830979591834, "Longitude": -118.65463501164579, "State": "Burning" }, "geometry": { "type": "Point", "coordinates": [ -118.654635011645794, 34.039830979591834 ] } },
{ "type": "Feature", "properties": { "TimeStep": 9, "Latitude": 34.04574934693877, "Longitude": -118.65463501164579, "State": "Burning" }, "geometry": { "type": "Point", "coordinates": [ -118.654635011645794, 34.04574934693877 ] } },
{ "type": "Feature", "properties": { "TimeStep": 9, "Latitude": 34.039830979591834, "Longitude": -118.54746098835422, "State": "Burning" }, "geometry": { "type": "Point", "coordinates": [ -118.547460988354217, 34.039830979591834 ] } },
{ "type": "Feature", "properties": { "TimeStep": 9, "Latitude": 34.04574934693877, "Longitude": -118.54746098835422, "State": "Burning" }, "geometry": { "type": "Point", "coordinates": [ -118.547460988354217, 34.04574934693877 ] } },
{ "type": "Feature", "properties": { "TimeStep": 9, "Latitude": 34.04574934693877, "Longitude": -118.66177994653189, "State": "Burning" }, "geometry": { "type": "Point", "coordinates": [ -118.661779946531894, 34.04574934693877 ] } },
{ "type": "Feature", "properties": { "TimeStep": 9, "Latitude": 34.04574934693877, "Longitude": -118.65463501164579, "State": "Burning" }, "geometry": { "type": "Point", "coordinates": [ -118.654635011645794, 34.04574934693877 ] } },
{ "type": "Feature", "properties": { "TimeStep": 9, "Latitude": 34.051667714285713, "Longitude": -118.66177994653189, "State": "Burning" }, "geometry": { "type": "Point", "coordinates": [ -118.661779946531894, 34.051667714285713 ] } },
{ "type": "Feature", "properties": { "TimeStep": 9, "Latitude": 34.04574934693877, "Longitude": -118.54746098835422, "State": "Burning" }, "geometry": { "type": "Point", "coordinates": [ -118.547460988354217, 34.04574934693877 ] } },
{ "type": "Feature", "properties": { "TimeStep": 9, "Latitude": 34.04574934693877, "Longitude": -118.54031605346812, "State": "Burning" }, "geometry": { "type": "Point", "coordinates": [ -118.540316053468118, 34.04574934693877 ] } },
{ "type": "Feature", "properties": { "TimeStep": 9, "Latitude": 34.04574934693877, "Longitude": -118.533171118582, "State": "Burning" }, "geometry": { "type": "Point", "coordinates": [ -118.533171118582004, 34.04574934693877 ] } },
{ "type": "Feature", "properties": { "TimeStep": 9, "Latitude": 34.051667714285713, "Longitude": -118.533171118582, "State": "Burning" }, "geometry": { "type": "Point", "coordinates": [ -118.533171118582004, 34.051667714285713 ] } },
{ "type": "Feature", "properties": { "TimeStep": 9, "Latitude": 34.05758608163265, "Longitude": -118.533171118582, "State": "Burning" }, "geometry": { "type": "Point", "coordinates": [ -118.533171118582004, 34.05758608163265 ] } },
{ "type": "Feature", "properties": { "TimeStep": 9, "Latitude": 34.051667714285713, "Longitude": -118.533171118582, "State": "Burning" }, "geometry": { "type": "Point", "coordinates": [ -118.533171118582004, 34.051667714285713 ] } },
{ "type": "Feature", "properties": { "TimeStep": 9, "Latitude": 34.05758608163265, "Longitude": -118.533171118582, "State": "Burning" }, "geometry": { "type": "Point", "coordinates": [ -118.533171118582004, 34.05758608163265 ] } },
{ "type": "Feature", "properties": { "TimeStep": 9, "Latitude": 34.063504448979586, "Longitude": -118.66177994653189, "State": "Burning" }, "geometry": { "type": "Point", "coordinates": [ -118.661779946531894, 34.063504448979586 ] } },
{ "type": "Feature", "properties": { "TimeStep": 9, "Latitude": 34.05758608163265, "Longitude": -118.533171118582, "State": "Burning" }, "geometry": { "type": "Point", "coordinates": [ -118.533171118582004, 34.05758608163265 ] } },
{ "type": "Feature", "properties": { "TimeStep": 9, "Latitude": 34.063504448979586, "Longitude": -118.66177994653189, "State": "Burning" }, "geometry": { "type": "Point", "coordinates": [ -118.661779946531894, 34.063504448979586 ] } },
{ "type": "Feature", "properties": { "TimeStep": 9, "Latitude": 34.075341183673466, "Longitude": -118.66177994653189, "State": "Burning" }, "geometry": { "type": "Point", "coordinates": [ -118.661779946531894, 34.075341183673466 ] } },
{ "type": "Feature", "properties": { "TimeStep": 9, "Latitude": 34.075341183673466, "Longitude": -118.533171118582, "State": "Burning" }, "geometry": { "type": "Point", "coordinates": [ -118.533171118582004, 34.075341183673466 ] } },
{ "type": "Feature", "properties": { "TimeStep": 9, "Latitude": 34.075341183673466, "Longitude": -118.66177994653189, "State": "Burning" }, "geometry": { "type": "Point", "coordinates": [ -118.661779946531894, 34.075341183673466 ] } },
{ "type": "Feature", "properties": { "TimeStep": 9, "Latitude": 34.081259551020409, "Longitude": -118.66177994653189, "State": "Burning" }, "geometry": { "type": "Point", "coordinates": [ -118.661779946531894, 34.081259551020409 ] } },
{ "type": "Feature", "properties": { "TimeStep": 9, "Latitude": 34.075341183673466, "Longitude": -118.533171118582, "State": "Burning" }, "geometry": { "type": "Point", "coordinates": [ -118.533171118582004, 34.075341183673466 ] } },
{ "type": "Feature", "properties": { "TimeStep": 9, "Latitude": 34.087177918367345, "Longitude": -118.533171118582, "State": "Burning" }, "geometry": { "type": "Point", "coordinates": [ -118.533171118582004, 34.087177918367345 ] } },
{ "type": "Feature", "properties": { "TimeStep": 9, "Latitude": 34.093096285714282, "Longitude": -118.533171118582, "State": "Burning" }, "geometry": { "type": "Point", "coordinates": [ -118.533171118582004, 34.093096285714282 ] } },
{ "type": "Feature", "properties": { "TimeStep": 9, "Latitude": 34.087177918367345, "Longitude": -118.66177994653189, "State": "Burning" }, "geometry": { "type": "Point", "coordinates": [ -118.661779946531894, 34.087177918367345 ] } },
{ "type": "Feature", "properties": { "TimeStep": 9, "Latitude": 34.099014653061225, "Longitude": -118.66177994653189, "State": "Burning" }, "geometry": { "type": "Point", "coordinates": [ -118.661779946531894, 34.099014653061225 ] } },
{ "type": "Feature", "properties": { "TimeStep": 9, "Latitude": 34.099014653061225, "Longitude": -118.66177994653189, "State": "Burning" }, "geometry": { "type": "Point", "coordinates": [ -118.661779946531894, 34.099014653061225 ] } },
{ "type": "Feature", "properties": { "TimeStep": 9, "Latitude": 34.104933020408161, "Longitude": -118.66177994653189, "State": "Burning" }, "geometry": { "type": "Point", "coordinates": [ -118.661779946531894, 34.104933020408161 ] } },
{ "type": "Feature", "properties": { "TimeStep": 9, "Latitude": 34.099014653061225, "Longitude": -118.66177994653189, "State": "Burning" }, "geometry": { "type": "Point", "coordinates": [ -118.661779946531894, 34.099014653061225 ] } },
{ "type": "Feature", "properties": { "TimeStep": 9, "Latitude": 34.104933020408161, "Longitude": -118.66177994653189, "State": "Burning" }, "geometry": { "type": "Point", "coordinates": [ -118.661779946531894, 34.104933020408161 ] } },
{ "type": "Feature", "properties": { "TimeStep": 9, "Latitude": 34.104933020408161, "Longitude": -118.66177994653189, "State": "Burning" }, "geometry": { "type": "Point", "coordinates": [ -118.661779946531894, 34.104933020408161 ] } },
{ "type": "Feature", "properties": { "TimeStep": 9, "Latitude": 34.116769755102041, "Longitude": -118.66177994653189, "State": "Burning" }, "geometry": { "type": "Point", "coordinates": [ -118.661779946531894, 34.116769755102041 ] } },
{ "type": "Feature", "properties": { "TimeStep": 9, "Latitude": 34.116769755102041, "Longitude": -118.65463501164579, "State": "Burning" }, "geometry": { "type": "Point", "coordinates": [ -118.654635011645794, 34.116769755102041 ] } },
{ "type": "Feature", "properties": { "TimeStep": 9, "Latitude": 34.116769755102041, "Longitude": -118.64749007675969, "State": "Burning" }, "geometry": { "type": "Point", "coordinates": [ -118.647490076759695, 34.116769755102041 ] } },
{ "type": "Feature", "properties": { "TimeStep": 9, "Latitude": 34.116769755102041, "Longitude": -118.64749007675969, "State": "Burning" }, "geometry": { "type": "Point", "coordinates": [ -118.647490076759695, 34.116769755102041 ] } },
{ "type": "Feature", "properties": { "TimeStep": 9, "Latitude": 34.116769755102041, "Longitude": -118.64034514187358, "State": "Burning" }, "geometry": { "type": "Point", "coordinates": [ -118.640345141873581, 34.116769755102041 ] } },
{ "type": "Feature", "properties": { "TimeStep": 9, "Latitude": 34.116769755102041, "Longitude": -118.64034514187358, "State": "Burning" }, "geometry": { "type": "Point", "coordinates": [ -118.640345141873581, 34.116769755102041 ] } },
{ "type": "Feature", "properties": { "TimeStep": 9, "Latitude": 34.116769755102041, "Longitude": -118.54031605346812, "State": "Burning" }, "geometry": { "type": "Point", "coordinates": [ -118.540316053468118, 34.116769755102041 ] } },
{ "type": "Feature", "properties": { "TimeStep": 9, "Latitude": 34.110851387755098, "Longitude": -118.533171118582, "State": "Burning" }, "geometry": { "type": "Point", "coordinates": [ -118.533171118582004, 34.110851387755098 ] } },
{ "type": "Feature", "properties": { "TimeStep": 9, "Latitude": 34.116769755102041, "Longitude": -118.54031605346812, "State": "Burning" }, "geometry": { "type": "Point", "coordinates": [ -118.540316053468118, 34.116769755102041 ] } },
{ "type": "Feature", "properties": { "TimeStep": 9, "Latitude": 34.116769755102041, "Longitude": -118.533171118582, "State": "Burning" }, "geometry": { "type": "Point", "coordinates": [ -118.533171118582004, 34.116769755102041 ] } },
{ "type": "Feature", "properties": { "TimeStep": 9, "Latitude": 34.116769755102041, "Longitude": -118.64034514187358, "State": "Burning" }, "geometry": { "type": "Point", "coordinates": [ -118.640345141873581, 34.116769755102041 ] } },
{ "type": "Feature", "properties": { "TimeStep": 9, "Latitude": 34.122688122448977, "Longitude": -118.64034514187358, "State": "Burning" }, "geometry": { "type": "Point", "coordinates": [ -118.640345141873581, 34.122688122448977 ] } },
{ "type": "Feature", "properties": { "TimeStep": 9, "Latitude": 34.122688122448977, "Longitude": -118.55460592324032, "State": "Burning" }, "geometry": { "type": "Point", "coordinates": [ -118.554605923240317, 34.122688122448977 ] } },
{ "type": "Feature", "properties": { "TimeStep": 9, "Latitude": 34.122688122448977, "Longitude": -118.55460592324032, "State": "Burning" }, "geometry": { "type": "Point", "coordinates": [ -118.554605923240317, 34.122688122448977 ] } },
{ "type": "Feature", "properties": { "TimeStep": 9, "Latitude": 34.128606489795914, "Longitude": -118.62605527210137, "State": "Burning" }, "geometry": { "type": "Point", "coordinates": [ -118.626055272101368, 34.128606489795914 ] } },
{ "type": "Feature", "properties": { "TimeStep": 9, "Latitude": 34.128606489795914, "Longitude": -118.61891033721527, "State": "Burning" }, "geometry": { "type": "Point", "coordinates": [ -118.618910337215269, 34.128606489795914 ] } },
{ "type": "Feature", "properties": { "TimeStep": 9, "Latitude": 34.128606489795914, "Longitude": -118.61176540232917, "State": "Burning" }, "geometry": { "type": "Point", "coordinates": [ -118.611765402329169, 34.128606489795914 ] } },
{ "type": "Feature", "properties": { "TimeStep": 9, "Latitude": 34.128606489795914, "Longitude": -118.61891033721527, "State": "Burning" }, "geometry": { "type": "Point", "coordinates": [ -118.618910337215269, 34.128606489795914 ] } },
{ "type": "Feature", "properties": { "TimeStep": 9, "Latitude": 34.128606489795914, "Longitude": -118.61176540232917, "State": "Burning" }, "geometry": { "type": "Point", "coordinates": [ -118.611765402329169, 34.128606489795914 ] } },
{ "type": "Feature", "properties": { "TimeStep": 9, "Latitude": 34.128606489795914, "Longitude": -118.60462046744306, "State": "Burning" }, "geometry": { "type": "Point", "coordinates": [ -118.604620467443056, 34.128606489795914 ] } },
{ "type": "Feature", "properties": { "TimeStep": 9, "Latitude": 34.128606489795914, "Longitude": -118.61176540232917, "State": "Burning" }, "geometry": { "type": "Point", "coordinates": [ -118.611765402329169, 34.128606489795914 ] } },
{ "type": "Feature", "properties": { "TimeStep": 9, "Latitude": 34.128606489795914, "Longitude": -118.60462046744306, "State": "Burning" }, "geometry": { "type": "Point", "coordinates": [ -118.604620467443056, 34.128606489795914 ] } },
{ "type": "Feature", "properties": { "TimeStep": 9, "Latitude": 34.128606489795914, "Longitude": -118.59747553255696, "State": "Burning" }, "geometry": { "type": "Point", "coordinates": [ -118.597475532556956, 34.128606489795914 ] } },
{ "type": "Feature", "properties": { "TimeStep": 9, "Latitude": 34.122688122448977, "Longitude": -118.59033059767084, "State": "Burning" }, "geometry": { "type": "Point", "coordinates": [ -118.590330597670842, 34.122688122448977 ] } },
{ "type": "Feature", "properties": { "TimeStep": 9, "Latitude": 34.128606489795914, "Longitude": -118.60462046744306, "State": "Burning" }, "geometry": { "type": "Point", "coordinates": [ -118.604620467443056, 34.128606489795914 ] } },
{ "type": "Feature", "properties": { "TimeStep": 9, "Latitude": 34.128606489795914, "Longitude": -118.59747553255696, "State": "Burning" }, "geometry": { "type": "Point", "coordinates": [ -118.597475532556956, 34.128606489795914 ] } },
{ "type": "Feature", "properties": { "TimeStep": 9, "Latitude": 34.128606489795914, "Longitude": -118.59033059767084, "State": "Burning" }, "geometry": { "type": "Point", "coordinates": [ -118.590330597670842, 34.128606489795914 ] } },
{ "type": "Feature", "properties": { "TimeStep": 9, "Latitude": 34.122688122448977, "Longitude": -118.59033059767084, "State": "Burning" }, "geometry": { "type": "Point", "coordinates": [ -118.590330597670842, 34.122688122448977 ] } },
{ "type": "Feature", "properties": { "TimeStep": 9, "Latitude": 34.128606489795914, "Longitude": -118.59033059767084, "State": "Burning" }, "geometry": { "type": "Point", "coordinates": [ -118.590330597670842, 34.128606489795914 ] } },
{ "type": "Feature", "properties": { "TimeStep": 9, "Latitude": 34.128606489795914, "Longitude": -118.58318566278474, "State": "Burning" }, "geometry": { "type": "Point", "coordinates": [ -118.583185662784743, 34.128606489795914 ] } },
{ "type": "Feature", "properties": { "TimeStep": 9, "Latitude": 34.128606489795914, "Longitude": -118.57604072789864, "State": "Burning" }, "geometry": { "type": "Point", "coordinates": [ -118.576040727898643, 34.128606489795914 ] } },
{ "type": "Feature", "properties": { "TimeStep": 9, "Latitude": 34.128606489795914, "Longitude": -118.58318566278474, "State": "Burning" }, "geometry": { "type": "Point", "coordinates": [ -118.583185662784743, 34.128606489795914 ] } },
{ "type": "Feature", "properties": { "TimeStep": 9, "Latitude": 34.128606489795914, "Longitude": -118.57604072789864, "State": "Burning" }, "geometry": { "type": "Point", "coordinates": [ -118.576040727898643, 34.128606489795914 ] } },
{ "type": "Feature", "properties": { "TimeStep": 9, "Latitude": 34.128606489795914, "Longitude": -118.56889579301253, "State": "Burning" }, "geometry": { "type": "Point", "coordinates": [ -118.56889579301253, 34.128606489795914 ] } },
{ "type": "Feature", "properties": { "TimeStep": 9, "Latitude": 34.128606489795914, "Longitude": -118.57604072789864, "State": "Burning" }, "geometry": { "type": "Point", "coordinates": [ -118.576040727898643, 34.128606489795914 ] } },
{ "type": "Feature", "properties": { "TimeStep": 9, "Latitude": 34.128606489795914, "Longitude": -118.56889579301253, "State": "Burning" }, "geometry": { "type": "Point", "coordinates": [ -118.56889579301253, 34.128606489795914 ] } },
{ "type": "Feature", "properties": { "TimeStep": 10, "Latitude": 34.016157510204081, "Longitude": -118.62605527210137, "State": "Burning" }, "geometry": { "type": "Point", "coordinates": [ -118.626055272101368, 34.016157510204081 ] } },
{ "type": "Feature", "properties": { "TimeStep": 10, "Latitude": 34.016157510204081, "Longitude": -118.61891033721527, "State": "Burning" }, "geometry": { "type": "Point", "coordinates": [ -118.618910337215269, 34.016157510204081 ] } },
{ "type": "Feature", "properties": { "TimeStep": 10, "Latitude": 34.016157510204081, "Longitude": -118.62605527210137, "State": "Burning" }, "geometry": { "type": "Point", "coordinates": [ -118.626055272101368, 34.016157510204081 ] } },
{ "type": "Feature", "properties": { "TimeStep": 10, "Latitude": 34.016157510204081, "Longitude": -118.61891033721527, "State": "Burning" }, "geometry": { "type": "Point", "coordinates": [ -118.618910337215269, 34.016157510204081 ] } },
{ "type": "Feature", "properties": { "TimeStep": 10, "Latitude": 34.016157510204081, "Longitude": -118.61176540232917, "State": "Burning" }, "geometry": { "type": "Point", "coordinates": [ -118.611765402329169, 34.016157510204081 ] } },
{ "type": "Feature", "properties": { "TimeStep": 10, "Latitude": 34.016157510204081, "Longitude": -118.61891033721527, "State": "Burning" }, "geometry": { "type": "Point", "coordinates": [ -118.618910337215269, 34.016157510204081 ] } },
{ "type": "Feature", "properties": { "TimeStep": 10, "Latitude": 34.016157510204081, "Longitude": -118.61176540232917, "State": "Burning" }, "geometry": { "type": "Point", "coordinates": [ -118.611765402329169, 34.016157510204081 ] } },
{ "type": "Feature", "properties": { "TimeStep": 10, "Latitude": 34.016157510204081, "Longitude": -118.61176540232917, "State": "Burning" }, "geometry": { "type": "Point", "coordinates": [ -118.611765402329169, 34.016157510204081 ] } },
{ "type": "Feature", "properties": { "TimeStep": 10, "Latitude": 34.016157510204081, "Longitude": -118.59033059767084, "State": "Burning" }, "geometry": { "type": "Point", "coordinates": [ -118.590330597670842, 34.016157510204081 ] } },
{ "type": "Feature", "properties": { "TimeStep": 10, "Latitude": 34.016157510204081, "Longitude": -118.59033059767084, "State": "Burning" }, "geometry": { "type": "Point", "coordinates": [ -118.590330597670842, 34.016157510204081 ] } },
{ "type": "Feature", "properties": { "TimeStep": 10, "Latitude": 34.016157510204081, "Longitude": -118.58318566278474, "State": "Burning" }, "geometry": { "type": "Point", "coordinates": [ -118.583185662784743, 34.016157510204081 ] } },
{ "type": "Feature", "properties": { "TimeStep": 10, "Latitude": 34.016157510204081, "Longitude": -118.59033059767084, "State": "Burning" }, "geometry": { "type": "Point", "coordinates": [ -118.590330597670842, 34.016157510204081 ] } },
{ "type": "Feature", "properties": { "TimeStep": 10, "Latitude": 34.016157510204081, "Longitude": -118.58318566278474, "State": "Burning" }, "geometry": { "type": "Point", "coordinates": [ -118.583185662784743, 34.016157510204081 ] } },
{ "type": "Feature", "properties": { "TimeStep": 10, "Latitude": 34.016157510204081, "Longitude": -118.57604072789864, "State": "Burning" }, "geometry": { "type": "Point", "coordinates": [ -118.576040727898643, 34.016157510204081 ] } },
{ "type": "Feature", "properties": { "TimeStep": 10, "Latitude": 34.016157510204081, "Longitude": -118.57604072789864, "State": "Burning" }, "geometry": { "type": "Point", "coordinates": [ -118.576040727898643, 34.016157510204081 ] } },
{ "type": "Feature", "properties": { "TimeStep": 10, "Latitude": 34.016157510204081, "Longitude": -118.56889579301253, "State": "Burning" }, "geometry": { "type": "Point", "coordinates": [ -118.56889579301253, 34.016157510204081 ] } },
{ "type": "Feature", "properties": { "TimeStep": 10, "Latitude": 34.016157510204081, "Longitude": -118.55460592324032, "State": "Burning" }, "geometry": { "type": "Point", "coordinates": [ -118.554605923240317, 34.016157510204081 ] } },
{ "type": "Feature", "properties": { "TimeStep": 10, "Latitude": 34.022075877551018, "Longitude": -118.54746098835422, "State": "Burning" }, "geometry": { "type": "Point", "coordinates": [ -118.547460988354217, 34.022075877551018 ] } },
{ "type": "Feature", "properties": { "TimeStep": 10, "Latitude": 34.027994244897954, "Longitude": -118.54746098835422, "State": "Burning" }, "geometry": { "type": "Point", "coordinates": [ -118.547460988354217, 34.027994244897954 ] } },
{ "type": "Feature", "properties": { "TimeStep": 10, "Latitude": 34.027994244897954, "Longitude": -118.64749007675969, "State": "Burning" }, "geometry": { "type": "Point", "coordinates": [ -118.647490076759695, 34.027994244897954 ] } },
{ "type": "Feature", "properties": { "TimeStep": 10, "Latitude": 34.033912612244897, "Longitude": -118.66177994653189, "State": "Burning" }, "geometry": { "type": "Point", "coordinates": [ -118.661779946531894, 34.033912612244897 ] } },
{ "type": "Feature", "properties": { "TimeStep": 10, "Latitude": 34.033912612244897, "Longitude": -118.66177994653189, "State": "Burning" }, "geometry": { "type": "Point", "coordinates": [ -118.661779946531894, 34.033912612244897 ] } },
{ "type": "Feature", "properties": { "TimeStep": 10, "Latitude": 34.033912612244897, "Longitude": -118.54031605346812, "State": "Burning" }, "geometry": { "type": "Point", "coordinates": [ -118.540316053468118, 34.033912612244897 ] } },
{ "type": "Feature", "properties": { "TimeStep": 10, "Latitude": 34.039830979591834, "Longitude": -118.54031605346812, "State": "Burning" }, "geometry": { "type": "Point", "coordinates": [ -118.540316053468118, 34.039830979591834 ] } },
{ "type": "Feature", "properties": { "TimeStep": 10, "Latitude": 34.039830979591834, "Longitude": -118.66892488141801, "State": "Burning" }, "geometry": { "type": "Point", "coordinates": [ -118.668924881418008, 34.039830979591834 ] } },
{ "type": "Feature", "properties": { "TimeStep": 10, "Latitude": 34.04574934693877, "Longitude": -118.66892488141801, "State": "Burning" }, "geometry": { "type": "Point", "coordinates": [ -118.668924881418008, 34.04574934693877 ] } },
{ "type": "Feature", "properties": { "TimeStep": 10, "Latitude": 34.051667714285713, "Longitude": -118.66892488141801, "State": "Burning" }, "geometry": { "type": "Point", "coordinates": [ -118.668924881418008, 34.051667714285713 ] } },
{ "type": "Feature", "properties": { "TimeStep": 10, "Latitude": 34.039830979591834, "Longitude": -118.54031605346812, "State": "Burning" }, "geometry": { "type": "Point", "coordinates": [ -118.540316053468118, 34.039830979591834 ] } },
{ "type": "Feature", "properties": { "TimeStep": 10, "Latitude": 34.039830979591834, "Longitude": -118.54031605346812, "State": "Burning" }, "geometry": { "type": "Point", "coordinates": [ -118.540316053468118, 34.039830979591834 ] } },
{ "type": "Feature", "properties": { "TimeStep": 10, "Latitude": 34.039830979591834, "Longitude": -118.533171118582, "State": "Burning" }, "geometry": { "type": "Point", "coordinates": [ -118.533171118582004, 34.039830979591834 ] } },
{ "type": "Feature", "properties": { "TimeStep": 10, "Latitude": 34.039830979591834, "Longitude": -118.54031605346812, "State": "Burning" }, "geometry": { "type": "Point", "coordinates": [ -118.540316053468118, 34.039830979591834 ] } },
{ "type": "Feature", "properties": { "TimeStep": 10, "Latitude": 34.039830979591834, "Longitude": -118.533171118582, "State": "Burning" }, "geometry": { "type": "Point", "coordinates": [ -118.533171118582004, 34.039830979591834 ] } },
{ "type": "Feature", "properties": { "TimeStep": 10, "Latitude": 34.051667714285713, "Longitude": -118.5260261836959, "State": "Burning" }, "geometry": { "type": "Point", "coordinates": [ -118.526026183695905, 34.051667714285713 ] } },
{ "type": "Feature", "properties": { "TimeStep": 10, "Latitude": 34.04574934693877, "Longitude": -118.66892488141801, "State": "Burning" }, "geometry": { "type": "Point", "coordinates": [ -118.668924881418008, 34.04574934693877 ] } },
{ "type": "Feature", "properties": { "TimeStep": 10, "Latitude": 34.051667714285713, "Longitude": -118.66892488141801, "State": "Burning" }, "geometry": { "type": "Point", "coordinates": [ -118.668924881418008, 34.051667714285713 ] } },
{ "type": "Feature", "properties": { "TimeStep": 10, "Latitude": 34.05758608163265, "Longitude": -118.66892488141801, "State": "Burning" }, "geometry": { "type": "Point", "coordinates": [ -118.668924881418008, 34.05758608163265 ] } },
{ "type": "Feature", "properties": { "TimeStep": 10, "Latitude": 34.051667714285713, "Longitude": -118.5260261836959, "State": "Burning" }, "geometry": { "type": "Point", "coordinates": [ -118.526026183695905, 34.051667714285713 ] } },
{ "type": "Feature", "properties": { "TimeStep": 10, "Latitude": 34.051667714285713, "Longitude": -118.5260261836959, "State": "Burning" }, "geometry": { "type": "Point", "coordinates": [ -118.526026183695905, 34.051667714285713 ] } },
{ "type": "Feature", "properties": { "TimeStep": 10, "Latitude": 34.063504448979586, "Longitude": -118.5260261836959, "State": "Burning" }, "geometry": { "type": "Point", "coordinates": [ -118.526026183695905, 34.063504448979586 ] } },
{ "type": "Feature", "properties": { "TimeStep": 10, "Latitude": 34.05758608163265, "Longitude": -118.66892488141801, "State": "Burning" }, "geometry": { "type": "Point", "coordinates": [ -118.668924881418008, 34.05758608163265 ] } },
{ "type": "Feature", "properties": { "TimeStep": 10, "Latitude": 34.063504448979586, "Longitude": -118.66892488141801, "State": "Burning" }, "geometry": { "type": "Point", "coordinates": [ -118.668924881418008, 34.063504448979586 ] } },
{ "type": "Feature", "properties": { "TimeStep": 10, "Latitude": 34.069422816326529, "Longitude": -118.66892488141801, "State": "Burning" }, "geometry": { "type": "Point", "coordinates": [ -118.668924881418008, 34.069422816326529 ] } },
{ "type": "Feature", "properties": { "TimeStep": 10, "Latitude": 34.069422816326529, "Longitude": -118.66892488141801, "State": "Burning" }, "geometry": { "type": "Point", "coordinates": [ -118.668924881418008, 34.069422816326529 ] } },
{ "type": "Feature", "properties": { "TimeStep": 10, "Latitude": 34.075341183673466, "Longitude": -118.66892488141801, "State": "Burning" }, "geometry": { "type": "Point", "coordinates": [ -118.668924881418008, 34.075341183673466 ] } },
{ "type": "Feature", "properties": { "TimeStep": 10, "Latitude": 34.081259551020409, "Longitude": -118.66892488141801, "State": "Burning" }, "geometry": { "type": "Point", "coordinates": [ -118.668924881418008, 34.081259551020409 ] } },
{ "type": "Feature", "properties": { "TimeStep": 10, "Latitude": 34.069422816326529, "Longitude": -118.5260261836959, "State": "Burning" }, "geometry": { "type": "Point", "coordinates": [ -118.526026183695905, 34.069422816326529 ] } },
{ "type": "Feature", "properties": { "TimeStep": 10, "Latitude": 34.075341183673466, "Longitude": -118.5260261836959, "State": "Burning" }, "geometry": { "type": "Point", "coordinates": [ -118.526026183695905, 34.075341183673466 ] } },
{ "type": "Feature", "properties": { "TimeStep": 10, "Latitude": 34.081259551020409, "Longitude": -118.5260261836959, "State": "Burning" }, "geometry": { "type": "Point", "coordinates": [ -118.526026183695905, 34.081259551020409 ] } },
{ "type": "Feature", "properties": { "TimeStep": 10, "Latitude": 34.075341183673466, "Longitude": -118.66892488141801, "State": "Burning" }, "geometry": { "type": "Point", "coordinates": [ -118.668924881418008, 34.075341183673466 ] } },
{ "type": "Feature", "properties": { "TimeStep": 10, "Latitude": 34.081259551020409, "Longitude": -118.66892488141801, "State": "Burning" }, "geometry": { "type": "Point", "coordinates": [ -118.668924881418008, 34.081259551020409 ] } },
{ "type": "Feature", "properties": { "TimeStep": 10, "Latitude": 34.087177918367345, "Longitude": -118.66892488141801, "State": "Burning" }, "geometry": { "type": "Point", "coordinates": [ -118.668924881418008, 34.087177918367345 ] } },
{ "type": "Feature", "properties": { "TimeStep": 10, "Latitude": 34.081259551020409, "Longitude": -118.66892488141801, "State": "Burning" }, "geometry": { "type": "Point", "coordinates": [ -118.668924881418008, 34.081259551020409 ] } },
{ "type": "Feature", "properties": { "TimeStep": 10, "Latitude": 34.087177918367345, "Longitude": -118.66892488141801, "State": "Burning" }, "geometry": { "type": "Point", "coordinates": [ -118.668924881418008, 34.087177918367345 ] } },
{ "type": "Feature", "properties": { "TimeStep": 10, "Latitude": 34.093096285714282, "Longitude": -118.66892488141801, "State": "Burning" }, "geometry": { "type": "Point", "coordinates": [ -118.668924881418008, 34.093096285714282 ] } },
{ "type": "Feature", "properties": { "TimeStep": 10, "Latitude": 34.081259551020409, "Longitude": -118.5260261836959, "State": "Burning" }, "geometry": { "type": "Point", "coordinates": [ -118.526026183695905, 34.081259551020409 ] } },
{ "type": "Feature", "properties": { "TimeStep": 10, "Latitude": 34.087177918367345, "Longitude": -118.5260261836959, "State": "Burning" }, "geometry": { "type": "Point", "coordinates": [ -118.526026183695905, 34.087177918367345 ] } },
{ "type": "Feature", "properties": { "TimeStep": 10, "Latitude": 34.087177918367345, "Longitude": -118.5260261836959, "State": "Burning" }, "geometry": { "type": "Point", "coordinates": [ -118.526026183695905, 34.087177918367345 ] } },
{ "type": "Feature", "properties": { "TimeStep": 10, "Latitude": 34.099014653061225, "Longitude": -118.533171118582, "State": "Burning" }, "geometry": { "type": "Point", "coordinates": [ -118.533171118582004, 34.099014653061225 ] } },
{ "type": "Feature", "properties": { "TimeStep": 10, "Latitude": 34.093096285714282, "Longitude": -118.66892488141801, "State": "Burning" }, "geometry": { "type": "Point", "coordinates": [ -118.668924881418008, 34.093096285714282 ] } },
{ "type": "Feature", "properties": { "TimeStep": 10, "Latitude": 34.099014653061225, "Longitude": -118.66892488141801, "State": "Burning" }, "geometry": { "type": "Point", "coordinates": [ -118.668924881418008, 34.099014653061225 ] } },
{ "type": "Feature", "properties": { "TimeStep": 10, "Latitude": 34.104933020408161, "Longitude": -118.66892488141801, "State": "Burning" }, "geometry": { "type": "Point", "coordinates": [ -118.668924881418008, 34.104933020408161 ] } },
{ "type": "Feature", "properties": { "TimeStep": 10, "Latitude": 34.099014653061225, "Longitude": -118.66892488141801, "State": "Burning" }, "geometry": { "type": "Point", "coordinates": [ -118.668924881418008, 34.099014653061225 ] } },
{ "type": "Feature", "properties": { "TimeStep": 10, "Latitude": 34.104933020408161, "Longitude": -118.66892488141801, "State": "Burning" }, "geometry": { "type": "Point", "coordinates": [ -118.668924881418008, 34.104933020408161 ] } },
{ "type": "Feature", "properties": { "TimeStep": 10, "Latitude": 34.110851387755098, "Longitude": -118.66892488141801, "State": "Burning" }, "geometry": { "type": "Point", "coordinates": [ -118.668924881418008, 34.110851387755098 ] } },
{ "type": "Feature", "properties": { "TimeStep": 10, "Latitude": 34.110851387755098, "Longitude": -118.5260261836959, "State": "Burning" }, "geometry": { "type": "Point", "coordinates": [ -118.526026183695905, 34.110851387755098 ] } },
{ "type": "Feature", "properties": { "TimeStep": 10, "Latitude": 34.110851387755098, "Longitude": -118.66892488141801, "State": "Burning" }, "geometry": { "type": "Point", "coordinates": [ -118.668924881418008, 34.110851387755098 ] } },
{ "type": "Feature", "properties": { "TimeStep": 10, "Latitude": 34.122688122448977, "Longitude": -118.66892488141801, "State": "Burning" }, "geometry": { "type": "Point", "coordinates": [ -118.668924881418008, 34.122688122448977 ] } },
{ "type": "Feature", "properties": { "TimeStep": 10, "Latitude": 34.122688122448977, "Longitude": -118.66177994653189, "State": "Burning" }, "geometry": { "type": "Point", "coordinates": [ -118.661779946531894, 34.122688122448977 ] } },
{ "type": "Feature", "properties": { "TimeStep": 10, "Latitude": 34.122688122448977, "Longitude": -118.66177994653189, "State": "Burning" }, "geometry": { "type": "Point", "coordinates": [ -118.661779946531894, 34.122688122448977 ] } },
{ "type": "Feature", "properties": { "TimeStep": 10, "Latitude": 34.122688122448977, "Longitude": -118.64749007675969, "State": "Burning" }, "geometry": { "type": "Point", "coordinates": [ -118.647490076759695, 34.122688122448977 ] } },
{ "type": "Feature", "properties": { "TimeStep": 10, "Latitude": 34.122688122448977, "Longitude": -118.64749007675969, "State": "Burning" }, "geometry": { "type": "Point", "coordinates": [ -118.647490076759695, 34.122688122448977 ] } },
{ "type": "Feature", "properties": { "TimeStep": 10, "Latitude": 34.122688122448977, "Longitude": -118.64749007675969, "State": "Burning" }, "geometry": { "type": "Point", "coordinates": [ -118.647490076759695, 34.122688122448977 ] } },
{ "type": "Feature", "properties": { "TimeStep": 10, "Latitude": 34.122688122448977, "Longitude": -118.533171118582, "State": "Burning" }, "geometry": { "type": "Point", "coordinates": [ -118.533171118582004, 34.122688122448977 ] } },
{ "type": "Feature", "properties": { "TimeStep": 10, "Latitude": 34.110851387755098, "Longitude": -118.5260261836959, "State": "Burning" }, "geometry": { "type": "Point", "coordinates": [ -118.526026183695905, 34.110851387755098 ] } },
{ "type": "Feature", "properties": { "TimeStep": 10, "Latitude": 34.122688122448977, "Longitude": -118.533171118582, "State": "Burning" }, "geometry": { "type": "Point", "coordinates": [ -118.533171118582004, 34.122688122448977 ] } },
{ "type": "Feature", "properties": { "TimeStep": 10, "Latitude": 34.122688122448977, "Longitude": -118.64749007675969, "State": "Burning" }, "geometry": { "type": "Point", "coordinates": [ -118.647490076759695, 34.122688122448977 ] } },
{ "type": "Feature", "properties": { "TimeStep": 10, "Latitude": 34.128606489795914, "Longitude": -118.64749007675969, "State": "Burning" }, "geometry": { "type": "Point", "coordinates": [ -118.647490076759695, 34.128606489795914 ] } },
{ "type": "Feature", "properties": { "TimeStep": 10, "Latitude": 34.128606489795914, "Longitude": -118.64034514187358, "State": "Burning" }, "geometry": { "type": "Point", "coordinates": [ -118.640345141873581, 34.128606489795914 ] } },
{ "type": "Feature", "properties": { "TimeStep": 10, "Latitude": 34.128606489795914, "Longitude": -118.55460592324032, "State": "Burning" }, "geometry": { "type": "Point", "coordinates": [ -118.554605923240317, 34.128606489795914 ] } },
{ "type": "Feature", "properties": { "TimeStep": 10, "Latitude": 34.128606489795914, "Longitude": -118.54746098835422, "State": "Burning" }, "geometry": { "type": "Point", "coordinates": [ -118.547460988354217, 34.128606489795914 ] } },
{ "type": "Feature", "properties": { "TimeStep": 10, "Latitude": 34.134524857142857, "Longitude": -118.62605527210137, "State": "Burning" }, "geometry": { "type": "Point", "coordinates": [ -118.626055272101368, 34.134524857142857 ] } },
{ "type": "Feature", "properties": { "TimeStep": 10, "Latitude": 34.134524857142857, "Longitude": -118.62605527210137, "State": "Burning" }, "geometry": { "type": "Point", "coordinates": [ -118.626055272101368, 34.134524857142857 ] } },
{ "type": "Feature", "properties": { "TimeStep": 10, "Latitude": 34.134524857142857, "Longitude": -118.60462046744306, "State": "Burning" }, "geometry": { "type": "Point", "coordinates": [ -118.604620467443056, 34.134524857142857 ] } },
{ "type": "Feature", "properties": { "TimeStep": 10, "Latitude": 34.134524857142857, "Longitude": -118.60462046744306, "State": "Burning" }, "geometry": { "type": "Point", "coordinates": [ -118.604620467443056, 34.134524857142857 ] } },
{ "type": "Feature", "properties": { "TimeStep": 10, "Latitude": 34.134524857142857, "Longitude": -118.59747553255696, "State": "Burning" }, "geometry": { "type": "Point", "coordinates": [ -118.597475532556956, 34.134524857142857 ] } },
{ "type": "Feature", "properties": { "TimeStep": 10, "Latitude": 34.134524857142857, "Longitude": -118.60462046744306, "State": "Burning" }, "geometry": { "type": "Point", "coordinates": [ -118.604620467443056, 34.134524857142857 ] } },
{ "type": "Feature", "properties": { "TimeStep": 10, "Latitude": 34.134524857142857, "Longitude": -118.59747553255696, "State": "Burning" }, "geometry": { "type": "Point", "coordinates": [ -118.597475532556956, 34.134524857142857 ] } },
{ "type": "Feature", "properties": { "TimeStep": 10, "Latitude": 34.134524857142857, "Longitude": -118.59033059767084, "State": "Burning" }, "geometry": { "type": "Point", "coordinates": [ -118.590330597670842, 34.134524857142857 ] } },
{ "type": "Feature", "properties": { "TimeStep": 10, "Latitude": 34.134524857142857, "Longitude": -118.59747553255696, "State": "Burning" }, "geometry": { "type": "Point", "coordinates": [ -118.597475532556956, 34.134524857142857 ] } },
{ "type": "Feature", "properties": { "TimeStep": 10, "Latitude": 34.134524857142857, "Longitude": -118.59033059767084, "State": "Burning" }, "geometry": { "type": "Point", "coordinates": [ -118.590330597670842, 34.134524857142857 ] } },
{ "type": "Feature", "properties": { "TimeStep": 10, "Latitude": 34.134524857142857, "Longitude": -118.58318566278474, "State": "Burning" }, "geometry": { "type": "Point", "coordinates": [ -118.583185662784743, 34.134524857142857 ] } },
{ "type": "Feature", "properties": { "TimeStep": 10, "Latitude": 34.134524857142857, "Longitude": -118.59033059767084, "State": "Burning" }, "geometry": { "type": "Point", "coordinates": [ -118.590330597670842, 34.134524857142857 ] } },
{ "type": "Feature", "properties": { "TimeStep": 10, "Latitude": 34.134524857142857, "Longitude": -118.58318566278474, "State": "Burning" }, "geometry": { "type": "Point", "coordinates": [ -118.583185662784743, 34.134524857142857 ] } },
{ "type": "Feature", "properties": { "TimeStep": 10, "Latitude": 34.134524857142857, "Longitude": -118.58318566278474, "State": "Burning" }, "geometry": { "type": "Point", "coordinates": [ -118.583185662784743, 34.134524857142857 ] } },
{ "type": "Feature", "properties": { "TimeStep": 11, "Latitude": 34.010239142857138, "Longitude": -118.63320020698748, "State": "Burning" }, "geometry": { "type": "Point", "coordinates": [ -118.633200206987482, 34.010239142857138 ] } },
{ "type": "Feature", "properties": { "TimeStep": 11, "Latitude": 34.010239142857138, "Longitude": -118.62605527210137, "State": "Burning" }, "geometry": { "type": "Point", "coordinates": [ -118.626055272101368, 34.010239142857138 ] } },
{ "type": "Feature", "properties": { "TimeStep": 11, "Latitude": 34.010239142857138, "Longitude": -118.61891033721527, "State": "Burning" }, "geometry": { "type": "Point", "coordinates": [ -118.618910337215269, 34.010239142857138 ] } },
{ "type": "Feature", "properties": { "TimeStep": 11, "Latitude": 34.010239142857138, "Longitude": -118.62605527210137, "State": "Burning" }, "geometry": { "type": "Point", "coordinates": [ -118.626055272101368, 34.010239142857138 ] } },
{ "type": "Feature", "properties": { "TimeStep": 11, "Latitude": 34.010239142857138, "Longitude": -118.61891033721527, "State": "Burning" }, "geometry": { "type": "Point", "coordinates": [ -118.618910337215269, 34.010239142857138 ] } },
{ "type": "Feature", "properties": { "TimeStep": 11, "Latitude": 34.010239142857138, "Longitude": -118.61891033721527, "State": "Burning" }, "geometry": { "type": "Point", "coordinates": [ -118.618910337215269, 34.010239142857138 ] } },
{ "type": "Feature", "properties": { "TimeStep": 11, "Latitude": 34.010239142857138, "Longitude": -118.60462046744306, "State": "Burning" }, "geometry": { "type": "Point", "coordinates": [ -118.604620467443056, 34.010239142857138 ] } },
{ "type": "Feature", "properties": { "TimeStep": 11, "Latitude": 34.010239142857138, "Longitude": -118.59747553255696, "State": "Burning" }, "geometry": { "type": "Point", "coordinates": [ -118.597475532556956, 34.010239142857138 ] } },
{ "type": "Feature", "properties": { "TimeStep": 11, "Latitude": 34.010239142857138, "Longitude": -118.59033059767084, "State": "Burning" }, "geometry": { "type": "Point", "coordinates": [ -118.590330597670842, 34.010239142857138 ] } },
{ "type": "Feature", "properties": { "TimeStep": 11, "Latitude": 34.010239142857138, "Longitude": -118.59033059767084, "State": "Burning" }, "geometry": { "type": "Point", "coordinates": [ -118.590330597670842, 34.010239142857138 ] } },
{ "type": "Feature", "properties": { "TimeStep": 11, "Latitude": 34.010239142857138, "Longitude": -118.57604072789864, "State": "Burning" }, "geometry": { "type": "Point", "coordinates": [ -118.576040727898643, 34.010239142857138 ] } },
{ "type": "Feature", "properties": { "TimeStep": 11, "Latitude": 34.010239142857138, "Longitude": -118.57604072789864, "State": "Burning" }, "geometry": { "type": "Point", "coordinates": [ -118.576040727898643, 34.010239142857138 ] } },
{ "type": "Feature", "properties": { "TimeStep": 11, "Latitude": 34.010239142857138, "Longitude": -118.57604072789864, "State": "Burning" }, "geometry": { "type": "Point", "coordinates": [ -118.576040727898643, 34.010239142857138 ] } },
{ "type": "Feature", "properties": { "TimeStep": 11, "Latitude": 34.010239142857138, "Longitude": -118.55460592324032, "State": "Burning" }, "geometry": { "type": "Point", "coordinates": [ -118.554605923240317, 34.010239142857138 ] } },
{ "type": "Feature", "properties": { "TimeStep": 11, "Latitude": 34.010239142857138, "Longitude": -118.54746098835422, "State": "Burning" }, "geometry": { "type": "Point", "coordinates": [ -118.547460988354217, 34.010239142857138 ] } },
{ "type": "Feature", "properties": { "TimeStep": 11, "Latitude": 34.016157510204081, "Longitude": -118.54031605346812, "State": "Burning" }, "geometry": { "type": "Point", "coordinates": [ -118.540316053468118, 34.016157510204081 ] } },
{ "type": "Feature", "properties": { "TimeStep": 11, "Latitude": 34.022075877551018, "Longitude": -118.54031605346812, "State": "Burning" }, "geometry": { "type": "Point", "coordinates": [ -118.540316053468118, 34.022075877551018 ] } },
{ "type": "Feature", "properties": { "TimeStep": 11, "Latitude": 34.027994244897954, "Longitude": -118.54031605346812, "State": "Burning" }, "geometry": { "type": "Point", "coordinates": [ -118.540316053468118, 34.027994244897954 ] } },
{ "type": "Feature", "properties": { "TimeStep": 11, "Latitude": 34.022075877551018, "Longitude": -118.65463501164579, "State": "Burning" }, "geometry": { "type": "Point", "coordinates": [ -118.654635011645794, 34.022075877551018 ] } },
{ "type": "Feature", "properties": { "TimeStep": 11, "Latitude": 34.022075877551018, "Longitude": -118.64034514187358, "State": "Burning" }, "geometry": { "type": "Point", "coordinates": [ -118.640345141873581, 34.022075877551018 ] } },
{ "type": "Feature", "properties": { "TimeStep": 11, "Latitude": 34.027994244897954, "Longitude": -118.64034514187358, "State": "Burning" }, "geometry": { "type": "Point", "coordinates": [ -118.640345141873581, 34.027994244897954 ] } },
{ "type": "Feature", "properties": { "TimeStep": 11, "Latitude": 34.022075877551018, "Longitude": -118.54031605346812, "State": "Burning" }, "geometry": { "type": "Point", "coordinates": [ -118.540316053468118, 34.022075877551018 ] } },
{ "type": "Feature", "properties": { "TimeStep": 11, "Latitude": 34.027994244897954, "Longitude": -118.54031605346812, "State": "Burning" }, "geometry": { "type": "Point", "coordinates": [ -118.540316053468118, 34.027994244897954 ] } },
{ "type": "Feature", "properties": { "TimeStep": 11, "Latitude": 34.027994244897954, "Longitude": -118.66892488141801, "State": "Burning" }, "geometry": { "type": "Point", "coordinates": [ -118.668924881418008, 34.027994244897954 ] } },
{ "type": "Feature", "properties": { "TimeStep": 11, "Latitude": 34.027994244897954, "Longitude": -118.54031605346812, "State": "Burning" }, "geometry": { "type": "Point", "coordinates": [ -118.540316053468118, 34.027994244897954 ] } },
{ "type": "Feature", "properties": { "TimeStep": 11, "Latitude": 34.027994244897954, "Longitude": -118.533171118582, "State": "Burning" }, "geometry": { "type": "Point", "coordinates": [ -118.533171118582004, 34.027994244897954 ] } },
{ "type": "Feature", "properties": { "TimeStep": 11, "Latitude": 34.033912612244897, "Longitude": -118.533171118582, "State": "Burning" }, "geometry": { "type": "Point", "coordinates": [ -118.533171118582004, 34.033912612244897 ] } },
{ "type": "Feature", "properties": { "TimeStep": 11, "Latitude": 34.033912612244897, "Longitude": -118.67606981630411, "State": "Burning" }, "geometry": { "type": "Point", "coordinates": [ -118.676069816304107, 34.033912612244897 ] } },
{ "type": "Feature", "properties": { "TimeStep": 11, "Latitude": 34.039830979591834, "Longitude": -118.67606981630411, "State": "Burning" }, "geometry": { "type": "Point", "coordinates": [ -118.676069816304107, 34.039830979591834 ] } },
{ "type": "Feature", "properties": { "TimeStep": 11, "Latitude": 34.033912612244897, "Longitude": -118.533171118582, "State": "Burning" }, "geometry": { "type": "Point", "coordinates": [ -118.533171118582004, 34.033912612244897 ] } },
{ "type": "Feature", "properties": { "TimeStep": 11, "Latitude": 34.033912612244897, "Longitude": -118.533171118582, "State": "Burning" }, "geometry": { "type": "Point", "coordinates": [ -118.533171118582004, 34.033912612244897 ] } },
{ "type": "Feature", "properties": { "TimeStep": 11, "Latitude": 34.033912612244897, "Longitude": -118.5260261836959, "State": "Burning" }, "geometry": { "type": "Point", "coordinates": [ -118.526026183695905, 34.033912612244897 ] } },
{ "type": "Feature", "properties": { "TimeStep": 11, "Latitude": 34.039830979591834, "Longitude": -118.67606981630411, "State": "Burning" }, "geometry": { "type": "Point", "coordinates": [ -118.676069816304107, 34.039830979591834 ] } },
{ "type": "Feature", "properties": { "TimeStep": 11, "Latitude": 34.05758608163265, "Longitude": -118.67606981630411, "State": "Burning" }, "geometry": { "type": "Point", "coordinates": [ -118.676069816304107, 34.05758608163265 ] } },
{ "type": "Feature", "properties": { "TimeStep": 11, "Latitude": 34.04574934693877, "Longitude": -118.51888124880979, "State": "Burning" }, "geometry": { "type": "Point", "coordinates": [ -118.518881248809791, 34.04574934693877 ] } },
{ "type": "Feature", "properties": { "TimeStep": 11, "Latitude": 34.051667714285713, "Longitude": -118.51888124880979, "State": "Burning" }, "geometry": { "type": "Point", "coordinates": [ -118.518881248809791, 34.051667714285713 ] } },
{ "type": "Feature", "properties": { "TimeStep": 11, "Latitude": 34.05758608163265, "Longitude": -118.51888124880979, "State": "Burning" }, "geometry": { "type": "Point", "coordinates": [ -118.518881248809791, 34.05758608163265 ] } },
{ "type": "Feature", "properties": { "TimeStep": 11, "Latitude": 34.05758608163265, "Longitude": -118.67606981630411, "State": "Burning" }, "geometry": { "type": "Point", "coordinates": [ -118.676069816304107, 34.05758608163265 ] } },
{ "type": "Feature", "properties": { "TimeStep": 11, "Latitude": 34.063504448979586, "Longitude": -118.67606981630411, "State": "Burning" }, "geometry": { "type": "Point", "coordinates": [ -118.676069816304107, 34.063504448979586 ] } },
{ "type": "Feature", "properties": { "TimeStep": 11, "Latitude": 34.05758608163265, "Longitude": -118.67606981630411, "State": "Burning" }, "geometry": { "type": "Point", "coordinates": [ -118.676069816304107, 34.05758608163265 ] } },
{ "type": "Feature", "properties": { "TimeStep": 11, "Latitude": 34.063504448979586, "Longitude": -118.67606981630411, "State": "Burning" }, "geometry": { "type": "Point", "coordinates": [ -118.676069816304107, 34.063504448979586 ] } },
{ "type": "Feature", "properties": { "TimeStep": 11, "Latitude": 34.069422816326529, "Longitude": -118.67606981630411, "State": "Burning" }, "geometry": { "type": "Point", "coordinates": [ -118.676069816304107, 34.069422816326529 ] } },
{ "type": "Feature", "properties": { "TimeStep": 11, "Latitude": 34.05758608163265, "Longitude": -118.51888124880979, "State": "Burning" }, "geometry": { "type": "Point", "coordinates": [ -118.518881248809791, 34.05758608163265 ] } },
{ "type": "Feature", "properties": { "TimeStep": 11, "Latitude": 34.063504448979586, "Longitude": -118.51888124880979, "State": "Burning" }, "geometry": { "type": "Point", "coordinates": [ -118.518881248809791, 34.063504448979586 ] } },
{ "type": "Feature", "properties": { "TimeStep": 11, "Latitude": 34.069422816326529, "Longitude": -118.51888124880979, "State": "Burning" }, "geometry": { "type": "Point", "coordinates": [ -118.518881248809791, 34.069422816326529 ] } },
{ "type": "Feature", "properties": { "TimeStep": 11, "Latitude": 34.063504448979586, "Longitude": -118.67606981630411, "State": "Burning" }, "geometry": { "type": "Point", "coordinates": [ -118.676069816304107, 34.063504448979586 ] } },
{ "type": "Feature", "properties": { "TimeStep": 11, "Latitude": 34.069422816326529, "Longitude": -118.67606981630411, "State": "Burning" }, "geometry": { "type": "Point", "coordinates": [ -118.676069816304107, 34.069422816326529 ] } },
{ "type": "Feature", "properties": { "TimeStep": 11, "Latitude": 34.075341183673466, "Longitude": -118.67606981630411, "State": "Burning" }, "geometry": { "type": "Point", "coordinates": [ -118.676069816304107, 34.075341183673466 ] } },
{ "type": "Feature", "properties": { "TimeStep": 11, "Latitude": 34.063504448979586, "Longitude": -118.51888124880979, "State": "Burning" }, "geometry": { "type": "Point", "coordinates": [ -118.518881248809791, 34.063504448979586 ] } },
{ "type": "Feature", "properties": { "TimeStep": 11, "Latitude": 34.069422816326529, "Longitude": -118.51888124880979, "State": "Burning" }, "geometry": { "type": "Point", "coordinates": [ -118.518881248809791, 34.069422816326529 ] } },
{ "type": "Feature", "properties": { "TimeStep": 11, "Latitude": 34.075341183673466, "Longitude": -118.51888124880979, "State": "Burning" }, "geometry": { "type": "Point", "coordinates": [ -118.518881248809791, 34.075341183673466 ] } },
{ "type": "Feature", "properties": { "TimeStep": 11, "Latitude": 34.069422816326529, "Longitude": -118.67606981630411, "State": "Burning" }, "geometry": { "type": "Point", "coordinates": [ -118.676069816304107, 34.069422816326529 ] } },
{ "type": "Feature", "properties": { "TimeStep": 11, "Latitude": 34.075341183673466, "Longitude": -118.67606981630411, "State": "Burning" }, "geometry": { "type": "Point", "coordinates": [ -118.676069816304107, 34.075341183673466 ] } },
{ "type": "Feature", "properties": { "TimeStep": 11, "Latitude": 34.081259551020409, "Longitude": -118.67606981630411, "State": "Burning" }, "geometry": { "type": "Point", "coordinates": [ -118.676069816304107, 34.081259551020409 ] } },
{ "type": "Feature", "properties": { "TimeStep": 11, "Latitude": 34.069422816326529, "Longitude": -118.51888124880979, "State": "Burning" }, "geometry": { "type": "Point", "coordinates": [ -118.518881248809791, 34.069422816326529 ] } },
{ "type": "Feature", "properties": { "TimeStep": 11, "Latitude": 34.075341183673466, "Longitude": -118.51888124880979, "State": "Burning" }, "geometry": { "type": "Point", "coordinates": [ -118.518881248809791, 34.075341183673466 ] } },
{ "type": "Feature", "properties": { "TimeStep": 11, "Latitude": 34.081259551020409, "Longitude": -118.51888124880979, "State": "Burning" }, "geometry": { "type": "Point", "coordinates": [ -118.518881248809791, 34.081259551020409 ] } },
{ "type": "Feature", "properties": { "TimeStep": 11, "Latitude": 34.075341183673466, "Longitude": -118.67606981630411, "State": "Burning" }, "geometry": { "type": "Point", "coordinates": [ -118.676069816304107, 34.075341183673466 ] } },
{ "type": "Feature", "properties": { "TimeStep": 11, "Latitude": 34.081259551020409, "Longitude": -118.67606981630411, "State": "Burning" }, "geometry": { "type": "Point", "coordinates": [ -118.676069816304107, 34.081259551020409 ] } },
{ "type": "Feature", "properties": { "TimeStep": 11, "Latitude": 34.087177918367345, "Longitude": -118.67606981630411, "State": "Burning" }, "geometry": { "type": "Point", "coordinates": [ -118.676069816304107, 34.087177918367345 ] } },
{ "type": "Feature", "properties": { "TimeStep": 11, "Latitude": 34.075341183673466, "Longitude": -118.51888124880979, "State": "Burning" }, "geometry": { "type": "Point", "coordinates": [ -118.518881248809791, 34.075341183673466 ] } },
{ "type": "Feature", "properties": { "TimeStep": 11, "Latitude": 34.081259551020409, "Longitude": -118.51888124880979, "State": "Burning" }, "geometry": { "type": "Point", "coordinates": [ -118.518881248809791, 34.081259551020409 ] } },
{ "type": "Feature", "properties": { "TimeStep": 11, "Latitude": 34.087177918367345, "Longitude": -118.51888124880979, "State": "Burning" }, "geometry": { "type": "Point", "coordinates": [ -118.518881248809791, 34.087177918367345 ] } },
{ "type": "Feature", "properties": { "TimeStep": 11, "Latitude": 34.081259551020409, "Longitude": -118.67606981630411, "State": "Burning" }, "geometry": { "type": "Point", "coordinates": [ -118.676069816304107, 34.081259551020409 ] } },
{ "type": "Feature", "properties": { "TimeStep": 11, "Latitude": 34.087177918367345, "Longitude": -118.67606981630411, "State": "Burning" }, "geometry": { "type": "Point", "coordinates": [ -118.676069816304107, 34.087177918367345 ] } },
{ "type": "Feature", "properties": { "TimeStep": 11, "Latitude": 34.093096285714282, "Longitude": -118.67606981630411, "State": "Burning" }, "geometry": { "type": "Point", "coordinates": [ -118.676069816304107, 34.093096285714282 ] } },
{ "type": "Feature", "properties": { "TimeStep": 11, "Latitude": 34.081259551020409, "Longitude": -118.51888124880979, "State": "Burning" }, "geometry": { "type": "Point", "coordinates": [ -118.518881248809791, 34.081259551020409 ] } },
{ "type": "Feature", "properties": { "TimeStep": 11, "Latitude": 34.087177918367345, "Longitude": -118.51888124880979, "State": "Burning" }, "geometry": { "type": "Point", "coordinates": [ -118.518881248809791, 34.087177918367345 ] } },
{ "type": "Feature", "properties": { "TimeStep": 11, "Latitude": 34.093096285714282, "Longitude": -118.51888124880979, "State": "Burning" }, "geometry": { "type": "Point", "coordinates": [ -118.518881248809791, 34.093096285714282 ] } },
{ "type": "Feature", "properties": { "TimeStep": 11, "Latitude": 34.087177918367345, "Longitude": -118.67606981630411, "State": "Burning" }, "geometry": { "type": "Point", "coordinates": [ -118.676069816304107, 34.087177918367345 ] } },
{ "type": "Feature", "properties": { "TimeStep": 11, "Latitude": 34.093096285714282, "Longitude": -118.67606981630411, "State": "Burning" }, "geometry": { "type": "Point", "coordinates": [ -118.676069816304107, 34.093096285714282 ] } },
{ "type": "Feature", "properties": { "TimeStep": 11, "Latitude": 34.093096285714282, "Longitude": -118.67606981630411, "State": "Burning" }, "geometry": { "type": "Point", "coordinates": [ -118.676069816304107, 34.093096285714282 ] } },
{ "type": "Feature", "properties": { "TimeStep": 11, "Latitude": 34.104933020408161, "Longitude": -118.67606981630411, "State": "Burning" }, "geometry": { "type": "Point", "coordinates": [ -118.676069816304107, 34.104933020408161 ] } },
{ "type": "Feature", "properties": { "TimeStep": 11, "Latitude": 34.104933020408161, "Longitude": -118.67606981630411, "State": "Burning" }, "geometry": { "type": "Point", "coordinates": [ -118.676069816304107, 34.104933020408161 ] } },
{ "type": "Feature", "properties": { "TimeStep": 11, "Latitude": 34.110851387755098, "Longitude": -118.67606981630411, "State": "Burning" }, "geometry": { "type": "Point", "coordinates": [ -118.676069816304107, 34.110851387755098 ] } },
{ "type": "Feature", "properties": { "TimeStep": 11, "Latitude": 34.104933020408161, "Longitude": -118.67606981630411, "State": "Burning" }, "geometry": { "type": "Point", "coordinates": [ -118.676069816304107, 34.104933020408161 ] } },
{ "type": "Feature", "properties": { "TimeStep": 11, "Latitude": 34.110851387755098, "Longitude": -118.67606981630411, "State": "Burning" }, "geometry": { "type": "Point", "coordinates": [ -118.676069816304107, 34.110851387755098 ] } },
{ "type": "Feature", "properties": { "TimeStep": 11, "Latitude": 34.110851387755098, "Longitude": -118.51888124880979, "State": "Burning" }, "geometry": { "type": "Point", "coordinates": [ -118.518881248809791, 34.110851387755098 ] } },
{ "type": "Feature", "properties": { "TimeStep": 11, "Latitude": 34.128606489795914, "Longitude": -118.54031605346812, "State": "Burning" }, "geometry": { "type": "Point", "coordinates": [ -118.540316053468118, 34.128606489795914 ] } },
{ "type": "Feature", "properties": { "TimeStep": 11, "Latitude": 34.128606489795914, "Longitude": -118.5260261836959, "State": "Burning" }, "geometry": { "type": "Point", "coordinates": [ -118.526026183695905, 34.128606489795914 ] } },
{ "type": "Feature", "properties": { "TimeStep": 11, "Latitude": 34.134524857142857, "Longitude": -118.65463501164579, "State": "Burning" }, "geometry": { "type": "Point", "coordinates": [ -118.654635011645794, 34.134524857142857 ] } },
{ "type": "Feature", "properties": { "TimeStep": 11, "Latitude": 34.134524857142857, "Longitude": -118.64749007675969, "State": "Burning" }, "geometry": { "type": "Point", "coordinates": [ -118.647490076759695, 34.134524857142857 ] } },
{ "type": "Feature", "properties": { "TimeStep": 11, "Latitude": 34.134524857142857, "Longitude": -118.64034514187358, "State": "Burning" }, "geometry": { "type": "Point", "coordinates": [ -118.640345141873581, 34.134524857142857 ] } },
{ "type": "Feature", "properties": { "TimeStep": 11, "Latitude": 34.134524857142857, "Longitude": -118.64749007675969, "State": "Burning" }, "geometry": { "type": "Point", "coordinates": [ -118.647490076759695, 34.134524857142857 ] } },
{ "type": "Feature", "properties": { "TimeStep": 11, "Latitude": 34.134524857142857, "Longitude": -118.64034514187358, "State": "Burning" }, "geometry": { "type": "Point", "coordinates": [ -118.640345141873581, 34.134524857142857 ] } },
{ "type": "Feature", "properties": { "TimeStep": 11, "Latitude": 34.134524857142857, "Longitude": -118.55460592324032, "State": "Burning" }, "geometry": { "type": "Point", "coordinates": [ -118.554605923240317, 34.134524857142857 ] } },
{ "type": "Feature", "properties": { "TimeStep": 11, "Latitude": 34.128606489795914, "Longitude": -118.54031605346812, "State": "Burning" }, "geometry": { "type": "Point", "coordinates": [ -118.540316053468118, 34.128606489795914 ] } },
{ "type": "Feature", "properties": { "TimeStep": 11, "Latitude": 34.134524857142857, "Longitude": -118.55460592324032, "State": "Burning" }, "geometry": { "type": "Point", "coordinates": [ -118.554605923240317, 34.134524857142857 ] } },
{ "type": "Feature", "properties": { "TimeStep": 11, "Latitude": 34.134524857142857, "Longitude": -118.54031605346812, "State": "Burning" }, "geometry": { "type": "Point", "coordinates": [ -118.540316053468118, 34.134524857142857 ] } },
{ "type": "Feature", "properties": { "TimeStep": 11, "Latitude": 34.140443224489793, "Longitude": -118.62605527210137, "State": "Burning" }, "geometry": { "type": "Point", "coordinates": [ -118.626055272101368, 34.140443224489793 ] } },
{ "type": "Feature", "properties": { "TimeStep": 11, "Latitude": 34.140443224489793, "Longitude": -118.61176540232917, "State": "Burning" }, "geometry": { "type": "Point", "coordinates": [ -118.611765402329169, 34.140443224489793 ] } },
{ "type": "Feature", "properties": { "TimeStep": 11, "Latitude": 34.140443224489793, "Longitude": -118.59747553255696, "State": "Burning" }, "geometry": { "type": "Point", "coordinates": [ -118.597475532556956, 34.140443224489793 ] } },
{ "type": "Feature", "properties": { "TimeStep": 11, "Latitude": 34.140443224489793, "Longitude": -118.59747553255696, "State": "Burning" }, "geometry": { "type": "Point", "coordinates": [ -118.597475532556956, 34.140443224489793 ] } },
{ "type": "Feature", "properties": { "TimeStep": 11, "Latitude": 34.140443224489793, "Longitude": -118.59033059767084, "State": "Burning" }, "geometry": { "type": "Point", "coordinates": [ -118.590330597670842, 34.140443224489793 ] } },
{ "type": "Feature", "properties": { "TimeStep": 11, "Latitude": 34.140443224489793, "Longitude": -118.59747553255696, "State": "Burning" }, "geometry": { "type": "Point", "coordinates": [ -118.597475532556956, 34.140443224489793 ] } },
{ "type": "Feature", "properties": { "TimeStep": 11, "Latitude": 34.140443224489793, "Longitude": -118.59033059767084, "State": "Burning" }, "geometry": { "type": "Point", "coordinates": [ -118.590330597670842, 34.140443224489793 ] } },
{ "type": "Feature", "properties": { "TimeStep": 11, "Latitude": 34.140443224489793, "Longitude": -118.59033059767084, "State": "Burning" }, "geometry": { "type": "Point", "coordinates": [ -118.590330597670842, 34.140443224489793 ] } },
{ "type": "Feature", "properties": { "TimeStep": 11, "Latitude": 34.140443224489793, "Longitude": -118.57604072789864, "State": "Burning" }, "geometry": { "type": "Point", "coordinates": [ -118.576040727898643, 34.140443224489793 ] } },
{ "type": "Feature", "properties": { "TimeStep": 12, "Latitude": 34.004320775510202, "Longitude": -118.64034514187358, "State": "Burning" }, "geometry": { "type": "Point", "coordinates": [ -118.640345141873581, 34.004320775510202 ] } },
{ "type": "Feature", "properties": { "TimeStep": 12, "Latitude": 34.004320775510202, "Longitude": -118.63320020698748, "State": "Burning" }, "geometry": { "type": "Point", "coordinates": [ -118.633200206987482, 34.004320775510202 ] } },
{ "type": "Feature", "properties": { "TimeStep": 12, "Latitude": 34.004320775510202, "Longitude": -118.62605527210137, "State": "Burning" }, "geometry": { "type": "Point", "coordinates": [ -118.626055272101368, 34.004320775510202 ] } },
{ "type": "Feature", "properties": { "TimeStep": 12, "Latitude": 34.010239142857138, "Longitude": -118.64034514187358, "State": "Burning" }, "geometry": { "type": "Point", "coordinates": [ -118.640345141873581, 34.010239142857138 ] } },
{ "type": "Feature", "properties": { "TimeStep": 12, "Latitude": 34.016157510204081, "Longitude": -118.64034514187358, "State": "Burning" }, "geometry": { "type": "Point", "coordinates": [ -118.640345141873581, 34.016157510204081 ] } },
{ "type": "Feature", "properties": { "TimeStep": 12, "Latitude": 34.004320775510202, "Longitude": -118.63320020698748, "State": "Burning" }, "geometry": { "type": "Point", "coordinates": [ -118.633200206987482, 34.004320775510202 ] } },
{ "type": "Feature", "properties": { "TimeStep": 12, "Latitude": 34.004320775510202, "Longitude": -118.62605527210137, "State": "Burning" }, "geometry": { "type": "Point", "coordinates": [ -118.626055272101368, 34.004320775510202 ] } },
{ "type": "Feature", "properties": { "TimeStep": 12, "Latitude": 34.004320775510202, "Longitude": -118.61891033721527, "State": "Burning" }, "geometry": { "type": "Point", "coordinates": [ -118.618910337215269, 34.004320775510202 ] } },
{ "type": "Feature", "properties": { "TimeStep": 12, "Latitude": 34.004320775510202, "Longitude": -118.62605527210137, "State": "Burning" }, "geometry": { "type": "Point", "coordinates": [ -118.626055272101368, 34.004320775510202 ] } },
{ "type": "Feature", "properties": { "TimeStep": 12, "Latitude": 34.004320775510202, "Longitude": -118.61891033721527, "State": "Burning" }, "geometry": { "type": "Point", "coordinates": [ -118.618910337215269, 34.004320775510202 ] } },
{ "type": "Feature", "properties": { "TimeStep": 12, "Latitude": 34.004320775510202, "Longitude": -118.61176540232917, "State": "Burning" }, "geometry": { "type": "Point", "coordinates": [ -118.611765402329169, 34.004320775510202 ] } },
{ "type": "Feature", "properties": { "TimeStep": 12, "Latitude": 34.004320775510202, "Longitude": -118.61176540232917, "State": "Burning" }, "geometry": { "type": "Point", "coordinates": [ -118.611765402329169, 34.004320775510202 ] } },
{ "type": "Feature", "properties": { "TimeStep": 12, "Latitude": 34.004320775510202, "Longitude": -118.59747553255696, "State": "Burning" }, "geometry": { "type": "Point", "coordinates": [ -118.597475532556956, 34.004320775510202 ] } },
{ "type": "Feature", "properties": { "TimeStep": 12, "Latitude": 34.004320775510202, "Longitude": -118.59747553255696, "State": "Burning" }, "geometry": { "type": "Point", "coordinates": [ -118.597475532556956, 34.004320775510202 ] } },
{ "type": "Feature", "properties": { "TimeStep": 12, "Latitude": 34.004320775510202, "Longitude": -118.59747553255696, "State": "Burning" }, "geometry": { "type": "Point", "coordinates": [ -118.597475532556956, 34.004320775510202 ] } },
{ "type": "Feature", "properties": { "TimeStep": 12, "Latitude": 34.004320775510202, "Longitude": -118.58318566278474, "State": "Burning" }, "geometry": { "type": "Point", "coordinates": [ -118.583185662784743, 34.004320775510202 ] } },
{ "type": "Feature", "properties": { "TimeStep": 12, "Latitude": 34.004320775510202, "Longitude": -118.58318566278474, "State": "Burning" }, "geometry": { "type": "Point", "coordinates": [ -118.583185662784743, 34.004320775510202 ] } },
{ "type": "Feature", "properties": { "TimeStep": 12, "Latitude": 34.004320775510202, "Longitude": -118.57604072789864, "State": "Burning" }, "geometry": { "type": "Point", "coordinates": [ -118.576040727898643, 34.004320775510202 ] } },
{ "type": "Feature", "properties": { "TimeStep": 12, "Latitude": 34.004320775510202, "Longitude": -118.56889579301253, "State": "Burning" }, "geometry": { "type": "Point", "coordinates": [ -118.56889579301253, 34.004320775510202 ] } },
{ "type": "Feature", "properties": { "TimeStep": 12, "Latitude": 34.004320775510202, "Longitude": -118.56175085812643, "State": "Burning" }, "geometry": { "type": "Point", "coordinates": [ -118.56175085812643, 34.004320775510202 ] } },
{ "type": "Feature", "properties": { "TimeStep": 12, "Latitude": 34.004320775510202, "Longitude": -118.55460592324032, "State": "Burning" }, "geometry": { "type": "Point", "coordinates": [ -118.554605923240317, 34.004320775510202 ] } },
{ "type": "Feature", "properties": { "TimeStep": 12, "Latitude": 34.004320775510202, "Longitude": -118.54746098835422, "State": "Burning" }, "geometry": { "type": "Point", "coordinates": [ -118.547460988354217, 34.004320775510202 ] } },
{ "type": "Feature", "properties": { "TimeStep": 12, "Latitude": 34.004320775510202, "Longitude": -118.55460592324032, "State": "Burning" }, "geometry": { "type": "Point", "coordinates": [ -118.554605923240317, 34.004320775510202 ] } },
{ "type": "Feature", "properties": { "TimeStep": 12, "Latitude": 34.004320775510202, "Longitude": -118.54746098835422, "State": "Burning" }, "geometry": { "type": "Point", "coordinates": [ -118.547460988354217, 34.004320775510202 ] } },
{ "type": "Feature", "properties": { "TimeStep": 12, "Latitude": 34.010239142857138, "Longitude": -118.54031605346812, "State": "Burning" }, "geometry": { "type": "Point", "coordinates": [ -118.540316053468118, 34.010239142857138 ] } },
{ "type": "Feature", "properties": { "TimeStep": 12, "Latitude": 34.010239142857138, "Longitude": -118.54031605346812, "State": "Burning" }, "geometry": { "type": "Point", "coordinates": [ -118.540316053468118, 34.010239142857138 ] } },
{ "type": "Feature", "properties": { "TimeStep": 12, "Latitude": 34.022075877551018, "Longitude": -118.533171118582, "State": "Burning" }, "geometry": { "type": "Point", "coordinates": [ -118.533171118582004, 34.022075877551018 ] } },
{ "type": "Feature", "properties": { "TimeStep": 12, "Latitude": 34.016157510204081, "Longitude": -118.66177994653189, "State": "Burning" }, "geometry": { "type": "Point", "coordinates": [ -118.661779946531894, 34.016157510204081 ] } },
{ "type": "Feature", "properties": { "TimeStep": 12, "Latitude": 34.016157510204081, "Longitude": -118.65463501164579, "State": "Burning" }, "geometry": { "type": "Point", "coordinates": [ -118.654635011645794, 34.016157510204081 ] } },
{ "type": "Feature", "properties": { "TimeStep": 12, "Latitude": 34.016157510204081, "Longitude": -118.64749007675969, "State": "Burning" }, "geometry": { "type": "Point", "coordinates": [ -118.647490076759695, 34.016157510204081 ] } },
{ "type": "Feature", "properties": { "TimeStep": 12, "Latitude": 34.022075877551018, "Longitude": -118.66177994653189, "State": "Burning" }, "geometry": { "type": "Point", "coordinates": [ -118.661779946531894, 34.022075877551018 ] } },
{ "type": "Feature", "properties": { "TimeStep": 12, "Latitude": 34.016157510204081, "Longitude": -118.64749007675969, "State": "Burning" }, "geometry": { "type": "Point", "coordinates": [ -118.647490076759695, 34.016157510204081 ] } },
{ "type": "Feature", "properties": { "TimeStep": 12, "Latitude": 34.016157510204081, "Longitude": -118.64034514187358, "State": "Burning" }, "geometry": { "type": "Point", "coordinates": [ -118.640345141873581, 34.016157510204081 ] } },
{ "type": "Feature", "properties": { "TimeStep": 12, "Latitude": 34.022075877551018, "Longitude": -118.533171118582, "State": "Burning" }, "geometry": { "type": "Point", "coordinates": [ -118.533171118582004, 34.022075877551018 ] } },
{ "type": "Feature", "properties": { "TimeStep": 12, "Latitude": 34.022075877551018, "Longitude": -118.67606981630411, "State": "Burning" }, "geometry": { "type": "Point", "coordinates": [ -118.676069816304107, 34.022075877551018 ] } },
{ "type": "Feature", "properties": { "TimeStep": 12, "Latitude": 34.022075877551018, "Longitude": -118.66892488141801, "State": "Burning" }, "geometry": { "type": "Point", "coordinates": [ -118.668924881418008, 34.022075877551018 ] } },
{ "type": "Feature", "properties": { "TimeStep": 12, "Latitude": 34.022075877551018, "Longitude": -118.66177994653189, "State": "Burning" }, "geometry": { "type": "Point", "coordinates": [ -118.661779946531894, 34.022075877551018 ] } },
{ "type": "Feature", "properties": { "TimeStep": 12, "Latitude": 34.027994244897954, "Longitude": -118.67606981630411, "State": "Burning" }, "geometry": { "type": "Point", "coordinates": [ -118.676069816304107, 34.027994244897954 ] } },
{ "type": "Feature", "properties": { "TimeStep": 12, "Latitude": 34.022075877551018, "Longitude": -118.533171118582, "State": "Burning" }, "geometry": { "type": "Point", "coordinates": [ -118.533171118582004, 34.022075877551018 ] } },
{ "type": "Feature", "properties": { "TimeStep": 12, "Latitude": 34.022075877551018, "Longitude": -118.533171118582, "State": "Burning" }, "geometry": { "type": "Point", "coordinates": [ -118.533171118582004, 34.022075877551018 ] } },
{ "type": "Feature", "properties": { "TimeStep": 12, "Latitude": 34.027994244897954, "Longitude": -118.5260261836959, "State": "Burning" }, "geometry": { "type": "Point", "coordinates": [ -118.526026183695905, 34.027994244897954 ] } },
{ "type": "Feature", "properties": { "TimeStep": 12, "Latitude": 34.027994244897954, "Longitude": -118.67606981630411, "State": "Burning" }, "geometry": { "type": "Point", "coordinates": [ -118.676069816304107, 34.027994244897954 ] } },
{ "type": "Feature", "properties": { "TimeStep": 12, "Latitude": 34.033912612244897, "Longitude": -118.68321475119022, "State": "Burning" }, "geometry": { "type": "Point", "coordinates": [ -118.683214751190221, 34.033912612244897 ] } },
{ "type": "Feature", "properties": { "TimeStep": 12, "Latitude": 34.039830979591834, "Longitude": -118.68321475119022, "State": "Burning" }, "geometry": { "type": "Point", "coordinates": [ -118.683214751190221, 34.039830979591834 ] } },
{ "type": "Feature", "properties": { "TimeStep": 12, "Latitude": 34.027994244897954, "Longitude": -118.5260261836959, "State": "Burning" }, "geometry": { "type": "Point", "coordinates": [ -118.526026183695905, 34.027994244897954 ] } },
{ "type": "Feature", "properties": { "TimeStep": 12, "Latitude": 34.027994244897954, "Longitude": -118.5260261836959, "State": "Burning" }, "geometry": { "type": "Point", "coordinates": [ -118.526026183695905, 34.027994244897954 ] } },
{ "type": "Feature", "properties": { "TimeStep": 12, "Latitude": 34.027994244897954, "Longitude": -118.51888124880979, "State": "Burning" }, "geometry": { "type": "Point", "coordinates": [ -118.518881248809791, 34.027994244897954 ] } },
{ "type": "Feature", "properties": { "TimeStep": 12, "Latitude": 34.039830979591834, "Longitude": -118.51888124880979, "State": "Burning" }, "geometry": { "type": "Point", "coordinates": [ -118.518881248809791, 34.039830979591834 ] } },
{ "type": "Feature", "properties": { "TimeStep": 12, "Latitude": 34.033912612244897, "Longitude": -118.68321475119022, "State": "Burning" }, "geometry": { "type": "Point", "coordinates": [ -118.683214751190221, 34.033912612244897 ] } },
{ "type": "Feature", "properties": { "TimeStep": 12, "Latitude": 34.039830979591834, "Longitude": -118.68321475119022, "State": "Burning" }, "geometry": { "type": "Point", "coordinates": [ -118.683214751190221, 34.039830979591834 ] } },
{ "type": "Feature", "properties": { "TimeStep": 12, "Latitude": 34.04574934693877, "Longitude": -118.68321475119022, "State": "Burning" }, "geometry": { "type": "Point", "coordinates": [ -118.683214751190221, 34.04574934693877 ] } },
{ "type": "Feature", "properties": { "TimeStep": 12, "Latitude": 34.039830979591834, "Longitude": -118.51888124880979, "State": "Burning" }, "geometry": { "type": "Point", "coordinates": [ -118.518881248809791, 34.039830979591834 ] } },
{ "type": "Feature", "properties": { "TimeStep": 12, "Latitude": 34.039830979591834, "Longitude": -118.51173631392369, "State": "Burning" }, "geometry": { "type": "Point", "coordinates": [ -118.511736313923691, 34.039830979591834 ] } },
{ "type": "Feature", "properties": { "TimeStep": 12, "Latitude": 34.051667714285713, "Longitude": -118.51173631392369, "State": "Burning" }, "geometry": { "type": "Point", "coordinates": [ -118.511736313923691, 34.051667714285713 ] } },
{ "type": "Feature", "properties": { "TimeStep": 12, "Latitude": 34.051667714285713, "Longitude": -118.51173631392369, "State": "Burning" }, "geometry": { "type": "Point", "coordinates": [ -118.511736313923691, 34.051667714285713 ] } },
{ "type": "Feature", "properties": { "TimeStep": 12, "Latitude": 34.05758608163265, "Longitude": -118.51173631392369, "State": "Burning" }, "geometry": { "type": "Point", "coordinates": [ -118.511736313923691, 34.05758608163265 ] } },
{ "type": "Feature", "properties": { "TimeStep": 12, "Latitude": 34.051667714285713, "Longitude": -118.68321475119022, "State": "Burning" }, "geometry": { "type": "Point", "coordinates": [ -118.683214751190221, 34.051667714285713 ] } },
{ "type": "Feature", "properties": { "TimeStep": 12, "Latitude": 34.05758608163265, "Longitude": -118.68321475119022, "State": "Burning" }, "geometry": { "type": "Point", "coordinates": [ -118.683214751190221, 34.05758608163265 ] } },
{ "type": "Feature", "properties": { "TimeStep": 12, "Latitude": 34.063504448979586, "Longitude": -118.68321475119022, "State": "Burning" }, "geometry": { "type": "Point", "coordinates": [ -118.683214751190221, 34.063504448979586 ] } },
{ "type": "Feature", "properties": { "TimeStep": 12, "Latitude": 34.051667714285713, "Longitude": -118.51173631392369, "State": "Burning" }, "geometry": { "type": "Point", "coordinates": [ -118.511736313923691, 34.051667714285713 ] } },
{ "type": "Feature", "properties": { "TimeStep": 12, "Latitude": 34.05758608163265, "Longitude": -118.51173631392369, "State": "Burning" }, "geometry": { "type": "Point", "coordinates": [ -118.511736313923691, 34.05758608163265 ] } },
{ "type": "Feature", "properties": { "TimeStep": 12, "Latitude": 34.063504448979586, "Longitude": -118.51173631392369, "State": "Burning" }, "geometry": { "type": "Point", "coordinates": [ -118.511736313923691, 34.063504448979586 ] } },
{ "type": "Feature", "properties": { "TimeStep": 12, "Latitude": 34.05758608163265, "Longitude": -118.68321475119022, "State": "Burning" }, "geometry": { "type": "Point", "coordinates": [ -118.683214751190221, 34.05758608163265 ] } },
{ "type": "Feature", "properties": { "TimeStep": 12, "Latitude": 34.063504448979586, "Longitude": -118.68321475119022, "State": "Burning" }, "geometry": { "type": "Point", "coordinates": [ -118.683214751190221, 34.063504448979586 ] } },
{ "type": "Feature", "properties": { "TimeStep": 12, "Latitude": 34.069422816326529, "Longitude": -118.68321475119022, "State": "Burning" }, "geometry": { "type": "Point", "coordinates": [ -118.683214751190221, 34.069422816326529 ] } },
{ "type": "Feature", "properties": { "TimeStep": 12, "Latitude": 34.05758608163265, "Longitude": -118.51173631392369, "State": "Burning" }, "geometry": { "type": "Point", "coordinates": [ -118.511736313923691, 34.05758608163265 ] } },
{ "type": "Feature", "properties": { "TimeStep": 12, "Latitude": 34.063504448979586, "Longitude": -118.51173631392369, "State": "Burning" }, "geometry": { "type": "Point", "coordinates": [ -118.511736313923691, 34.063504448979586 ] } },
{ "type": "Feature", "properties": { "TimeStep": 12, "Latitude": 34.069422816326529, "Longitude": -118.51173631392369, "State": "Burning" }, "geometry": { "type": "Point", "coordinates": [ -118.511736313923691, 34.069422816326529 ] } },
{ "type": "Feature", "properties": { "TimeStep": 12, "Latitude": 34.063504448979586, "Longitude": -118.68321475119022, "State": "Burning" }, "geometry": { "type": "Point", "coordinates": [ -118.683214751190221, 34.063504448979586 ] } },
{ "type": "Feature", "properties": { "TimeStep": 12, "Latitude": 34.069422816326529, "Longitude": -118.68321475119022, "State": "Burning" }, "geometry": { "type": "Point", "coordinates": [ -118.683214751190221, 34.069422816326529 ] } },
{ "type": "Feature", "properties": { "TimeStep": 12, "Latitude": 34.063504448979586, "Longitude": -118.51173631392369, "State": "Burning" }, "geometry": { "type": "Point", "coordinates": [ -118.511736313923691, 34.063504448979586 ] } },
{ "type": "Feature", "properties": { "TimeStep": 12, "Latitude": 34.069422816326529, "Longitude": -118.51173631392369, "State": "Burning" }, "geometry": { "type": "Point", "coordinates": [ -118.511736313923691, 34.069422816326529 ] } },
{ "type": "Feature", "properties": { "TimeStep": 12, "Latitude": 34.069422816326529, "Longitude": -118.68321475119022, "State": "Burning" }, "geometry": { "type": "Point", "coordinates": [ -118.683214751190221, 34.069422816326529 ] } },
{ "type": "Feature", "properties": { "TimeStep": 12, "Latitude": 34.081259551020409, "Longitude": -118.68321475119022, "State": "Burning" }, "geometry": { "type": "Point", "coordinates": [ -118.683214751190221, 34.081259551020409 ] } },
{ "type": "Feature", "properties": { "TimeStep": 12, "Latitude": 34.069422816326529, "Longitude": -118.51173631392369, "State": "Burning" }, "geometry": { "type": "Point", "coordinates": [ -118.511736313923691, 34.069422816326529 ] } },
{ "type": "Feature", "properties": { "TimeStep": 12, "Latitude": 34.081259551020409, "Longitude": -118.51173631392369, "State": "Burning" }, "geometry": { "type": "Point", "coordinates": [ -118.511736313923691, 34.081259551020409 ] } },
{ "type": "Feature", "properties": { "TimeStep": 12, "Latitude": 34.081259551020409, "Longitude": -118.68321475119022, "State": "Burning" }, "geometry": { "type": "Point", "coordinates": [ -118.683214751190221, 34.081259551020409 ] } },
{ "type": "Feature", "properties": { "TimeStep": 12, "Latitude": 34.087177918367345, "Longitude": -118.68321475119022, "State": "Burning" }, "geometry": { "type": "Point", "coordinates": [ -118.683214751190221, 34.087177918367345 ] } },
{ "type": "Feature", "properties": { "TimeStep": 12, "Latitude": 34.081259551020409, "Longitude": -118.51173631392369, "State": "Burning" }, "geometry": { "type": "Point", "coordinates": [ -118.511736313923691, 34.081259551020409 ] } },
{ "type": "Feature", "properties": { "TimeStep": 12, "Latitude": 34.087177918367345, "Longitude": -118.51173631392369, "State": "Burning" }, "geometry": { "type": "Point", "coordinates": [ -118.511736313923691, 34.087177918367345 ] } },
{ "type": "Feature", "properties": { "TimeStep": 12, "Latitude": 34.081259551020409, "Longitude": -118.68321475119022, "State": "Burning" }, "geometry": { "type": "Point", "coordinates": [ -118.683214751190221, 34.081259551020409 ] } },
{ "type": "Feature", "properties": { "TimeStep": 12, "Latitude": 34.087177918367345, "Longitude": -118.68321475119022, "State": "Burning" }, "geometry": { "type": "Point", "coordinates": [ -118.683214751190221, 34.087177918367345 ] } },
{ "type": "Feature", "properties": { "TimeStep": 12, "Latitude": 34.081259551020409, "Longitude": -118.51173631392369, "State": "Burning" }, "geometry": { "type": "Point", "coordinates": [ -118.511736313923691, 34.081259551020409 ] } },
{ "type": "Feature", "properties": { "TimeStep": 12, "Latitude": 34.087177918367345, "Longitude": -118.51173631392369, "State": "Burning" }, "geometry": { "type": "Point", "coordinates": [ -118.511736313923691, 34.087177918367345 ] } },
{ "type": "Feature", "properties": { "TimeStep": 12, "Latitude": 34.093096285714282, "Longitude": -118.51173631392369, "State": "Burning" }, "geometry": { "type": "Point", "coordinates": [ -118.511736313923691, 34.093096285714282 ] } },
{ "type": "Feature", "properties": { "TimeStep": 12, "Latitude": 34.087177918367345, "Longitude": -118.68321475119022, "State": "Burning" }, "geometry": { "type": "Point", "coordinates": [ -118.683214751190221, 34.087177918367345 ] } },
{ "type": "Feature", "properties": { "TimeStep": 12, "Latitude": 34.099014653061225, "Longitude": -118.68321475119022, "State": "Burning" }, "geometry": { "type": "Point", "coordinates": [ -118.683214751190221, 34.099014653061225 ] } },
{ "type": "Feature", "properties": { "TimeStep": 12, "Latitude": 34.087177918367345, "Longitude": -118.51173631392369, "State": "Burning" }, "geometry": { "type": "Point", "coordinates": [ -118.511736313923691, 34.087177918367345 ] } },
{ "type": "Feature", "properties": { "TimeStep": 12, "Latitude": 34.093096285714282, "Longitude": -118.51173631392369, "State": "Burning" }, "geometry": { "type": "Point", "coordinates": [ -118.511736313923691, 34.093096285714282 ] } },
{ "type": "Feature", "properties": { "TimeStep": 12, "Latitude": 34.099014653061225, "Longitude": -118.68321475119022, "State": "Burning" }, "geometry": { "type": "Point", "coordinates": [ -118.683214751190221, 34.099014653061225 ] } },
{ "type": "Feature", "properties": { "TimeStep": 12, "Latitude": 34.104933020408161, "Longitude": -118.68321475119022, "State": "Burning" }, "geometry": { "type": "Point", "coordinates": [ -118.683214751190221, 34.104933020408161 ] } },
{ "type": "Feature", "properties": { "TimeStep": 12, "Latitude": 34.110851387755098, "Longitude": -118.68321475119022, "State": "Burning" }, "geometry": { "type": "Point", "coordinates": [ -118.683214751190221, 34.110851387755098 ] } },
{ "type": "Feature", "properties": { "TimeStep": 12, "Latitude": 34.104933020408161, "Longitude": -118.68321475119022, "State": "Burning" }, "geometry": { "type": "Point", "coordinates": [ -118.683214751190221, 34.104933020408161 ] } },
{ "type": "Feature", "properties": { "TimeStep": 12, "Latitude": 34.110851387755098, "Longitude": -118.68321475119022, "State": "Burning" }, "geometry": { "type": "Point", "coordinates": [ -118.683214751190221, 34.110851387755098 ] } },
{ "type": "Feature", "properties": { "TimeStep": 12, "Latitude": 34.104933020408161, "Longitude": -118.51173631392369, "State": "Burning" }, "geometry": { "type": "Point", "coordinates": [ -118.511736313923691, 34.104933020408161 ] } },
{ "type": "Feature", "properties": { "TimeStep": 12, "Latitude": 34.110851387755098, "Longitude": -118.51173631392369, "State": "Burning" }, "geometry": { "type": "Point", "coordinates": [ -118.511736313923691, 34.110851387755098 ] } },
{ "type": "Feature", "properties": { "TimeStep": 12, "Latitude": 34.116769755102041, "Longitude": -118.51173631392369, "State": "Burning" }, "geometry": { "type": "Point", "coordinates": [ -118.511736313923691, 34.116769755102041 ] } },
{ "type": "Feature", "properties": { "TimeStep": 12, "Latitude": 34.134524857142857, "Longitude": -118.533171118582, "State": "Burning" }, "geometry": { "type": "Point", "coordinates": [ -118.533171118582004, 34.134524857142857 ] } },
{ "type": "Feature", "properties": { "TimeStep": 12, "Latitude": 34.122688122448977, "Longitude": -118.51888124880979, "State": "Burning" }, "geometry": { "type": "Point", "coordinates": [ -118.518881248809791, 34.122688122448977 ] } },
{ "type": "Feature", "properties": { "TimeStep": 12, "Latitude": 34.128606489795914, "Longitude": -118.51888124880979, "State": "Burning" }, "geometry": { "type": "Point", "coordinates": [ -118.518881248809791, 34.128606489795914 ] } },
{ "type": "Feature", "properties": { "TimeStep": 12, "Latitude": 34.134524857142857, "Longitude": -118.533171118582, "State": "Burning" }, "geometry": { "type": "Point", "coordinates": [ -118.533171118582004, 34.134524857142857 ] } },
{ "type": "Feature", "properties": { "TimeStep": 12, "Latitude": 34.134524857142857, "Longitude": -118.5260261836959, "State": "Burning" }, "geometry": { "type": "Point", "coordinates": [ -118.526026183695905, 34.134524857142857 ] } },
{ "type": "Feature", "properties": { "TimeStep": 12, "Latitude": 34.140443224489793, "Longitude": -118.65463501164579, "State": "Burning" }, "geometry": { "type": "Point", "coordinates": [ -118.654635011645794, 34.140443224489793 ] } },
{ "type": "Feature", "properties": { "TimeStep": 12, "Latitude": 34.140443224489793, "Longitude": -118.65463501164579, "State": "Burning" }, "geometry": { "type": "Point", "coordinates": [ -118.654635011645794, 34.140443224489793 ] } },
{ "type": "Feature", "properties": { "TimeStep": 12, "Latitude": 34.140443224489793, "Longitude": -118.64034514187358, "State": "Burning" }, "geometry": { "type": "Point", "coordinates": [ -118.640345141873581, 34.140443224489793 ] } },
{ "type": "Feature", "properties": { "TimeStep": 12, "Latitude": 34.140443224489793, "Longitude": -118.64034514187358, "State": "Burning" }, "geometry": { "type": "Point", "coordinates": [ -118.640345141873581, 34.140443224489793 ] } },
{ "type": "Feature", "properties": { "TimeStep": 12, "Latitude": 34.140443224489793, "Longitude": -118.55460592324032, "State": "Burning" }, "geometry": { "type": "Point", "coordinates": [ -118.554605923240317, 34.140443224489793 ] } },
{ "type": "Feature", "properties": { "TimeStep": 12, "Latitude": 34.140443224489793, "Longitude": -118.54746098835422, "State": "Burning" }, "geometry": { "type": "Point", "coordinates": [ -118.547460988354217, 34.140443224489793 ] } },
{ "type": "Feature", "properties": { "TimeStep": 12, "Latitude": 34.134524857142857, "Longitude": -118.533171118582, "State": "Burning" }, "geometry": { "type": "Point", "coordinates": [ -118.533171118582004, 34.134524857142857 ] } },
{ "type": "Feature", "properties": { "TimeStep": 12, "Latitude": 34.140443224489793, "Longitude": -118.54746098835422, "State": "Burning" }, "geometry": { "type": "Point", "coordinates": [ -118.547460988354217, 34.140443224489793 ] } },
{ "type": "Feature", "properties": { "TimeStep": 12, "Latitude": 34.146361591836737, "Longitude": -118.63320020698748, "State": "Burning" }, "geometry": { "type": "Point", "coordinates": [ -118.633200206987482, 34.146361591836737 ] } },
{ "type": "Feature", "properties": { "TimeStep": 12, "Latitude": 34.146361591836737, "Longitude": -118.62605527210137, "State": "Burning" }, "geometry": { "type": "Point", "coordinates": [ -118.626055272101368, 34.146361591836737 ] } },
{ "type": "Feature", "properties": { "TimeStep": 12, "Latitude": 34.146361591836737, "Longitude": -118.61891033721527, "State": "Burning" }, "geometry": { "type": "Point", "coordinates": [ -118.618910337215269, 34.146361591836737 ] } },
{ "type": "Feature", "properties": { "TimeStep": 12, "Latitude": 34.146361591836737, "Longitude": -118.61891033721527, "State": "Burning" }, "geometry": { "type": "Point", "coordinates": [ -118.618910337215269, 34.146361591836737 ] } },
{ "type": "Feature", "properties": { "TimeStep": 12, "Latitude": 34.146361591836737, "Longitude": -118.61176540232917, "State": "Burning" }, "geometry": { "type": "Point", "coordinates": [ -118.611765402329169, 34.146361591836737 ] } },
{ "type": "Feature", "properties": { "TimeStep": 12, "Latitude": 34.146361591836737, "Longitude": -118.60462046744306, "State": "Burning" }, "geometry": { "type": "Point", "coordinates": [ -118.604620467443056, 34.146361591836737 ] } },
{ "type": "Feature", "properties": { "TimeStep": 12, "Latitude": 34.146361591836737, "Longitude": -118.60462046744306, "State": "Burning" }, "geometry": { "type": "Point", "coordinates": [ -118.604620467443056, 34.146361591836737 ] } },
{ "type": "Feature", "properties": { "TimeStep": 12, "Latitude": 34.146361591836737, "Longitude": -118.59747553255696, "State": "Burning" }, "geometry": { "type": "Point", "coordinates": [ -118.597475532556956, 34.146361591836737 ] } },
{ "type": "Feature", "properties": { "TimeStep": 12, "Latitude": 34.146361591836737, "Longitude": -118.59033059767084, "State": "Burning" }, "geometry": { "type": "Point", "coordinates": [ -118.590330597670842, 34.146361591836737 ] } },
{ "type": "Feature", "properties": { "TimeStep": 12, "Latitude": 34.146361591836737, "Longitude": -118.59747553255696, "State": "Burning" }, "geometry": { "type": "Point", "coordinates": [ -118.597475532556956, 34.146361591836737 ] } },
{ "type": "Feature", "properties": { "TimeStep": 12, "Latitude": 34.146361591836737, "Longitude": -118.59033059767084, "State": "Burning" }, "geometry": { "type": "Point", "coordinates": [ -118.590330597670842, 34.146361591836737 ] } },
{ "type": "Feature", "properties": { "TimeStep": 12, "Latitude": 34.146361591836737, "Longitude": -118.58318566278474, "State": "Burning" }, "geometry": { "type": "Point", "coordinates": [ -118.583185662784743, 34.146361591836737 ] } },
{ "type": "Feature", "properties": { "TimeStep": 12, "Latitude": 34.140443224489793, "Longitude": -118.56889579301253, "State": "Burning" }, "geometry": { "type": "Point", "coordinates": [ -118.56889579301253, 34.140443224489793 ] } },
{ "type": "Feature", "properties": { "TimeStep": 12, "Latitude": 34.146361591836737, "Longitude": -118.58318566278474, "State": "Burning" }, "geometry": { "type": "Point", "coordinates": [ -118.583185662784743, 34.146361591836737 ] } },
{ "type": "Feature", "properties": { "TimeStep": 12, "Latitude": 34.146361591836737, "Longitude": -118.57604072789864, "State": "Burning" }, "geometry": { "type": "Point", "coordinates": [ -118.576040727898643, 34.146361591836737 ] } },
{ "type": "Feature", "properties": { "TimeStep": 12, "Latitude": 34.146361591836737, "Longitude": -118.56889579301253, "State": "Burning" }, "geometry": { "type": "Point", "coordinates": [ -118.56889579301253, 34.146361591836737 ] } },
{ "type": "Feature", "properties": { "TimeStep": 13, "Latitude": 33.998402408163258, "Longitude": -118.64749007675969, "State": "Burning" }, "geometry": { "type": "Point", "coordinates": [ -118.647490076759695, 33.998402408163258 ] } },
{ "type": "Feature", "properties": { "TimeStep": 13, "Latitude": 33.998402408163258, "Longitude": -118.64034514187358, "State": "Burning" }, "geometry": { "type": "Point", "coordinates": [ -118.640345141873581, 33.998402408163258 ] } },
{ "type": "Feature", "properties": { "TimeStep": 13, "Latitude": 33.998402408163258, "Longitude": -118.63320020698748, "State": "Burning" }, "geometry": { "type": "Point", "coordinates": [ -118.633200206987482, 33.998402408163258 ] } },
{ "type": "Feature", "properties": { "TimeStep": 13, "Latitude": 33.998402408163258, "Longitude": -118.64034514187358, "State": "Burning" }, "geometry": { "type": "Point", "coordinates": [ -118.640345141873581, 33.998402408163258 ] } },
{ "type": "Feature", "properties": { "TimeStep": 13, "Latitude": 33.998402408163258, "Longitude": -118.63320020698748, "State": "Burning" }, "geometry": { "type": "Point", "coordinates": [ -118.633200206987482, 33.998402408163258 ] } },
{ "type": "Feature", "properties": { "TimeStep": 13, "Latitude": 33.998402408163258, "Longitude": -118.62605527210137, "State": "Burning" }, "geometry": { "type": "Point", "coordinates": [ -118.626055272101368, 33.998402408163258 ] } },
{ "type": "Feature", "properties": { "TimeStep": 13, "Latitude": 33.998402408163258, "Longitude": -118.63320020698748, "State": "Burning" }, "geometry": { "type": "Point", "coordinates": [ -118.633200206987482, 33.998402408163258 ] } },
{ "type": "Feature", "properties": { "TimeStep": 13, "Latitude": 33.998402408163258, "Longitude": -118.62605527210137, "State": "Burning" }, "geometry": { "type": "Point", "coordinates": [ -118.626055272101368, 33.998402408163258 ] } },
{ "type": "Feature", "properties": { "TimeStep": 13, "Latitude": 33.998402408163258, "Longitude": -118.62605527210137, "State": "Burning" }, "geometry": { "type": "Point", "coordinates": [ -118.626055272101368, 33.998402408163258 ] } },
{ "type": "Feature", "properties": { "TimeStep": 13, "Latitude": 33.998402408163258, "Longitude": -118.60462046744306, "State": "Burning" }, "geometry": { "type": "Point", "coordinates": [ -118.604620467443056, 33.998402408163258 ] } },
{ "type": "Feature", "properties": { "TimeStep": 13, "Latitude": 33.998402408163258, "Longitude": -118.60462046744306, "State": "Burning" }, "geometry": { "type": "Point", "coordinates": [ -118.604620467443056, 33.998402408163258 ] } },
{ "type": "Feature", "properties": { "TimeStep": 13, "Latitude": 33.998402408163258, "Longitude": -118.58318566278474, "State": "Burning" }, "geometry": { "type": "Point", "coordinates": [ -118.583185662784743, 33.998402408163258 ] } },
{ "type": "Feature", "properties": { "TimeStep": 13, "Latitude": 33.998402408163258, "Longitude": -118.58318566278474, "State": "Burning" }, "geometry": { "type": "Point", "coordinates": [ -118.583185662784743, 33.998402408163258 ] } },
{ "type": "Feature", "properties": { "TimeStep": 13, "Latitude": 33.998402408163258, "Longitude": -118.56889579301253, "State": "Burning" }, "geometry": { "type": "Point", "coordinates": [ -118.56889579301253, 33.998402408163258 ] } },
{ "type": "Feature", "properties": { "TimeStep": 13, "Latitude": 33.998402408163258, "Longitude": -118.56889579301253, "State": "Burning" }, "geometry": { "type": "Point", "coordinates": [ -118.56889579301253, 33.998402408163258 ] } },
{ "type": "Feature", "properties": { "TimeStep": 13, "Latitude": 33.998402408163258, "Longitude": -118.56175085812643, "State": "Burning" }, "geometry": { "type": "Point", "coordinates": [ -118.56175085812643, 33.998402408163258 ] } },
{ "type": "Feature", "properties": { "TimeStep": 13, "Latitude": 33.998402408163258, "Longitude": -118.56889579301253, "State": "Burning" }, "geometry": { "type": "Point", "coordinates": [ -118.56889579301253, 33.998402408163258 ] } },
{ "type": "Feature", "properties": { "TimeStep": 13, "Latitude": 33.998402408163258, "Longitude": -118.56175085812643, "State": "Burning" }, "geometry": { "type": "Point", "coordinates": [ -118.56175085812643, 33.998402408163258 ] } },
{ "type": "Feature", "properties": { "TimeStep": 13, "Latitude": 33.998402408163258, "Longitude": -118.56175085812643, "State": "Burning" }, "geometry": { "type": "Point", "coordinates": [ -118.56175085812643, 33.998402408163258 ] } },
{ "type": "Feature", "properties": { "TimeStep": 13, "Latitude": 33.998402408163258, "Longitude": -118.54031605346812, "State": "Burning" }, "geometry": { "type": "Point", "coordinates": [ -118.540316053468118, 33.998402408163258 ] } },
{ "type": "Feature", "properties": { "TimeStep": 13, "Latitude": 34.004320775510202, "Longitude": -118.533171118582, "State": "Burning" }, "geometry": { "type": "Point", "coordinates": [ -118.533171118582004, 34.004320775510202 ] } },
{ "type": "Feature", "properties": { "TimeStep": 13, "Latitude": 34.010239142857138, "Longitude": -118.66892488141801, "State": "Burning" }, "geometry": { "type": "Point", "coordinates": [ -118.668924881418008, 34.010239142857138 ] } },
{ "type": "Feature", "properties": { "TimeStep": 13, "Latitude": 34.016157510204081, "Longitude": -118.68321475119022, "State": "Burning" }, "geometry": { "type": "Point", "coordinates": [ -118.683214751190221, 34.016157510204081 ] } },
{ "type": "Feature", "properties": { "TimeStep": 13, "Latitude": 34.016157510204081, "Longitude": -118.67606981630411, "State": "Burning" }, "geometry": { "type": "Point", "coordinates": [ -118.676069816304107, 34.016157510204081 ] } },
{ "type": "Feature", "properties": { "TimeStep": 13, "Latitude": 34.016157510204081, "Longitude": -118.67606981630411, "State": "Burning" }, "geometry": { "type": "Point", "coordinates": [ -118.676069816304107, 34.016157510204081 ] } },
{ "type": "Feature", "properties": { "TimeStep": 13, "Latitude": 34.022075877551018, "Longitude": -118.51888124880979, "State": "Burning" }, "geometry": { "type": "Point", "coordinates": [ -118.518881248809791, 34.022075877551018 ] } },
{ "type": "Feature", "properties": { "TimeStep": 13, "Latitude": 34.022075877551018, "Longitude": -118.51888124880979, "State": "Burning" }, "geometry": { "type": "Point", "coordinates": [ -118.518881248809791, 34.022075877551018 ] } },
{ "type": "Feature", "properties": { "TimeStep": 13, "Latitude": 34.022075877551018, "Longitude": -118.51173631392369, "State": "Burning" }, "geometry": { "type": "Point", "coordinates": [ -118.511736313923691, 34.022075877551018 ] } },
{ "type": "Feature", "properties": { "TimeStep": 13, "Latitude": 34.027994244897954, "Longitude": -118.51173631392369, "State": "Burning" }, "geometry": { "type": "Point", "coordinates": [ -118.511736313923691, 34.027994244897954 ] } },
{ "type": "Feature", "properties": { "TimeStep": 13, "Latitude": 34.033912612244897, "Longitude": -118.51173631392369, "State": "Burning" }, "geometry": { "type": "Point", "coordinates": [ -118.511736313923691, 34.033912612244897 ] } },
{ "type": "Feature", "properties": { "TimeStep": 13, "Latitude": 34.027994244897954, "Longitude": -118.69035968607632, "State": "Burning" }, "geometry": { "type": "Point", "coordinates": [ -118.69035968607632, 34.027994244897954 ] } },
{ "type": "Feature", "properties": { "TimeStep": 13, "Latitude": 34.039830979591834, "Longitude": -118.69035968607632, "State": "Burning" }, "geometry": { "type": "Point", "coordinates": [ -118.69035968607632, 34.039830979591834 ] } },
{ "type": "Feature", "properties": { "TimeStep": 13, "Latitude": 34.039830979591834, "Longitude": -118.69035968607632, "State": "Burning" }, "geometry": { "type": "Point", "coordinates": [ -118.69035968607632, 34.039830979591834 ] } },
{ "type": "Feature", "properties": { "TimeStep": 13, "Latitude": 34.04574934693877, "Longitude": -118.69035968607632, "State": "Burning" }, "geometry": { "type": "Point", "coordinates": [ -118.69035968607632, 34.04574934693877 ] } },
{ "type": "Feature", "properties": { "TimeStep": 13, "Latitude": 34.033912612244897, "Longitude": -118.51173631392369, "State": "Burning" }, "geometry": { "type": "Point", "coordinates": [ -118.511736313923691, 34.033912612244897 ] } },
{ "type": "Feature", "properties": { "TimeStep": 13, "Latitude": 34.033912612244897, "Longitude": -118.51173631392369, "State": "Burning" }, "geometry": { "type": "Point", "coordinates": [ -118.511736313923691, 34.033912612244897 ] } },
{ "type": "Feature", "properties": { "TimeStep": 13, "Latitude": 34.033912612244897, "Longitude": -118.50459137903758, "State": "Burning" }, "geometry": { "type": "Point", "coordinates": [ -118.504591379037578, 34.033912612244897 ] } },
{ "type": "Feature", "properties": { "TimeStep": 13, "Latitude": 34.04574934693877, "Longitude": -118.50459137903758, "State": "Burning" }, "geometry": { "type": "Point", "coordinates": [ -118.504591379037578, 34.04574934693877 ] } },
{ "type": "Feature", "properties": { "TimeStep": 13, "Latitude": 34.039830979591834, "Longitude": -118.69035968607632, "State": "Burning" }, "geometry": { "type": "Point", "coordinates": [ -118.69035968607632, 34.039830979591834 ] } },
{ "type": "Feature", "properties": { "TimeStep": 13, "Latitude": 34.04574934693877, "Longitude": -118.69035968607632, "State": "Burning" }, "geometry": { "type": "Point", "coordinates": [ -118.69035968607632, 34.04574934693877 ] } },
{ "type": "Feature", "properties": { "TimeStep": 13, "Latitude": 34.051667714285713, "Longitude": -118.69035968607632, "State": "Burning" }, "geometry": { "type": "Point", "coordinates": [ -118.69035968607632, 34.051667714285713 ] } },
{ "type": "Feature", "properties": { "TimeStep": 13, "Latitude": 34.04574934693877, "Longitude": -118.69035968607632, "State": "Burning" }, "geometry": { "type": "Point", "coordinates": [ -118.69035968607632, 34.04574934693877 ] } },
{ "type": "Feature", "properties": { "TimeStep": 13, "Latitude": 34.051667714285713, "Longitude": -118.69035968607632, "State": "Burning" }, "geometry": { "type": "Point", "coordinates": [ -118.69035968607632, 34.051667714285713 ] } },
{ "type": "Feature", "properties": { "TimeStep": 13, "Latitude": 34.05758608163265, "Longitude": -118.69035968607632, "State": "Burning" }, "geometry": { "type": "Point", "coordinates": [ -118.69035968607632, 34.05758608163265 ] } },
{ "type": "Feature", "properties": { "TimeStep": 13, "Latitude": 34.04574934693877, "Longitude": -118.50459137903758, "State": "Burning" }, "geometry": { "type": "Point", "coordinates": [ -118.504591379037578, 34.04574934693877 ] } },
{ "type": "Feature", "properties": { "TimeStep": 13, "Latitude": 34.051667714285713, "Longitude": -118.50459137903758, "State": "Burning" }, "geometry": { "type": "Point", "coordinates": [ -118.504591379037578, 34.051667714285713 ] } },
{ "type": "Feature", "properties": { "TimeStep": 13, "Latitude": 34.05758608163265, "Longitude": -118.50459137903758, "State": "Burning" }, "geometry": { "type": "Point", "coordinates": [ -118.504591379037578, 34.05758608163265 ] } },
{ "type": "Feature", "properties": { "TimeStep": 13, "Latitude": 34.051667714285713, "Longitude": -118.69035968607632, "State": "Burning" }, "geometry": { "type": "Point", "coordinates": [ -118.69035968607632, 34.051667714285713 ] } },
{ "type": "Feature", "properties": { "TimeStep": 13, "Latitude": 34.05758608163265, "Longitude": -118.69035968607632, "State": "Burning" }, "geometry": { "type": "Point", "coordinates": [ -118.69035968607632, 34.05758608163265 ] } },
{ "type": "Feature", "properties": { "TimeStep": 13, "Latitude": 34.063504448979586, "Longitude": -118.69035968607632, "State": "Burning" }, "geometry": { "type": "Point", "coordinates": [ -118.69035968607632, 34.063504448979586 ] } },
{ "type": "Feature", "properties": { "TimeStep": 13, "Latitude": 34.051667714285713, "Longitude": -118.50459137903758, "State": "Burning" }, "geometry": { "type": "Point", "coordinates": [ -118.504591379037578, 34.051667714285713 ] } },
{ "type": "Feature", "properties": { "TimeStep": 13, "Latitude": 34.05758608163265, "Longitude": -118.50459137903758, "State": "Burning" }, "geometry": { "type": "Point", "coordinates": [ -118.504591379037578, 34.05758608163265 ] } },
{ "type": "Feature", "properties": { "TimeStep": 13, "Latitude": 34.063504448979586, "Longitude": -118.50459137903758, "State": "Burning" }, "geometry": { "type": "Point", "coordinates": [ -118.504591379037578, 34.063504448979586 ] } },
{ "type": "Feature", "properties": { "TimeStep": 13, "Latitude": 34.05758608163265, "Longitude": -118.69035968607632, "State": "Burning" }, "geometry": { "type": "Point", "coordinates": [ -118.69035968607632, 34.05758608163265 ] } },
{ "type": "Feature", "properties": { "TimeStep": 13, "Latitude": 34.063504448979586, "Longitude": -118.69035968607632, "State": "Burning" }, "geometry": { "type": "Point", "coordinates": [ -118.69035968607632, 34.063504448979586 ] } },
{ "type": "Feature", "properties": { "TimeStep": 13, "Latitude": 34.05758608163265, "Longitude": -118.50459137903758, "State": "Burning" }, "geometry": { "type": "Point", "coordinates": [ -118.504591379037578, 34.05758608163265 ] } },
{ "type": "Feature", "properties": { "TimeStep": 13, "Latitude": 34.063504448979586, "Longitude": -118.50459137903758, "State": "Burning" }, "geometry": { "type": "Point", "coordinates": [ -118.504591379037578, 34.063504448979586 ] } },
{ "type": "Feature", "properties": { "TimeStep": 13, "Latitude": 34.063504448979586, "Longitude": -118.69035968607632, "State": "Burning" }, "geometry": { "type": "Point", "coordinates": [ -118.69035968607632, 34.063504448979586 ] } },
{ "type": "Feature", "properties": { "TimeStep": 13, "Latitude": 34.075341183673466, "Longitude": -118.69035968607632, "State": "Burning" }, "geometry": { "type": "Point", "coordinates": [ -118.69035968607632, 34.075341183673466 ] } },
{ "type": "Feature", "properties": { "TimeStep": 13, "Latitude": 34.063504448979586, "Longitude": -118.50459137903758, "State": "Burning" }, "geometry": { "type": "Point", "coordinates": [ -118.504591379037578, 34.063504448979586 ] } },
{ "type": "Feature", "properties": { "TimeStep": 13, "Latitude": 34.075341183673466, "Longitude": -118.50459137903758, "State": "Burning" }, "geometry": { "type": "Point", "coordinates": [ -118.504591379037578, 34.075341183673466 ] } },
{ "type": "Feature", "properties": { "TimeStep": 13, "Latitude": 34.075341183673466, "Longitude": -118.69035968607632, "State": "Burning" }, "geometry": { "type": "Point", "coordinates": [ -118.69035968607632, 34.075341183673466 ] } },
{ "type": "Feature", "properties": { "TimeStep": 13, "Latitude": 34.087177918367345, "Longitude": -118.69035968607632, "State": "Burning" }, "geometry": { "type": "Point", "coordinates": [ -118.69035968607632, 34.087177918367345 ] } },
{ "type": "Feature", "properties": { "TimeStep": 13, "Latitude": 34.075341183673466, "Longitude": -118.50459137903758, "State": "Burning" }, "geometry": { "type": "Point", "coordinates": [ -118.504591379037578, 34.075341183673466 ] } },
{ "type": "Feature", "properties": { "TimeStep": 13, "Latitude": 34.081259551020409, "Longitude": -118.50459137903758, "State": "Burning" }, "geometry": { "type": "Point", "coordinates": [ -118.504591379037578, 34.081259551020409 ] } },
{ "type": "Feature", "properties": { "TimeStep": 13, "Latitude": 34.087177918367345, "Longitude": -118.50459137903758, "State": "Burning" }, "geometry": { "type": "Point", "coordinates": [ -118.504591379037578, 34.087177918367345 ] } },
{ "type": "Feature", "properties": { "TimeStep": 13, "Latitude": 34.087177918367345, "Longitude": -118.69035968607632, "State": "Burning" }, "geometry": { "type": "Point", "coordinates": [ -118.69035968607632, 34.087177918367345 ] } },
{ "type": "Feature", "properties": { "TimeStep": 13, "Latitude": 34.093096285714282, "Longitude": -118.69035968607632, "State": "Burning" }, "geometry": { "type": "Point", "coordinates": [ -118.69035968607632, 34.093096285714282 ] } },
{ "type": "Feature", "properties": { "TimeStep": 13, "Latitude": 34.081259551020409, "Longitude": -118.50459137903758, "State": "Burning" }, "geometry": { "type": "Point", "coordinates": [ -118.504591379037578, 34.081259551020409 ] } },
{ "type": "Feature", "properties": { "TimeStep": 13, "Latitude": 34.087177918367345, "Longitude": -118.50459137903758, "State": "Burning" }, "geometry": { "type": "Point", "coordinates": [ -118.504591379037578, 34.087177918367345 ] } },
{ "type": "Feature", "properties": { "TimeStep": 13, "Latitude": 34.093096285714282, "Longitude": -118.50459137903758, "State": "Burning" }, "geometry": { "type": "Point", "coordinates": [ -118.504591379037578, 34.093096285714282 ] } },
{ "type": "Feature", "properties": { "TimeStep": 13, "Latitude": 34.087177918367345, "Longitude": -118.50459137903758, "State": "Burning" }, "geometry": { "type": "Point", "coordinates": [ -118.504591379037578, 34.087177918367345 ] } },
{ "type": "Feature", "properties": { "TimeStep": 13, "Latitude": 34.093096285714282, "Longitude": -118.50459137903758, "State": "Burning" }, "geometry": { "type": "Point", "coordinates": [ -118.504591379037578, 34.093096285714282 ] } },
{ "type": "Feature", "properties": { "TimeStep": 13, "Latitude": 34.099014653061225, "Longitude": -118.50459137903758, "State": "Burning" }, "geometry": { "type": "Point", "coordinates": [ -118.504591379037578, 34.099014653061225 ] } },
{ "type": "Feature", "properties": { "TimeStep": 13, "Latitude": 34.093096285714282, "Longitude": -118.69035968607632, "State": "Burning" }, "geometry": { "type": "Point", "coordinates": [ -118.69035968607632, 34.093096285714282 ] } },
{ "type": "Feature", "properties": { "TimeStep": 13, "Latitude": 34.110851387755098, "Longitude": -118.69035968607632, "State": "Burning" }, "geometry": { "type": "Point", "coordinates": [ -118.69035968607632, 34.110851387755098 ] } },
{ "type": "Feature", "properties": { "TimeStep": 13, "Latitude": 34.099014653061225, "Longitude": -118.50459137903758, "State": "Burning" }, "geometry": { "type": "Point", "coordinates": [ -118.504591379037578, 34.099014653061225 ] } },
{ "type": "Feature", "properties": { "TimeStep": 13, "Latitude": 34.110851387755098, "Longitude": -118.69035968607632, "State": "Burning" }, "geometry": { "type": "Point", "coordinates": [ -118.69035968607632, 34.110851387755098 ] } },
{ "type": "Feature", "properties": { "TimeStep": 13, "Latitude": 34.116769755102041, "Longitude": -118.69035968607632, "State": "Burning" }, "geometry": { "type": "Point", "coordinates": [ -118.69035968607632, 34.116769755102041 ] } },
{ "type": "Feature", "properties": { "TimeStep": 13, "Latitude": 34.116769755102041, "Longitude": -118.50459137903758, "State": "Burning" }, "geometry": { "type": "Point", "coordinates": [ -118.504591379037578, 34.116769755102041 ] } },
{ "type": "Feature", "properties": { "TimeStep": 13, "Latitude": 34.116769755102041, "Longitude": -118.50459137903758, "State": "Burning" }, "geometry": { "type": "Point", "coordinates": [ -118.504591379037578, 34.116769755102041 ] } },
{ "type": "Feature", "properties": { "TimeStep": 13, "Latitude": 34.122688122448977, "Longitude": -118.51173631392369, "State": "Burning" }, "geometry": { "type": "Point", "coordinates": [ -118.511736313923691, 34.122688122448977 ] } },
{ "type": "Feature", "properties": { "TimeStep": 13, "Latitude": 34.122688122448977, "Longitude": -118.51173631392369, "State": "Burning" }, "geometry": { "type": "Point", "coordinates": [ -118.511736313923691, 34.122688122448977 ] } },
{ "type": "Feature", "properties": { "TimeStep": 13, "Latitude": 34.122688122448977, "Longitude": -118.51173631392369, "State": "Burning" }, "geometry": { "type": "Point", "coordinates": [ -118.511736313923691, 34.122688122448977 ] } },
{ "type": "Feature", "properties": { "TimeStep": 13, "Latitude": 34.134524857142857, "Longitude": -118.51173631392369, "State": "Burning" }, "geometry": { "type": "Point", "coordinates": [ -118.511736313923691, 34.134524857142857 ] } },
{ "type": "Feature", "properties": { "TimeStep": 13, "Latitude": 34.140443224489793, "Longitude": -118.5260261836959, "State": "Burning" }, "geometry": { "type": "Point", "coordinates": [ -118.526026183695905, 34.140443224489793 ] } },
{ "type": "Feature", "properties": { "TimeStep": 13, "Latitude": 34.140443224489793, "Longitude": -118.5260261836959, "State": "Burning" }, "geometry": { "type": "Point", "coordinates": [ -118.526026183695905, 34.140443224489793 ] } },
{ "type": "Feature", "properties": { "TimeStep": 13, "Latitude": 34.140443224489793, "Longitude": -118.51888124880979, "State": "Burning" }, "geometry": { "type": "Point", "coordinates": [ -118.518881248809791, 34.140443224489793 ] } },
{ "type": "Feature", "properties": { "TimeStep": 13, "Latitude": 34.146361591836737, "Longitude": -118.64034514187358, "State": "Burning" }, "geometry": { "type": "Point", "coordinates": [ -118.640345141873581, 34.146361591836737 ] } },
{ "type": "Feature", "properties": { "TimeStep": 13, "Latitude": 34.146361591836737, "Longitude": -118.55460592324032, "State": "Burning" }, "geometry": { "type": "Point", "coordinates": [ -118.554605923240317, 34.146361591836737 ] } },
{ "type": "Feature", "properties": { "TimeStep": 13, "Latitude": 34.146361591836737, "Longitude": -118.54746098835422, "State": "Burning" }, "geometry": { "type": "Point", "coordinates": [ -118.547460988354217, 34.146361591836737 ] } },
{ "type": "Feature", "properties": { "TimeStep": 13, "Latitude": 34.146361591836737, "Longitude": -118.55460592324032, "State": "Burning" }, "geometry": { "type": "Point", "coordinates": [ -118.554605923240317, 34.146361591836737 ] } },
{ "type": "Feature", "properties": { "TimeStep": 13, "Latitude": 34.146361591836737, "Longitude": -118.54746098835422, "State": "Burning" }, "geometry": { "type": "Point", "coordinates": [ -118.547460988354217, 34.146361591836737 ] } },
{ "type": "Feature", "properties": { "TimeStep": 13, "Latitude": 34.146361591836737, "Longitude": -118.54031605346812, "State": "Burning" }, "geometry": { "type": "Point", "coordinates": [ -118.540316053468118, 34.146361591836737 ] } },
{ "type": "Feature", "properties": { "TimeStep": 13, "Latitude": 34.146361591836737, "Longitude": -118.64034514187358, "State": "Burning" }, "geometry": { "type": "Point", "coordinates": [ -118.640345141873581, 34.146361591836737 ] } },
{ "type": "Feature", "properties": { "TimeStep": 13, "Latitude": 34.152279959183673, "Longitude": -118.64034514187358, "State": "Burning" }, "geometry": { "type": "Point", "coordinates": [ -118.640345141873581, 34.152279959183673 ] } },
{ "type": "Feature", "properties": { "TimeStep": 13, "Latitude": 34.152279959183673, "Longitude": -118.63320020698748, "State": "Burning" }, "geometry": { "type": "Point", "coordinates": [ -118.633200206987482, 34.152279959183673 ] } },
{ "type": "Feature", "properties": { "TimeStep": 13, "Latitude": 34.152279959183673, "Longitude": -118.62605527210137, "State": "Burning" }, "geometry": { "type": "Point", "coordinates": [ -118.626055272101368, 34.152279959183673 ] } },
{ "type": "Feature", "properties": { "TimeStep": 13, "Latitude": 34.152279959183673, "Longitude": -118.63320020698748, "State": "Burning" }, "geometry": { "type": "Point", "coordinates": [ -118.633200206987482, 34.152279959183673 ] } },
{ "type": "Feature", "properties": { "TimeStep": 13, "Latitude": 34.152279959183673, "Longitude": -118.62605527210137, "State": "Burning" }, "geometry": { "type": "Point", "coordinates": [ -118.626055272101368, 34.152279959183673 ] } },
{ "type": "Feature", "properties": { "TimeStep": 13, "Latitude": 34.152279959183673, "Longitude": -118.62605527210137, "State": "Burning" }, "geometry": { "type": "Point", "coordinates": [ -118.626055272101368, 34.152279959183673 ] } },
{ "type": "Feature", "properties": { "TimeStep": 13, "Latitude": 34.152279959183673, "Longitude": -118.60462046744306, "State": "Burning" }, "geometry": { "type": "Point", "coordinates": [ -118.604620467443056, 34.152279959183673 ] } },
{ "type": "Feature", "properties": { "TimeStep": 13, "Latitude": 34.152279959183673, "Longitude": -118.60462046744306, "State": "Burning" }, "geometry": { "type": "Point", "coordinates": [ -118.604620467443056, 34.152279959183673 ] } },
{ "type": "Feature", "properties": { "TimeStep": 13, "Latitude": 34.152279959183673, "Longitude": -118.59747553255696, "State": "Burning" }, "geometry": { "type": "Point", "coordinates": [ -118.597475532556956, 34.152279959183673 ] } },
{ "type": "Feature", "properties": { "TimeStep": 13, "Latitude": 34.152279959183673, "Longitude": -118.60462046744306, "State": "Burning" }, "geometry": { "type": "Point", "coordinates": [ -118.604620467443056, 34.152279959183673 ] } },
{ "type": "Feature", "properties": { "TimeStep": 13, "Latitude": 34.152279959183673, "Longitude": -118.59747553255696, "State": "Burning" }, "geometry": { "type": "Point", "coordinates": [ -118.597475532556956, 34.152279959183673 ] } },
{ "type": "Feature", "properties": { "TimeStep": 13, "Latitude": 34.152279959183673, "Longitude": -118.59033059767084, "State": "Burning" }, "geometry": { "type": "Point", "coordinates": [ -118.590330597670842, 34.152279959183673 ] } },
{ "type": "Feature", "properties": { "TimeStep": 13, "Latitude": 34.152279959183673, "Longitude": -118.59747553255696, "State": "Burning" }, "geometry": { "type": "Point", "coordinates": [ -118.597475532556956, 34.152279959183673 ] } },
{ "type": "Feature", "properties": { "TimeStep": 13, "Latitude": 34.152279959183673, "Longitude": -118.59033059767084, "State": "Burning" }, "geometry": { "type": "Point", "coordinates": [ -118.590330597670842, 34.152279959183673 ] } },
{ "type": "Feature", "properties": { "TimeStep": 13, "Latitude": 34.152279959183673, "Longitude": -118.58318566278474, "State": "Burning" }, "geometry": { "type": "Point", "coordinates": [ -118.583185662784743, 34.152279959183673 ] } },
{ "type": "Feature", "properties": { "TimeStep": 13, "Latitude": 34.152279959183673, "Longitude": -118.59033059767084, "State": "Burning" }, "geometry": { "type": "Point", "coordinates": [ -118.590330597670842, 34.152279959183673 ] } },
{ "type": "Feature", "properties": { "TimeStep": 13, "Latitude": 34.152279959183673, "Longitude": -118.58318566278474, "State": "Burning" }, "geometry": { "type": "Point", "coordinates": [ -118.583185662784743, 34.152279959183673 ] } },
{ "type": "Feature", "properties": { "TimeStep": 13, "Latitude": 34.152279959183673, "Longitude": -118.57604072789864, "State": "Burning" }, "geometry": { "type": "Point", "coordinates": [ -118.576040727898643, 34.152279959183673 ] } },
{ "type": "Feature", "properties": { "TimeStep": 13, "Latitude": 34.152279959183673, "Longitude": -118.58318566278474, "State": "Burning" }, "geometry": { "type": "Point", "coordinates": [ -118.583185662784743, 34.152279959183673 ] } },
{ "type": "Feature", "properties": { "TimeStep": 13, "Latitude": 34.152279959183673, "Longitude": -118.57604072789864, "State": "Burning" }, "geometry": { "type": "Point", "coordinates": [ -118.576040727898643, 34.152279959183673 ] } },
{ "type": "Feature", "properties": { "TimeStep": 13, "Latitude": 34.152279959183673, "Longitude": -118.57604072789864, "State": "Burning" }, "geometry": { "type": "Point", "coordinates": [ -118.576040727898643, 34.152279959183673 ] } },
{ "type": "Feature", "properties": { "TimeStep": 13, "Latitude": 34.152279959183673, "Longitude": -118.56175085812643, "State": "Burning" }, "geometry": { "type": "Point", "coordinates": [ -118.56175085812643, 34.152279959183673 ] } },
{ "type": "Feature", "properties": { "TimeStep": 14, "Latitude": 33.992484040816322, "Longitude": -118.64749007675969, "State": "Burning" }, "geometry": { "type": "Point", "coordinates": [ -118.647490076759695, 33.992484040816322 ] } },
{ "type": "Feature", "properties": { "TimeStep": 14, "Latitude": 34.004320775510202, "Longitude": -118.65463501164579, "State": "Burning" }, "geometry": { "type": "Point", "coordinates": [ -118.654635011645794, 34.004320775510202 ] } },
{ "type": "Feature", "properties": { "TimeStep": 14, "Latitude": 33.992484040816322, "Longitude": -118.64749007675969, "State": "Burning" }, "geometry": { "type": "Point", "coordinates": [ -118.647490076759695, 33.992484040816322 ] } },
{ "type": "Feature", "properties": { "TimeStep": 14, "Latitude": 33.992484040816322, "Longitude": -118.61176540232917, "State": "Burning" }, "geometry": { "type": "Point", "coordinates": [ -118.611765402329169, 33.992484040816322 ] } },
{ "type": "Feature", "properties": { "TimeStep": 14, "Latitude": 33.992484040816322, "Longitude": -118.59747553255696, "State": "Burning" }, "geometry": { "type": "Point", "coordinates": [ -118.597475532556956, 33.992484040816322 ] } },
{ "type": "Feature", "properties": { "TimeStep": 14, "Latitude": 33.992484040816322, "Longitude": -118.59033059767084, "State": "Burning" }, "geometry": { "type": "Point", "coordinates": [ -118.590330597670842, 33.992484040816322 ] } },
{ "type": "Feature", "properties": { "TimeStep": 14, "Latitude": 33.992484040816322, "Longitude": -118.56889579301253, "State": "Burning" }, "geometry": { "type": "Point", "coordinates": [ -118.56889579301253, 33.992484040816322 ] } },
{ "type": "Feature", "properties": { "TimeStep": 14, "Latitude": 33.992484040816322, "Longitude": -118.56175085812643, "State": "Burning" }, "geometry": { "type": "Point", "coordinates": [ -118.56175085812643, 33.992484040816322 ] } },
{ "type": "Feature", "properties": { "TimeStep": 14, "Latitude": 33.992484040816322, "Longitude": -118.56889579301253, "State": "Burning" }, "geometry": { "type": "Point", "coordinates": [ -118.56889579301253, 33.992484040816322 ] } },
{ "type": "Feature", "properties": { "TimeStep": 14, "Latitude": 33.992484040816322, "Longitude": -118.56175085812643, "State": "Burning" }, "geometry": { "type": "Point", "coordinates": [ -118.56175085812643, 33.992484040816322 ] } },
{ "type": "Feature", "properties": { "TimeStep": 14, "Latitude": 33.992484040816322, "Longitude": -118.54746098835422, "State": "Burning" }, "geometry": { "type": "Point", "coordinates": [ -118.547460988354217, 33.992484040816322 ] } },
{ "type": "Feature", "properties": { "TimeStep": 14, "Latitude": 33.992484040816322, "Longitude": -118.54031605346812, "State": "Burning" }, "geometry": { "type": "Point", "coordinates": [ -118.540316053468118, 33.992484040816322 ] } },
{ "type": "Feature", "properties": { "TimeStep": 14, "Latitude": 33.992484040816322, "Longitude": -118.533171118582, "State": "Burning" }, "geometry": { "type": "Point", "coordinates": [ -118.533171118582004, 33.992484040816322 ] } },
{ "type": "Feature", "properties": { "TimeStep": 14, "Latitude": 33.998402408163258, "Longitude": -118.533171118582, "State": "Burning" }, "geometry": { "type": "Point", "coordinates": [ -118.533171118582004, 33.998402408163258 ] } },
{ "type": "Feature", "properties": { "TimeStep": 14, "Latitude": 33.998402408163258, "Longitude": -118.533171118582, "State": "Burning" }, "geometry": { "type": "Point", "coordinates": [ -118.533171118582004, 33.998402408163258 ] } },
{ "type": "Feature", "properties": { "TimeStep": 14, "Latitude": 34.004320775510202, "Longitude": -118.5260261836959, "State": "Burning" }, "geometry": { "type": "Point", "coordinates": [ -118.526026183695905, 34.004320775510202 ] } },
{ "type": "Feature", "properties": { "TimeStep": 14, "Latitude": 34.010239142857138, "Longitude": -118.5260261836959, "State": "Burning" }, "geometry": { "type": "Point", "coordinates": [ -118.526026183695905, 34.010239142857138 ] } },
{ "type": "Feature", "properties": { "TimeStep": 14, "Latitude": 34.004320775510202, "Longitude": -118.67606981630411, "State": "Burning" }, "geometry": { "type": "Point", "coordinates": [ -118.676069816304107, 34.004320775510202 ] } },
{ "type": "Feature", "properties": { "TimeStep": 14, "Latitude": 34.004320775510202, "Longitude": -118.66892488141801, "State": "Burning" }, "geometry": { "type": "Point", "coordinates": [ -118.668924881418008, 34.004320775510202 ] } },
{ "type": "Feature", "properties": { "TimeStep": 14, "Latitude": 34.004320775510202, "Longitude": -118.66177994653189, "State": "Burning" }, "geometry": { "type": "Point", "coordinates": [ -118.661779946531894, 34.004320775510202 ] } },
{ "type": "Feature", "properties": { "TimeStep": 14, "Latitude": 34.010239142857138, "Longitude": -118.67606981630411, "State": "Burning" }, "geometry": { "type": "Point", "coordinates": [ -118.676069816304107, 34.010239142857138 ] } },
{ "type": "Feature", "properties": { "TimeStep": 14, "Latitude": 34.010239142857138, "Longitude": -118.69035968607632, "State": "Burning" }, "geometry": { "type": "Point", "coordinates": [ -118.69035968607632, 34.010239142857138 ] } },
{ "type": "Feature", "properties": { "TimeStep": 14, "Latitude": 34.010239142857138, "Longitude": -118.68321475119022, "State": "Burning" }, "geometry": { "type": "Point", "coordinates": [ -118.683214751190221, 34.010239142857138 ] } },
{ "type": "Feature", "properties": { "TimeStep": 14, "Latitude": 34.010239142857138, "Longitude": -118.67606981630411, "State": "Burning" }, "geometry": { "type": "Point", "coordinates": [ -118.676069816304107, 34.010239142857138 ] } },
{ "type": "Feature", "properties": { "TimeStep": 14, "Latitude": 34.016157510204081, "Longitude": -118.69035968607632, "State": "Burning" }, "geometry": { "type": "Point", "coordinates": [ -118.69035968607632, 34.016157510204081 ] } },
{ "type": "Feature", "properties": { "TimeStep": 14, "Latitude": 34.022075877551018, "Longitude": -118.69035968607632, "State": "Burning" }, "geometry": { "type": "Point", "coordinates": [ -118.69035968607632, 34.022075877551018 ] } },
{ "type": "Feature", "properties": { "TimeStep": 14, "Latitude": 34.010239142857138, "Longitude": -118.68321475119022, "State": "Burning" }, "geometry": { "type": "Point", "coordinates": [ -118.683214751190221, 34.010239142857138 ] } },
{ "type": "Feature", "properties": { "TimeStep": 14, "Latitude": 34.010239142857138, "Longitude": -118.67606981630411, "State": "Burning" }, "geometry": { "type": "Point", "coordinates": [ -118.676069816304107, 34.010239142857138 ] } },
{ "type": "Feature", "properties": { "TimeStep": 14, "Latitude": 34.016157510204081, "Longitude": -118.51888124880979, "State": "Burning" }, "geometry": { "type": "Point", "coordinates": [ -118.518881248809791, 34.016157510204081 ] } },
{ "type": "Feature", "properties": { "TimeStep": 14, "Latitude": 34.016157510204081, "Longitude": -118.51888124880979, "State": "Burning" }, "geometry": { "type": "Point", "coordinates": [ -118.518881248809791, 34.016157510204081 ] } },
{ "type": "Feature", "properties": { "TimeStep": 14, "Latitude": 34.016157510204081, "Longitude": -118.50459137903758, "State": "Burning" }, "geometry": { "type": "Point", "coordinates": [ -118.504591379037578, 34.016157510204081 ] } },
{ "type": "Feature", "properties": { "TimeStep": 14, "Latitude": 34.022075877551018, "Longitude": -118.50459137903758, "State": "Burning" }, "geometry": { "type": "Point", "coordinates": [ -118.504591379037578, 34.022075877551018 ] } },
{ "type": "Feature", "properties": { "TimeStep": 14, "Latitude": 34.027994244897954, "Longitude": -118.50459137903758, "State": "Burning" }, "geometry": { "type": "Point", "coordinates": [ -118.504591379037578, 34.027994244897954 ] } },
{ "type": "Feature", "properties": { "TimeStep": 14, "Latitude": 34.022075877551018, "Longitude": -118.69750462096243, "State": "Burning" }, "geometry": { "type": "Point", "coordinates": [ -118.697504620962434, 34.022075877551018 ] } },
{ "type": "Feature", "properties": { "TimeStep": 14, "Latitude": 34.022075877551018, "Longitude": -118.69035968607632, "State": "Burning" }, "geometry": { "type": "Point", "coordinates": [ -118.69035968607632, 34.022075877551018 ] } },
{ "type": "Feature", "properties": { "TimeStep": 14, "Latitude": 34.027994244897954, "Longitude": -118.69750462096243, "State": "Burning" }, "geometry": { "type": "Point", "coordinates": [ -118.697504620962434, 34.027994244897954 ] } },
{ "type": "Feature", "properties": { "TimeStep": 14, "Latitude": 34.022075877551018, "Longitude": -118.50459137903758, "State": "Burning" }, "geometry": { "type": "Point", "coordinates": [ -118.504591379037578, 34.022075877551018 ] } },
{ "type": "Feature", "properties": { "TimeStep": 14, "Latitude": 34.027994244897954, "Longitude": -118.50459137903758, "State": "Burning" }, "geometry": { "type": "Point", "coordinates": [ -118.504591379037578, 34.027994244897954 ] } },
{ "type": "Feature", "properties": { "TimeStep": 14, "Latitude": 34.027994244897954, "Longitude": -118.50459137903758, "State": "Burning" }, "geometry": { "type": "Point", "coordinates": [ -118.504591379037578, 34.027994244897954 ] } },
{ "type": "Feature", "properties": { "TimeStep": 14, "Latitude": 34.027994244897954, "Longitude": -118.50459137903758, "State": "Burning" }, "geometry": { "type": "Point", "coordinates": [ -118.504591379037578, 34.027994244897954 ] } },
{ "type": "Feature", "properties": { "TimeStep": 14, "Latitude": 34.027994244897954, "Longitude": -118.49744644415148, "State": "Burning" }, "geometry": { "type": "Point", "coordinates": [ -118.497446444151478, 34.027994244897954 ] } },
{ "type": "Feature", "properties": { "TimeStep": 14, "Latitude": 34.033912612244897, "Longitude": -118.49744644415148, "State": "Burning" }, "geometry": { "type": "Point", "coordinates": [ -118.497446444151478, 34.033912612244897 ] } },
{ "type": "Feature", "properties": { "TimeStep": 14, "Latitude": 34.039830979591834, "Longitude": -118.49744644415148, "State": "Burning" }, "geometry": { "type": "Point", "coordinates": [ -118.497446444151478, 34.039830979591834 ] } },
{ "type": "Feature", "properties": { "TimeStep": 14, "Latitude": 34.039830979591834, "Longitude": -118.69750462096243, "State": "Burning" }, "geometry": { "type": "Point", "coordinates": [ -118.697504620962434, 34.039830979591834 ] } },
{ "type": "Feature", "properties": { "TimeStep": 14, "Latitude": 34.04574934693877, "Longitude": -118.69750462096243, "State": "Burning" }, "geometry": { "type": "Point", "coordinates": [ -118.697504620962434, 34.04574934693877 ] } },
{ "type": "Feature", "properties": { "TimeStep": 14, "Latitude": 34.039830979591834, "Longitude": -118.69750462096243, "State": "Burning" }, "geometry": { "type": "Point", "coordinates": [ -118.697504620962434, 34.039830979591834 ] } },
{ "type": "Feature", "properties": { "TimeStep": 14, "Latitude": 34.04574934693877, "Longitude": -118.69750462096243, "State": "Burning" }, "geometry": { "type": "Point", "coordinates": [ -118.697504620962434, 34.04574934693877 ] } },
{ "type": "Feature", "properties": { "TimeStep": 14, "Latitude": 34.051667714285713, "Longitude": -118.69750462096243, "State": "Burning" }, "geometry": { "type": "Point", "coordinates": [ -118.697504620962434, 34.051667714285713 ] } },
{ "type": "Feature", "properties": { "TimeStep": 14, "Latitude": 34.039830979591834, "Longitude": -118.49744644415148, "State": "Burning" }, "geometry": { "type": "Point", "coordinates": [ -118.497446444151478, 34.039830979591834 ] } },
{ "type": "Feature", "properties": { "TimeStep": 14, "Latitude": 34.04574934693877, "Longitude": -118.49744644415148, "State": "Burning" }, "geometry": { "type": "Point", "coordinates": [ -118.497446444151478, 34.04574934693877 ] } },
{ "type": "Feature", "properties": { "TimeStep": 14, "Latitude": 34.051667714285713, "Longitude": -118.49744644415148, "State": "Burning" }, "geometry": { "type": "Point", "coordinates": [ -118.497446444151478, 34.051667714285713 ] } },
{ "type": "Feature", "properties": { "TimeStep": 14, "Latitude": 34.04574934693877, "Longitude": -118.69750462096243, "State": "Burning" }, "geometry": { "type": "Point", "coordinates": [ -118.697504620962434, 34.04574934693877 ] } },
{ "type": "Feature", "properties": { "TimeStep": 14, "Latitude": 34.051667714285713, "Longitude": -118.69750462096243, "State": "Burning" }, "geometry": { "type": "Point", "coordinates": [ -118.697504620962434, 34.051667714285713 ] } },
{ "type": "Feature", "properties": { "TimeStep": 14, "Latitude": 34.05758608163265, "Longitude": -118.69750462096243, "State": "Burning" }, "geometry": { "type": "Point", "coordinates": [ -118.697504620962434, 34.05758608163265 ] } },
{ "type": "Feature", "properties": { "TimeStep": 14, "Latitude": 34.04574934693877, "Longitude": -118.49744644415148, "State": "Burning" }, "geometry": { "type": "Point", "coordinates": [ -118.497446444151478, 34.04574934693877 ] } },
{ "type": "Feature", "properties": { "TimeStep": 14, "Latitude": 34.051667714285713, "Longitude": -118.49744644415148, "State": "Burning" }, "geometry": { "type": "Point", "coordinates": [ -118.497446444151478, 34.051667714285713 ] } },
{ "type": "Feature", "properties": { "TimeStep": 14, "Latitude": 34.05758608163265, "Longitude": -118.49744644415148, "State": "Burning" }, "geometry": { "type": "Point", "coordinates": [ -118.497446444151478, 34.05758608163265 ] } },
{ "type": "Feature", "properties": { "TimeStep": 14, "Latitude": 34.051667714285713, "Longitude": -118.69750462096243, "State": "Burning" }, "geometry": { "type": "Point", "coordinates": [ -118.697504620962434, 34.051667714285713 ] } },
{ "type": "Feature", "properties": { "TimeStep": 14, "Latitude": 34.05758608163265, "Longitude": -118.69750462096243, "State": "Burning" }, "geometry": { "type": "Point", "coordinates": [ -118.697504620962434, 34.05758608163265 ] } },
{ "type": "Feature", "properties": { "TimeStep": 14, "Latitude": 34.051667714285713, "Longitude": -118.49744644415148, "State": "Burning" }, "geometry": { "type": "Point", "coordinates": [ -118.497446444151478, 34.051667714285713 ] } },
{ "type": "Feature", "properties": { "TimeStep": 14, "Latitude": 34.05758608163265, "Longitude": -118.49744644415148, "State": "Burning" }, "geometry": { "type": "Point", "coordinates": [ -118.497446444151478, 34.05758608163265 ] } },
{ "type": "Feature", "properties": { "TimeStep": 14, "Latitude": 34.063504448979586, "Longitude": -118.49744644415148, "State": "Burning" }, "geometry": { "type": "Point", "coordinates": [ -118.497446444151478, 34.063504448979586 ] } },
{ "type": "Feature", "properties": { "TimeStep": 14, "Latitude": 34.05758608163265, "Longitude": -118.69750462096243, "State": "Burning" }, "geometry": { "type": "Point", "coordinates": [ -118.697504620962434, 34.05758608163265 ] } },
{ "type": "Feature", "properties": { "TimeStep": 14, "Latitude": 34.05758608163265, "Longitude": -118.49744644415148, "State": "Burning" }, "geometry": { "type": "Point", "coordinates": [ -118.497446444151478, 34.05758608163265 ] } },
{ "type": "Feature", "properties": { "TimeStep": 14, "Latitude": 34.063504448979586, "Longitude": -118.49744644415148, "State": "Burning" }, "geometry": { "type": "Point", "coordinates": [ -118.497446444151478, 34.063504448979586 ] } },
{ "type": "Feature", "properties": { "TimeStep": 14, "Latitude": 34.069422816326529, "Longitude": -118.49744644415148, "State": "Burning" }, "geometry": { "type": "Point", "coordinates": [ -118.497446444151478, 34.069422816326529 ] } },
{ "type": "Feature", "properties": { "TimeStep": 14, "Latitude": 34.075341183673466, "Longitude": -118.69750462096243, "State": "Burning" }, "geometry": { "type": "Point", "coordinates": [ -118.697504620962434, 34.075341183673466 ] } },
{ "type": "Feature", "properties": { "TimeStep": 14, "Latitude": 34.069422816326529, "Longitude": -118.49744644415148, "State": "Burning" }, "geometry": { "type": "Point", "coordinates": [ -118.497446444151478, 34.069422816326529 ] } },
{ "type": "Feature", "properties": { "TimeStep": 14, "Latitude": 34.087177918367345, "Longitude": -118.49744644415148, "State": "Burning" }, "geometry": { "type": "Point", "coordinates": [ -118.497446444151478, 34.087177918367345 ] } },
{ "type": "Feature", "properties": { "TimeStep": 14, "Latitude": 34.087177918367345, "Longitude": -118.69750462096243, "State": "Burning" }, "geometry": { "type": "Point", "coordinates": [ -118.697504620962434, 34.087177918367345 ] } },
{ "type": "Feature", "properties": { "TimeStep": 14, "Latitude": 34.087177918367345, "Longitude": -118.49744644415148, "State": "Burning" }, "geometry": { "type": "Point", "coordinates": [ -118.497446444151478, 34.087177918367345 ] } },
{ "type": "Feature", "properties": { "TimeStep": 14, "Latitude": 34.087177918367345, "Longitude": -118.69750462096243, "State": "Burning" }, "geometry": { "type": "Point", "coordinates": [ -118.697504620962434, 34.087177918367345 ] } },
{ "type": "Feature", "properties": { "TimeStep": 14, "Latitude": 34.099014653061225, "Longitude": -118.69750462096243, "State": "Burning" }, "geometry": { "type": "Point", "coordinates": [ -118.697504620962434, 34.099014653061225 ] } },
{ "type": "Feature", "properties": { "TimeStep": 14, "Latitude": 34.087177918367345, "Longitude": -118.49744644415148, "State": "Burning" }, "geometry": { "type": "Point", "coordinates": [ -118.497446444151478, 34.087177918367345 ] } },
{ "type": "Feature", "properties": { "TimeStep": 14, "Latitude": 34.099014653061225, "Longitude": -118.49744644415148, "State": "Burning" }, "geometry": { "type": "Point", "coordinates": [ -118.497446444151478, 34.099014653061225 ] } },
{ "type": "Feature", "properties": { "TimeStep": 14, "Latitude": 34.099014653061225, "Longitude": -118.49744644415148, "State": "Burning" }, "geometry": { "type": "Point", "coordinates": [ -118.497446444151478, 34.099014653061225 ] } },
{ "type": "Feature", "properties": { "TimeStep": 14, "Latitude": 34.104933020408161, "Longitude": -118.49744644415148, "State": "Burning" }, "geometry": { "type": "Point", "coordinates": [ -118.497446444151478, 34.104933020408161 ] } },
{ "type": "Feature", "properties": { "TimeStep": 14, "Latitude": 34.110851387755098, "Longitude": -118.69750462096243, "State": "Burning" }, "geometry": { "type": "Point", "coordinates": [ -118.697504620962434, 34.110851387755098 ] } },
{ "type": "Feature", "properties": { "TimeStep": 14, "Latitude": 34.116769755102041, "Longitude": -118.69750462096243, "State": "Burning" }, "geometry": { "type": "Point", "coordinates": [ -118.697504620962434, 34.116769755102041 ] } },
{ "type": "Feature", "properties": { "TimeStep": 14, "Latitude": 34.110851387755098, "Longitude": -118.69750462096243, "State": "Burning" }, "geometry": { "type": "Point", "coordinates": [ -118.697504620962434, 34.110851387755098 ] } },
{ "type": "Feature", "properties": { "TimeStep": 14, "Latitude": 34.116769755102041, "Longitude": -118.69750462096243, "State": "Burning" }, "geometry": { "type": "Point", "coordinates": [ -118.697504620962434, 34.116769755102041 ] } },
{ "type": "Feature", "properties": { "TimeStep": 14, "Latitude": 34.122688122448977, "Longitude": -118.69750462096243, "State": "Burning" }, "geometry": { "type": "Point", "coordinates": [ -118.697504620962434, 34.122688122448977 ] } },
{ "type": "Feature", "properties": { "TimeStep": 14, "Latitude": 34.122688122448977, "Longitude": -118.68321475119022, "State": "Burning" }, "geometry": { "type": "Point", "coordinates": [ -118.683214751190221, 34.122688122448977 ] } },
{ "type": "Feature", "properties": { "TimeStep": 14, "Latitude": 34.110851387755098, "Longitude": -118.49744644415148, "State": "Burning" }, "geometry": { "type": "Point", "coordinates": [ -118.497446444151478, 34.110851387755098 ] } },
{ "type": "Feature", "properties": { "TimeStep": 14, "Latitude": 34.116769755102041, "Longitude": -118.49744644415148, "State": "Burning" }, "geometry": { "type": "Point", "coordinates": [ -118.497446444151478, 34.116769755102041 ] } },
{ "type": "Feature", "properties": { "TimeStep": 14, "Latitude": 34.122688122448977, "Longitude": -118.49744644415148, "State": "Burning" }, "geometry": { "type": "Point", "coordinates": [ -118.497446444151478, 34.122688122448977 ] } },
{ "type": "Feature", "properties": { "TimeStep": 14, "Latitude": 34.128606489795914, "Longitude": -118.50459137903758, "State": "Burning" }, "geometry": { "type": "Point", "coordinates": [ -118.504591379037578, 34.128606489795914 ] } },
{ "type": "Feature", "properties": { "TimeStep": 14, "Latitude": 34.128606489795914, "Longitude": -118.50459137903758, "State": "Burning" }, "geometry": { "type": "Point", "coordinates": [ -118.504591379037578, 34.128606489795914 ] } },
{ "type": "Feature", "properties": { "TimeStep": 14, "Latitude": 34.134524857142857, "Longitude": -118.50459137903758, "State": "Burning" }, "geometry": { "type": "Point", "coordinates": [ -118.504591379037578, 34.134524857142857 ] } },
{ "type": "Feature", "properties": { "TimeStep": 14, "Latitude": 34.140443224489793, "Longitude": -118.51173631392369, "State": "Burning" }, "geometry": { "type": "Point", "coordinates": [ -118.511736313923691, 34.140443224489793 ] } },
{ "type": "Feature", "properties": { "TimeStep": 14, "Latitude": 34.140443224489793, "Longitude": -118.50459137903758, "State": "Burning" }, "geometry": { "type": "Point", "coordinates": [ -118.504591379037578, 34.140443224489793 ] } },
{ "type": "Feature", "properties": { "TimeStep": 14, "Latitude": 34.146361591836737, "Longitude": -118.5260261836959, "State": "Burning" }, "geometry": { "type": "Point", "coordinates": [ -118.526026183695905, 34.146361591836737 ] } },
{ "type": "Feature", "properties": { "TimeStep": 14, "Latitude": 34.146361591836737, "Longitude": -118.51888124880979, "State": "Burning" }, "geometry": { "type": "Point", "coordinates": [ -118.518881248809791, 34.146361591836737 ] } },
{ "type": "Feature", "properties": { "TimeStep": 14, "Latitude": 34.140443224489793, "Longitude": -118.51173631392369, "State": "Burning" }, "geometry": { "type": "Point", "coordinates": [ -118.511736313923691, 34.140443224489793 ] } },
{ "type": "Feature", "properties": { "TimeStep": 14, "Latitude": 34.146361591836737, "Longitude": -118.5260261836959, "State": "Burning" }, "geometry": { "type": "Point", "coordinates": [ -118.526026183695905, 34.146361591836737 ] } },
{ "type": "Feature", "properties": { "TimeStep": 14, "Latitude": 34.146361591836737, "Longitude": -118.51888124880979, "State": "Burning" }, "geometry": { "type": "Point", "coordinates": [ -118.518881248809791, 34.146361591836737 ] } },
{ "type": "Feature", "properties": { "TimeStep": 14, "Latitude": 34.146361591836737, "Longitude": -118.51173631392369, "State": "Burning" }, "geometry": { "type": "Point", "coordinates": [ -118.511736313923691, 34.146361591836737 ] } },
{ "type": "Feature", "properties": { "TimeStep": 14, "Latitude": 34.152279959183673, "Longitude": -118.55460592324032, "State": "Burning" }, "geometry": { "type": "Point", "coordinates": [ -118.554605923240317, 34.152279959183673 ] } },
{ "type": "Feature", "properties": { "TimeStep": 14, "Latitude": 34.152279959183673, "Longitude": -118.54746098835422, "State": "Burning" }, "geometry": { "type": "Point", "coordinates": [ -118.547460988354217, 34.152279959183673 ] } },
{ "type": "Feature", "properties": { "TimeStep": 14, "Latitude": 34.152279959183673, "Longitude": -118.55460592324032, "State": "Burning" }, "geometry": { "type": "Point", "coordinates": [ -118.554605923240317, 34.152279959183673 ] } },
{ "type": "Feature", "properties": { "TimeStep": 14, "Latitude": 34.152279959183673, "Longitude": -118.54746098835422, "State": "Burning" }, "geometry": { "type": "Point", "coordinates": [ -118.547460988354217, 34.152279959183673 ] } },
{ "type": "Feature", "properties": { "TimeStep": 14, "Latitude": 34.152279959183673, "Longitude": -118.54031605346812, "State": "Burning" }, "geometry": { "type": "Point", "coordinates": [ -118.540316053468118, 34.152279959183673 ] } },
{ "type": "Feature", "properties": { "TimeStep": 14, "Latitude": 34.152279959183673, "Longitude": -118.54746098835422, "State": "Burning" }, "geometry": { "type": "Point", "coordinates": [ -118.547460988354217, 34.152279959183673 ] } },
{ "type": "Feature", "properties": { "TimeStep": 14, "Latitude": 34.152279959183673, "Longitude": -118.54031605346812, "State": "Burning" }, "geometry": { "type": "Point", "coordinates": [ -118.540316053468118, 34.152279959183673 ] } },
{ "type": "Feature", "properties": { "TimeStep": 14, "Latitude": 34.158198326530609, "Longitude": -118.64749007675969, "State": "Burning" }, "geometry": { "type": "Point", "coordinates": [ -118.647490076759695, 34.158198326530609 ] } },
{ "type": "Feature", "properties": { "TimeStep": 14, "Latitude": 34.158198326530609, "Longitude": -118.64034514187358, "State": "Burning" }, "geometry": { "type": "Point", "coordinates": [ -118.640345141873581, 34.158198326530609 ] } },
{ "type": "Feature", "properties": { "TimeStep": 14, "Latitude": 34.158198326530609, "Longitude": -118.63320020698748, "State": "Burning" }, "geometry": { "type": "Point", "coordinates": [ -118.633200206987482, 34.158198326530609 ] } },
{ "type": "Feature", "properties": { "TimeStep": 14, "Latitude": 34.158198326530609, "Longitude": -118.64034514187358, "State": "Burning" }, "geometry": { "type": "Point", "coordinates": [ -118.640345141873581, 34.158198326530609 ] } },
{ "type": "Feature", "properties": { "TimeStep": 14, "Latitude": 34.158198326530609, "Longitude": -118.63320020698748, "State": "Burning" }, "geometry": { "type": "Point", "coordinates": [ -118.633200206987482, 34.158198326530609 ] } },
{ "type": "Feature", "properties": { "TimeStep": 14, "Latitude": 34.158198326530609, "Longitude": -118.63320020698748, "State": "Burning" }, "geometry": { "type": "Point", "coordinates": [ -118.633200206987482, 34.158198326530609 ] } },
{ "type": "Feature", "properties": { "TimeStep": 14, "Latitude": 34.158198326530609, "Longitude": -118.61891033721527, "State": "Burning" }, "geometry": { "type": "Point", "coordinates": [ -118.618910337215269, 34.158198326530609 ] } },
{ "type": "Feature", "properties": { "TimeStep": 14, "Latitude": 34.158198326530609, "Longitude": -118.61176540232917, "State": "Burning" }, "geometry": { "type": "Point", "coordinates": [ -118.611765402329169, 34.158198326530609 ] } },
{ "type": "Feature", "properties": { "TimeStep": 14, "Latitude": 34.158198326530609, "Longitude": -118.60462046744306, "State": "Burning" }, "geometry": { "type": "Point", "coordinates": [ -118.604620467443056, 34.158198326530609 ] } },
{ "type": "Feature", "properties": { "TimeStep": 14, "Latitude": 34.158198326530609, "Longitude": -118.59747553255696, "State": "Burning" }, "geometry": { "type": "Point", "coordinates": [ -118.597475532556956, 34.158198326530609 ] } },
{ "type": "Feature", "properties": { "TimeStep": 14, "Latitude": 34.158198326530609, "Longitude": -118.60462046744306, "State": "Burning" }, "geometry": { "type": "Point", "coordinates": [ -118.604620467443056, 34.158198326530609 ] } },
{ "type": "Feature", "properties": { "TimeStep": 14, "Latitude": 34.158198326530609, "Longitude": -118.59747553255696, "State": "Burning" }, "geometry": { "type": "Point", "coordinates": [ -118.597475532556956, 34.158198326530609 ] } },
{ "type": "Feature", "properties": { "TimeStep": 14, "Latitude": 34.158198326530609, "Longitude": -118.59033059767084, "State": "Burning" }, "geometry": { "type": "Point", "coordinates": [ -118.590330597670842, 34.158198326530609 ] } },
{ "type": "Feature", "properties": { "TimeStep": 14, "Latitude": 34.158198326530609, "Longitude": -118.59747553255696, "State": "Burning" }, "geometry": { "type": "Point", "coordinates": [ -118.597475532556956, 34.158198326530609 ] } },
{ "type": "Feature", "properties": { "TimeStep": 14, "Latitude": 34.158198326530609, "Longitude": -118.59033059767084, "State": "Burning" }, "geometry": { "type": "Point", "coordinates": [ -118.590330597670842, 34.158198326530609 ] } },
{ "type": "Feature", "properties": { "TimeStep": 14, "Latitude": 34.158198326530609, "Longitude": -118.58318566278474, "State": "Burning" }, "geometry": { "type": "Point", "coordinates": [ -118.583185662784743, 34.158198326530609 ] } },
{ "type": "Feature", "properties": { "TimeStep": 14, "Latitude": 34.158198326530609, "Longitude": -118.59033059767084, "State": "Burning" }, "geometry": { "type": "Point", "coordinates": [ -118.590330597670842, 34.158198326530609 ] } },
{ "type": "Feature", "properties": { "TimeStep": 14, "Latitude": 34.158198326530609, "Longitude": -118.58318566278474, "State": "Burning" }, "geometry": { "type": "Point", "coordinates": [ -118.583185662784743, 34.158198326530609 ] } },
{ "type": "Feature", "properties": { "TimeStep": 14, "Latitude": 34.158198326530609, "Longitude": -118.57604072789864, "State": "Burning" }, "geometry": { "type": "Point", "coordinates": [ -118.576040727898643, 34.158198326530609 ] } },
{ "type": "Feature", "properties": { "TimeStep": 14, "Latitude": 34.158198326530609, "Longitude": -118.58318566278474, "State": "Burning" }, "geometry": { "type": "Point", "coordinates": [ -118.583185662784743, 34.158198326530609 ] } },
{ "type": "Feature", "properties": { "TimeStep": 14, "Latitude": 34.158198326530609, "Longitude": -118.57604072789864, "State": "Burning" }, "geometry": { "type": "Point", "coordinates": [ -118.576040727898643, 34.158198326530609 ] } },
{ "type": "Feature", "properties": { "TimeStep": 14, "Latitude": 34.158198326530609, "Longitude": -118.56889579301253, "State": "Burning" }, "geometry": { "type": "Point", "coordinates": [ -118.56889579301253, 34.158198326530609 ] } },
{ "type": "Feature", "properties": { "TimeStep": 14, "Latitude": 34.152279959183673, "Longitude": -118.55460592324032, "State": "Burning" }, "geometry": { "type": "Point", "coordinates": [ -118.554605923240317, 34.152279959183673 ] } },
{ "type": "Feature", "properties": { "TimeStep": 14, "Latitude": 34.158198326530609, "Longitude": -118.56889579301253, "State": "Burning" }, "geometry": { "type": "Point", "coordinates": [ -118.56889579301253, 34.158198326530609 ] } },
{ "type": "Feature", "properties": { "TimeStep": 14, "Latitude": 34.158198326530609, "Longitude": -118.55460592324032, "State": "Burning" }, "geometry": { "type": "Point", "coordinates": [ -118.554605923240317, 34.158198326530609 ] } },
{ "type": "Feature", "properties": { "TimeStep": 15, "Latitude": 33.986565673469386, "Longitude": -118.65463501164579, "State": "Burning" }, "geometry": { "type": "Point", "coordinates": [ -118.654635011645794, 33.986565673469386 ] } },
{ "type": "Feature", "properties": { "TimeStep": 15, "Latitude": 33.986565673469386, "Longitude": -118.64034514187358, "State": "Burning" }, "geometry": { "type": "Point", "coordinates": [ -118.640345141873581, 33.986565673469386 ] } },
{ "type": "Feature", "properties": { "TimeStep": 15, "Latitude": 33.986565673469386, "Longitude": -118.61176540232917, "State": "Burning" }, "geometry": { "type": "Point", "coordinates": [ -118.611765402329169, 33.986565673469386 ] } },
{ "type": "Feature", "properties": { "TimeStep": 15, "Latitude": 33.986565673469386, "Longitude": -118.60462046744306, "State": "Burning" }, "geometry": { "type": "Point", "coordinates": [ -118.604620467443056, 33.986565673469386 ] } },
{ "type": "Feature", "properties": { "TimeStep": 15, "Latitude": 33.986565673469386, "Longitude": -118.60462046744306, "State": "Burning" }, "geometry": { "type": "Point", "coordinates": [ -118.604620467443056, 33.986565673469386 ] } },
{ "type": "Feature", "properties": { "TimeStep": 15, "Latitude": 33.986565673469386, "Longitude": -118.59747553255696, "State": "Burning" }, "geometry": { "type": "Point", "coordinates": [ -118.597475532556956, 33.986565673469386 ] } },
{ "type": "Feature", "properties": { "TimeStep": 15, "Latitude": 33.986565673469386, "Longitude": -118.59033059767084, "State": "Burning" }, "geometry": { "type": "Point", "coordinates": [ -118.590330597670842, 33.986565673469386 ] } },
{ "type": "Feature", "properties": { "TimeStep": 15, "Latitude": 33.986565673469386, "Longitude": -118.59747553255696, "State": "Burning" }, "geometry": { "type": "Point", "coordinates": [ -118.597475532556956, 33.986565673469386 ] } },
{ "type": "Feature", "properties": { "TimeStep": 15, "Latitude": 33.986565673469386, "Longitude": -118.59033059767084, "State": "Burning" }, "geometry": { "type": "Point", "coordinates": [ -118.590330597670842, 33.986565673469386 ] } },
{ "type": "Feature", "properties": { "TimeStep": 15, "Latitude": 33.986565673469386, "Longitude": -118.57604072789864, "State": "Burning" }, "geometry": { "type": "Point", "coordinates": [ -118.576040727898643, 33.986565673469386 ] } },
{ "type": "Feature", "properties": { "TimeStep": 15, "Latitude": 33.986565673469386, "Longitude": -118.56889579301253, "State": "Burning" }, "geometry": { "type": "Point", "coordinates": [ -118.56889579301253, 33.986565673469386 ] } },
{ "type": "Feature", "properties": { "TimeStep": 15, "Latitude": 33.986565673469386, "Longitude": -118.56175085812643, "State": "Burning" }, "geometry": { "type": "Point", "coordinates": [ -118.56175085812643, 33.986565673469386 ] } },
{ "type": "Feature", "properties": { "TimeStep": 15, "Latitude": 33.986565673469386, "Longitude": -118.56889579301253, "State": "Burning" }, "geometry": { "type": "Point", "coordinates": [ -118.56889579301253, 33.986565673469386 ] } },
{ "type": "Feature", "properties": { "TimeStep": 15, "Latitude": 33.986565673469386, "Longitude": -118.56175085812643, "State": "Burning" }, "geometry": { "type": "Point", "coordinates": [ -118.56175085812643, 33.986565673469386 ] } },
{ "type": "Feature", "properties": { "TimeStep": 15, "Latitude": 33.986565673469386, "Longitude": -118.54746098835422, "State": "Burning" }, "geometry": { "type": "Point", "coordinates": [ -118.547460988354217, 33.986565673469386 ] } },
{ "type": "Feature", "properties": { "TimeStep": 15, "Latitude": 33.986565673469386, "Longitude": -118.54746098835422, "State": "Burning" }, "geometry": { "type": "Point", "coordinates": [ -118.547460988354217, 33.986565673469386 ] } },
{ "type": "Feature", "properties": { "TimeStep": 15, "Latitude": 33.986565673469386, "Longitude": -118.5260261836959, "State": "Burning" }, "geometry": { "type": "Point", "coordinates": [ -118.526026183695905, 33.986565673469386 ] } },
{ "type": "Feature", "properties": { "TimeStep": 15, "Latitude": 33.992484040816322, "Longitude": -118.5260261836959, "State": "Burning" }, "geometry": { "type": "Point", "coordinates": [ -118.526026183695905, 33.992484040816322 ] } },
{ "type": "Feature", "properties": { "TimeStep": 15, "Latitude": 33.992484040816322, "Longitude": -118.5260261836959, "State": "Burning" }, "geometry": { "type": "Point", "coordinates": [ -118.526026183695905, 33.992484040816322 ] } },
{ "type": "Feature", "properties": { "TimeStep": 15, "Latitude": 33.998402408163258, "Longitude": -118.68321475119022, "State": "Burning" }, "geometry": { "type": "Point", "coordinates": [ -118.683214751190221, 33.998402408163258 ] } },
{ "type": "Feature", "properties": { "TimeStep": 15, "Latitude": 33.998402408163258, "Longitude": -118.67606981630411, "State": "Burning" }, "geometry": { "type": "Point", "coordinates": [ -118.676069816304107, 33.998402408163258 ] } },
{ "type": "Feature", "properties": { "TimeStep": 15, "Latitude": 33.998402408163258, "Longitude": -118.66892488141801, "State": "Burning" }, "geometry": { "type": "Point", "coordinates": [ -118.668924881418008, 33.998402408163258 ] } },
{ "type": "Feature", "properties": { "TimeStep": 15, "Latitude": 34.004320775510202, "Longitude": -118.68321475119022, "State": "Burning" }, "geometry": { "type": "Point", "coordinates": [ -118.683214751190221, 34.004320775510202 ] } },
{ "type": "Feature", "properties": { "TimeStep": 15, "Latitude": 33.998402408163258, "Longitude": -118.67606981630411, "State": "Burning" }, "geometry": { "type": "Point", "coordinates": [ -118.676069816304107, 33.998402408163258 ] } },
{ "type": "Feature", "properties": { "TimeStep": 15, "Latitude": 33.998402408163258, "Longitude": -118.66892488141801, "State": "Burning" }, "geometry": { "type": "Point", "coordinates": [ -118.668924881418008, 33.998402408163258 ] } },
{ "type": "Feature", "properties": { "TimeStep": 15, "Latitude": 33.998402408163258, "Longitude": -118.66177994653189, "State": "Burning" }, "geometry": { "type": "Point", "coordinates": [ -118.661779946531894, 33.998402408163258 ] } },
{ "type": "Feature", "properties": { "TimeStep": 15, "Latitude": 33.998402408163258, "Longitude": -118.66892488141801, "State": "Burning" }, "geometry": { "type": "Point", "coordinates": [ -118.668924881418008, 33.998402408163258 ] } },
{ "type": "Feature", "properties": { "TimeStep": 15, "Latitude": 33.998402408163258, "Longitude": -118.66177994653189, "State": "Burning" }, "geometry": { "type": "Point", "coordinates": [ -118.661779946531894, 33.998402408163258 ] } },
{ "type": "Feature", "properties": { "TimeStep": 15, "Latitude": 33.998402408163258, "Longitude": -118.66177994653189, "State": "Burning" }, "geometry": { "type": "Point", "coordinates": [ -118.661779946531894, 33.998402408163258 ] } },
{ "type": "Feature", "properties": { "TimeStep": 15, "Latitude": 33.998402408163258, "Longitude": -118.51888124880979, "State": "Burning" }, "geometry": { "type": "Point", "coordinates": [ -118.518881248809791, 33.998402408163258 ] } },
{ "type": "Feature", "properties": { "TimeStep": 15, "Latitude": 34.004320775510202, "Longitude": -118.51888124880979, "State": "Burning" }, "geometry": { "type": "Point", "coordinates": [ -118.518881248809791, 34.004320775510202 ] } },
{ "type": "Feature", "properties": { "TimeStep": 15, "Latitude": 34.004320775510202, "Longitude": -118.69750462096243, "State": "Burning" }, "geometry": { "type": "Point", "coordinates": [ -118.697504620962434, 34.004320775510202 ] } },
{ "type": "Feature", "properties": { "TimeStep": 15, "Latitude": 34.004320775510202, "Longitude": -118.69035968607632, "State": "Burning" }, "geometry": { "type": "Point", "coordinates": [ -118.69035968607632, 34.004320775510202 ] } },
{ "type": "Feature", "properties": { "TimeStep": 15, "Latitude": 34.004320775510202, "Longitude": -118.68321475119022, "State": "Burning" }, "geometry": { "type": "Point", "coordinates": [ -118.683214751190221, 34.004320775510202 ] } },
{ "type": "Feature", "properties": { "TimeStep": 15, "Latitude": 34.010239142857138, "Longitude": -118.69750462096243, "State": "Burning" }, "geometry": { "type": "Point", "coordinates": [ -118.697504620962434, 34.010239142857138 ] } },
{ "type": "Feature", "properties": { "TimeStep": 15, "Latitude": 34.004320775510202, "Longitude": -118.69035968607632, "State": "Burning" }, "geometry": { "type": "Point", "coordinates": [ -118.69035968607632, 34.004320775510202 ] } },
{ "type": "Feature", "properties": { "TimeStep": 15, "Latitude": 34.004320775510202, "Longitude": -118.68321475119022, "State": "Burning" }, "geometry": { "type": "Point", "coordinates": [ -118.683214751190221, 34.004320775510202 ] } },
{ "type": "Feature", "properties": { "TimeStep": 15, "Latitude": 34.004320775510202, "Longitude": -118.68321475119022, "State": "Burning" }, "geometry": { "type": "Point", "coordinates": [ -118.683214751190221, 34.004320775510202 ] } },
{ "type": "Feature", "properties": { "TimeStep": 15, "Latitude": 34.004320775510202, "Longitude": -118.51888124880979, "State": "Burning" }, "geometry": { "type": "Point", "coordinates": [ -118.518881248809791, 34.004320775510202 ] } },
{ "type": "Feature", "properties": { "TimeStep": 15, "Latitude": 34.010239142857138, "Longitude": -118.69750462096243, "State": "Burning" }, "geometry": { "type": "Point", "coordinates": [ -118.697504620962434, 34.010239142857138 ] } },
{ "type": "Feature", "properties": { "TimeStep": 15, "Latitude": 34.010239142857138, "Longitude": -118.49744644415148, "State": "Burning" }, "geometry": { "type": "Point", "coordinates": [ -118.497446444151478, 34.010239142857138 ] } },
{ "type": "Feature", "properties": { "TimeStep": 15, "Latitude": 34.016157510204081, "Longitude": -118.70464955584853, "State": "Burning" }, "geometry": { "type": "Point", "coordinates": [ -118.704649555848533, 34.016157510204081 ] } },
{ "type": "Feature", "properties": { "TimeStep": 15, "Latitude": 34.022075877551018, "Longitude": -118.70464955584853, "State": "Burning" }, "geometry": { "type": "Point", "coordinates": [ -118.704649555848533, 34.022075877551018 ] } },
{ "type": "Feature", "properties": { "TimeStep": 15, "Latitude": 34.027994244897954, "Longitude": -118.70464955584853, "State": "Burning" }, "geometry": { "type": "Point", "coordinates": [ -118.704649555848533, 34.027994244897954 ] } },
{ "type": "Feature", "properties": { "TimeStep": 15, "Latitude": 34.022075877551018, "Longitude": -118.70464955584853, "State": "Burning" }, "geometry": { "type": "Point", "coordinates": [ -118.704649555848533, 34.022075877551018 ] } },
{ "type": "Feature", "properties": { "TimeStep": 15, "Latitude": 34.027994244897954, "Longitude": -118.70464955584853, "State": "Burning" }, "geometry": { "type": "Point", "coordinates": [ -118.704649555848533, 34.027994244897954 ] } },
{ "type": "Feature", "properties": { "TimeStep": 15, "Latitude": 34.022075877551018, "Longitude": -118.49030150926538, "State": "Burning" }, "geometry": { "type": "Point", "coordinates": [ -118.490301509265379, 34.022075877551018 ] } },
{ "type": "Feature", "properties": { "TimeStep": 15, "Latitude": 34.039830979591834, "Longitude": -118.49030150926538, "State": "Burning" }, "geometry": { "type": "Point", "coordinates": [ -118.490301509265379, 34.039830979591834 ] } },
{ "type": "Feature", "properties": { "TimeStep": 15, "Latitude": 34.039830979591834, "Longitude": -118.70464955584853, "State": "Burning" }, "geometry": { "type": "Point", "coordinates": [ -118.704649555848533, 34.039830979591834 ] } },
{ "type": "Feature", "properties": { "TimeStep": 15, "Latitude": 34.04574934693877, "Longitude": -118.70464955584853, "State": "Burning" }, "geometry": { "type": "Point", "coordinates": [ -118.704649555848533, 34.04574934693877 ] } },
{ "type": "Feature", "properties": { "TimeStep": 15, "Latitude": 34.039830979591834, "Longitude": -118.49030150926538, "State": "Burning" }, "geometry": { "type": "Point", "coordinates": [ -118.490301509265379, 34.039830979591834 ] } },
{ "type": "Feature", "properties": { "TimeStep": 15, "Latitude": 34.04574934693877, "Longitude": -118.49030150926538, "State": "Burning" }, "geometry": { "type": "Point", "coordinates": [ -118.490301509265379, 34.04574934693877 ] } },
{ "type": "Feature", "properties": { "TimeStep": 15, "Latitude": 34.039830979591834, "Longitude": -118.70464955584853, "State": "Burning" }, "geometry": { "type": "Point", "coordinates": [ -118.704649555848533, 34.039830979591834 ] } },
{ "type": "Feature", "properties": { "TimeStep": 15, "Latitude": 34.04574934693877, "Longitude": -118.70464955584853, "State": "Burning" }, "geometry": { "type": "Point", "coordinates": [ -118.704649555848533, 34.04574934693877 ] } },
{ "type": "Feature", "properties": { "TimeStep": 15, "Latitude": 34.039830979591834, "Longitude": -118.49030150926538, "State": "Burning" }, "geometry": { "type": "Point", "coordinates": [ -118.490301509265379, 34.039830979591834 ] } },
{ "type": "Feature", "properties": { "TimeStep": 15, "Latitude": 34.04574934693877, "Longitude": -118.49030150926538, "State": "Burning" }, "geometry": { "type": "Point", "coordinates": [ -118.490301509265379, 34.04574934693877 ] } },
{ "type": "Feature", "properties": { "TimeStep": 15, "Latitude": 34.051667714285713, "Longitude": -118.49030150926538, "State": "Burning" }, "geometry": { "type": "Point", "coordinates": [ -118.490301509265379, 34.051667714285713 ] } },
{ "type": "Feature", "properties": { "TimeStep": 15, "Latitude": 34.04574934693877, "Longitude": -118.70464955584853, "State": "Burning" }, "geometry": { "type": "Point", "coordinates": [ -118.704649555848533, 34.04574934693877 ] } },
{ "type": "Feature", "properties": { "TimeStep": 15, "Latitude": 34.05758608163265, "Longitude": -118.70464955584853, "State": "Burning" }, "geometry": { "type": "Point", "coordinates": [ -118.704649555848533, 34.05758608163265 ] } },
{ "type": "Feature", "properties": { "TimeStep": 15, "Latitude": 34.04574934693877, "Longitude": -118.49030150926538, "State": "Burning" }, "geometry": { "type": "Point", "coordinates": [ -118.490301509265379, 34.04574934693877 ] } },
{ "type": "Feature", "properties": { "TimeStep": 15, "Latitude": 34.051667714285713, "Longitude": -118.49030150926538, "State": "Burning" }, "geometry": { "type": "Point", "coordinates": [ -118.490301509265379, 34.051667714285713 ] } },
{ "type": "Feature", "properties": { "TimeStep": 15, "Latitude": 34.05758608163265, "Longitude": -118.70464955584853, "State": "Burning" }, "geometry": { "type": "Point", "coordinates": [ -118.704649555848533, 34.05758608163265 ] } },
{ "type": "Feature", "properties": { "TimeStep": 15, "Latitude": 34.063504448979586, "Longitude": -118.70464955584853, "State": "Burning" }, "geometry": { "type": "Point", "coordinates": [ -118.704649555848533, 34.063504448979586 ] } },
{ "type": "Feature", "properties": { "TimeStep": 15, "Latitude": 34.051667714285713, "Longitude": -118.49030150926538, "State": "Burning" }, "geometry": { "type": "Point", "coordinates": [ -118.490301509265379, 34.051667714285713 ] } },
{ "type": "Feature", "properties": { "TimeStep": 15, "Latitude": 34.069422816326529, "Longitude": -118.49030150926538, "State": "Burning" }, "geometry": { "type": "Point", "coordinates": [ -118.490301509265379, 34.069422816326529 ] } },
{ "type": "Feature", "properties": { "TimeStep": 15, "Latitude": 34.069422816326529, "Longitude": -118.49030150926538, "State": "Burning" }, "geometry": { "type": "Point", "coordinates": [ -118.490301509265379, 34.069422816326529 ] } },
{ "type": "Feature", "properties": { "TimeStep": 15, "Latitude": 34.075341183673466, "Longitude": -118.49030150926538, "State": "Burning" }, "geometry": { "type": "Point", "coordinates": [ -118.490301509265379, 34.075341183673466 ] } },
{ "type": "Feature", "properties": { "TimeStep": 15, "Latitude": 34.069422816326529, "Longitude": -118.70464955584853, "State": "Burning" }, "geometry": { "type": "Point", "coordinates": [ -118.704649555848533, 34.069422816326529 ] } },
{ "type": "Feature", "properties": { "TimeStep": 15, "Latitude": 34.075341183673466, "Longitude": -118.70464955584853, "State": "Burning" }, "geometry": { "type": "Point", "coordinates": [ -118.704649555848533, 34.075341183673466 ] } },
{ "type": "Feature", "properties": { "TimeStep": 15, "Latitude": 34.087177918367345, "Longitude": -118.70464955584853, "State": "Burning" }, "geometry": { "type": "Point", "coordinates": [ -118.704649555848533, 34.087177918367345 ] } },
{ "type": "Feature", "properties": { "TimeStep": 15, "Latitude": 34.093096285714282, "Longitude": -118.70464955584853, "State": "Burning" }, "geometry": { "type": "Point", "coordinates": [ -118.704649555848533, 34.093096285714282 ] } },
{ "type": "Feature", "properties": { "TimeStep": 15, "Latitude": 34.081259551020409, "Longitude": -118.49030150926538, "State": "Burning" }, "geometry": { "type": "Point", "coordinates": [ -118.490301509265379, 34.081259551020409 ] } },
{ "type": "Feature", "properties": { "TimeStep": 15, "Latitude": 34.093096285714282, "Longitude": -118.49030150926538, "State": "Burning" }, "geometry": { "type": "Point", "coordinates": [ -118.490301509265379, 34.093096285714282 ] } },
{ "type": "Feature", "properties": { "TimeStep": 15, "Latitude": 34.093096285714282, "Longitude": -118.70464955584853, "State": "Burning" }, "geometry": { "type": "Point", "coordinates": [ -118.704649555848533, 34.093096285714282 ] } },
{ "type": "Feature", "properties": { "TimeStep": 15, "Latitude": 34.104933020408161, "Longitude": -118.70464955584853, "State": "Burning" }, "geometry": { "type": "Point", "coordinates": [ -118.704649555848533, 34.104933020408161 ] } },
{ "type": "Feature", "properties": { "TimeStep": 15, "Latitude": 34.093096285714282, "Longitude": -118.49030150926538, "State": "Burning" }, "geometry": { "type": "Point", "coordinates": [ -118.490301509265379, 34.093096285714282 ] } },
{ "type": "Feature", "properties": { "TimeStep": 15, "Latitude": 34.099014653061225, "Longitude": -118.49030150926538, "State": "Burning" }, "geometry": { "type": "Point", "coordinates": [ -118.490301509265379, 34.099014653061225 ] } },
{ "type": "Feature", "properties": { "TimeStep": 15, "Latitude": 34.099014653061225, "Longitude": -118.49030150926538, "State": "Burning" }, "geometry": { "type": "Point", "coordinates": [ -118.490301509265379, 34.099014653061225 ] } },
{ "type": "Feature", "properties": { "TimeStep": 15, "Latitude": 34.110851387755098, "Longitude": -118.49030150926538, "State": "Burning" }, "geometry": { "type": "Point", "coordinates": [ -118.490301509265379, 34.110851387755098 ] } },
{ "type": "Feature", "properties": { "TimeStep": 15, "Latitude": 34.104933020408161, "Longitude": -118.70464955584853, "State": "Burning" }, "geometry": { "type": "Point", "coordinates": [ -118.704649555848533, 34.104933020408161 ] } },
{ "type": "Feature", "properties": { "TimeStep": 15, "Latitude": 34.116769755102041, "Longitude": -118.70464955584853, "State": "Burning" }, "geometry": { "type": "Point", "coordinates": [ -118.704649555848533, 34.116769755102041 ] } },
{ "type": "Feature", "properties": { "TimeStep": 15, "Latitude": 34.110851387755098, "Longitude": -118.49030150926538, "State": "Burning" }, "geometry": { "type": "Point", "coordinates": [ -118.490301509265379, 34.110851387755098 ] } },
{ "type": "Feature", "properties": { "TimeStep": 15, "Latitude": 34.116769755102041, "Longitude": -118.70464955584853, "State": "Burning" }, "geometry": { "type": "Point", "coordinates": [ -118.704649555848533, 34.116769755102041 ] } },
{ "type": "Feature", "properties": { "TimeStep": 15, "Latitude": 34.110851387755098, "Longitude": -118.49030150926538, "State": "Burning" }, "geometry": { "type": "Point", "coordinates": [ -118.490301509265379, 34.110851387755098 ] } },
{ "type": "Feature", "properties": { "TimeStep": 15, "Latitude": 34.122688122448977, "Longitude": -118.49030150926538, "State": "Burning" }, "geometry": { "type": "Point", "coordinates": [ -118.490301509265379, 34.122688122448977 ] } },
{ "type": "Feature", "properties": { "TimeStep": 15, "Latitude": 34.116769755102041, "Longitude": -118.70464955584853, "State": "Burning" }, "geometry": { "type": "Point", "coordinates": [ -118.704649555848533, 34.116769755102041 ] } },
{ "type": "Feature", "properties": { "TimeStep": 15, "Latitude": 34.128606489795914, "Longitude": -118.70464955584853, "State": "Burning" }, "geometry": { "type": "Point", "coordinates": [ -118.704649555848533, 34.128606489795914 ] } },
{ "type": "Feature", "properties": { "TimeStep": 15, "Latitude": 34.128606489795914, "Longitude": -118.69750462096243, "State": "Burning" }, "geometry": { "type": "Point", "coordinates": [ -118.697504620962434, 34.128606489795914 ] } },
{ "type": "Feature", "properties": { "TimeStep": 15, "Latitude": 34.128606489795914, "Longitude": -118.69035968607632, "State": "Burning" }, "geometry": { "type": "Point", "coordinates": [ -118.69035968607632, 34.128606489795914 ] } },
{ "type": "Feature", "properties": { "TimeStep": 15, "Latitude": 34.128606489795914, "Longitude": -118.69035968607632, "State": "Burning" }, "geometry": { "type": "Point", "coordinates": [ -118.69035968607632, 34.128606489795914 ] } },
{ "type": "Feature", "properties": { "TimeStep": 15, "Latitude": 34.128606489795914, "Longitude": -118.68321475119022, "State": "Burning" }, "geometry": { "type": "Point", "coordinates": [ -118.683214751190221, 34.128606489795914 ] } },
{ "type": "Feature", "properties": { "TimeStep": 15, "Latitude": 34.122688122448977, "Longitude": -118.49030150926538, "State": "Burning" }, "geometry": { "type": "Point", "coordinates": [ -118.490301509265379, 34.122688122448977 ] } },
{ "type": "Feature", "properties": { "TimeStep": 15, "Latitude": 34.128606489795914, "Longitude": -118.49030150926538, "State": "Burning" }, "geometry": { "type": "Point", "coordinates": [ -118.490301509265379, 34.128606489795914 ] } },
{ "type": "Feature", "properties": { "TimeStep": 15, "Latitude": 34.134524857142857, "Longitude": -118.49744644415148, "State": "Burning" }, "geometry": { "type": "Point", "coordinates": [ -118.497446444151478, 34.134524857142857 ] } },
{ "type": "Feature", "properties": { "TimeStep": 15, "Latitude": 34.134524857142857, "Longitude": -118.49744644415148, "State": "Burning" }, "geometry": { "type": "Point", "coordinates": [ -118.497446444151478, 34.134524857142857 ] } },
{ "type": "Feature", "properties": { "TimeStep": 15, "Latitude": 34.146361591836737, "Longitude": -118.50459137903758, "State": "Burning" }, "geometry": { "type": "Point", "coordinates": [ -118.504591379037578, 34.146361591836737 ] } },
{ "type": "Feature", "properties": { "TimeStep": 15, "Latitude": 34.134524857142857, "Longitude": -118.49744644415148, "State": "Burning" }, "geometry": { "type": "Point", "coordinates": [ -118.497446444151478, 34.134524857142857 ] } },
{ "type": "Feature", "properties": { "TimeStep": 15, "Latitude": 34.146361591836737, "Longitude": -118.50459137903758, "State": "Burning" }, "geometry": { "type": "Point", "coordinates": [ -118.504591379037578, 34.146361591836737 ] } },
{ "type": "Feature", "properties": { "TimeStep": 15, "Latitude": 34.146361591836737, "Longitude": -118.49744644415148, "State": "Burning" }, "geometry": { "type": "Point", "coordinates": [ -118.497446444151478, 34.146361591836737 ] } },
{ "type": "Feature", "properties": { "TimeStep": 15, "Latitude": 34.152279959183673, "Longitude": -118.51173631392369, "State": "Burning" }, "geometry": { "type": "Point", "coordinates": [ -118.511736313923691, 34.152279959183673 ] } },
{ "type": "Feature", "properties": { "TimeStep": 15, "Latitude": 34.146361591836737, "Longitude": -118.50459137903758, "State": "Burning" }, "geometry": { "type": "Point", "coordinates": [ -118.504591379037578, 34.146361591836737 ] } },
{ "type": "Feature", "properties": { "TimeStep": 15, "Latitude": 34.152279959183673, "Longitude": -118.51173631392369, "State": "Burning" }, "geometry": { "type": "Point", "coordinates": [ -118.511736313923691, 34.152279959183673 ] } },
{ "type": "Feature", "properties": { "TimeStep": 15, "Latitude": 34.158198326530609, "Longitude": -118.54746098835422, "State": "Burning" }, "geometry": { "type": "Point", "coordinates": [ -118.547460988354217, 34.158198326530609 ] } },
{ "type": "Feature", "properties": { "TimeStep": 15, "Latitude": 34.158198326530609, "Longitude": -118.54746098835422, "State": "Burning" }, "geometry": { "type": "Point", "coordinates": [ -118.547460988354217, 34.158198326530609 ] } },
{ "type": "Feature", "properties": { "TimeStep": 15, "Latitude": 34.158198326530609, "Longitude": -118.54031605346812, "State": "Burning" }, "geometry": { "type": "Point", "coordinates": [ -118.540316053468118, 34.158198326530609 ] } },
{ "type": "Feature", "properties": { "TimeStep": 15, "Latitude": 34.158198326530609, "Longitude": -118.54746098835422, "State": "Burning" }, "geometry": { "type": "Point", "coordinates": [ -118.547460988354217, 34.158198326530609 ] } },
{ "type": "Feature", "properties": { "TimeStep": 15, "Latitude": 34.158198326530609, "Longitude": -118.54031605346812, "State": "Burning" }, "geometry": { "type": "Point", "coordinates": [ -118.540316053468118, 34.158198326530609 ] } },
{ "type": "Feature", "properties": { "TimeStep": 15, "Latitude": 34.158198326530609, "Longitude": -118.65463501164579, "State": "Burning" }, "geometry": { "type": "Point", "coordinates": [ -118.654635011645794, 34.158198326530609 ] } },
{ "type": "Feature", "properties": { "TimeStep": 15, "Latitude": 34.164116693877553, "Longitude": -118.65463501164579, "State": "Burning" }, "geometry": { "type": "Point", "coordinates": [ -118.654635011645794, 34.164116693877553 ] } },
{ "type": "Feature", "properties": { "TimeStep": 15, "Latitude": 34.164116693877553, "Longitude": -118.64034514187358, "State": "Burning" }, "geometry": { "type": "Point", "coordinates": [ -118.640345141873581, 34.164116693877553 ] } },
{ "type": "Feature", "properties": { "TimeStep": 15, "Latitude": 34.164116693877553, "Longitude": -118.64034514187358, "State": "Burning" }, "geometry": { "type": "Point", "coordinates": [ -118.640345141873581, 34.164116693877553 ] } },
{ "type": "Feature", "properties": { "TimeStep": 15, "Latitude": 34.164116693877553, "Longitude": -118.63320020698748, "State": "Burning" }, "geometry": { "type": "Point", "coordinates": [ -118.633200206987482, 34.164116693877553 ] } },
{ "type": "Feature", "properties": { "TimeStep": 15, "Latitude": 34.164116693877553, "Longitude": -118.64034514187358, "State": "Burning" }, "geometry": { "type": "Point", "coordinates": [ -118.640345141873581, 34.164116693877553 ] } },
{ "type": "Feature", "properties": { "TimeStep": 15, "Latitude": 34.164116693877553, "Longitude": -118.63320020698748, "State": "Burning" }, "geometry": { "type": "Point", "coordinates": [ -118.633200206987482, 34.164116693877553 ] } },
{ "type": "Feature", "properties": { "TimeStep": 15, "Latitude": 34.164116693877553, "Longitude": -118.62605527210137, "State": "Burning" }, "geometry": { "type": "Point", "coordinates": [ -118.626055272101368, 34.164116693877553 ] } },
{ "type": "Feature", "properties": { "TimeStep": 15, "Latitude": 34.164116693877553, "Longitude": -118.62605527210137, "State": "Burning" }, "geometry": { "type": "Point", "coordinates": [ -118.626055272101368, 34.164116693877553 ] } },
{ "type": "Feature", "properties": { "TimeStep": 15, "Latitude": 34.164116693877553, "Longitude": -118.61891033721527, "State": "Burning" }, "geometry": { "type": "Point", "coordinates": [ -118.618910337215269, 34.164116693877553 ] } },
{ "type": "Feature", "properties": { "TimeStep": 15, "Latitude": 34.164116693877553, "Longitude": -118.61891033721527, "State": "Burning" }, "geometry": { "type": "Point", "coordinates": [ -118.618910337215269, 34.164116693877553 ] } },
{ "type": "Feature", "properties": { "TimeStep": 15, "Latitude": 34.164116693877553, "Longitude": -118.60462046744306, "State": "Burning" }, "geometry": { "type": "Point", "coordinates": [ -118.604620467443056, 34.164116693877553 ] } },
{ "type": "Feature", "properties": { "TimeStep": 15, "Latitude": 34.164116693877553, "Longitude": -118.60462046744306, "State": "Burning" }, "geometry": { "type": "Point", "coordinates": [ -118.604620467443056, 34.164116693877553 ] } },
{ "type": "Feature", "properties": { "TimeStep": 15, "Latitude": 34.164116693877553, "Longitude": -118.59747553255696, "State": "Burning" }, "geometry": { "type": "Point", "coordinates": [ -118.597475532556956, 34.164116693877553 ] } },
{ "type": "Feature", "properties": { "TimeStep": 15, "Latitude": 34.164116693877553, "Longitude": -118.60462046744306, "State": "Burning" }, "geometry": { "type": "Point", "coordinates": [ -118.604620467443056, 34.164116693877553 ] } },
{ "type": "Feature", "properties": { "TimeStep": 15, "Latitude": 34.164116693877553, "Longitude": -118.59747553255696, "State": "Burning" }, "geometry": { "type": "Point", "coordinates": [ -118.597475532556956, 34.164116693877553 ] } },
{ "type": "Feature", "properties": { "TimeStep": 15, "Latitude": 34.164116693877553, "Longitude": -118.59033059767084, "State": "Burning" }, "geometry": { "type": "Point", "coordinates": [ -118.590330597670842, 34.164116693877553 ] } },
{ "type": "Feature", "properties": { "TimeStep": 15, "Latitude": 34.164116693877553, "Longitude": -118.59747553255696, "State": "Burning" }, "geometry": { "type": "Point", "coordinates": [ -118.597475532556956, 34.164116693877553 ] } },
{ "type": "Feature", "properties": { "TimeStep": 15, "Latitude": 34.164116693877553, "Longitude": -118.59033059767084, "State": "Burning" }, "geometry": { "type": "Point", "coordinates": [ -118.590330597670842, 34.164116693877553 ] } },
{ "type": "Feature", "properties": { "TimeStep": 15, "Latitude": 34.164116693877553, "Longitude": -118.58318566278474, "State": "Burning" }, "geometry": { "type": "Point", "coordinates": [ -118.583185662784743, 34.164116693877553 ] } },
{ "type": "Feature", "properties": { "TimeStep": 15, "Latitude": 34.164116693877553, "Longitude": -118.59033059767084, "State": "Burning" }, "geometry": { "type": "Point", "coordinates": [ -118.590330597670842, 34.164116693877553 ] } },
{ "type": "Feature", "properties": { "TimeStep": 15, "Latitude": 34.164116693877553, "Longitude": -118.58318566278474, "State": "Burning" }, "geometry": { "type": "Point", "coordinates": [ -118.583185662784743, 34.164116693877553 ] } },
{ "type": "Feature", "properties": { "TimeStep": 15, "Latitude": 34.164116693877553, "Longitude": -118.57604072789864, "State": "Burning" }, "geometry": { "type": "Point", "coordinates": [ -118.576040727898643, 34.164116693877553 ] } },
{ "type": "Feature", "properties": { "TimeStep": 15, "Latitude": 34.164116693877553, "Longitude": -118.58318566278474, "State": "Burning" }, "geometry": { "type": "Point", "coordinates": [ -118.583185662784743, 34.164116693877553 ] } },
{ "type": "Feature", "properties": { "TimeStep": 15, "Latitude": 34.164116693877553, "Longitude": -118.57604072789864, "State": "Burning" }, "geometry": { "type": "Point", "coordinates": [ -118.576040727898643, 34.164116693877553 ] } },
{ "type": "Feature", "properties": { "TimeStep": 15, "Latitude": 34.164116693877553, "Longitude": -118.56889579301253, "State": "Burning" }, "geometry": { "type": "Point", "coordinates": [ -118.56889579301253, 34.164116693877553 ] } },
{ "type": "Feature", "properties": { "TimeStep": 15, "Latitude": 34.164116693877553, "Longitude": -118.57604072789864, "State": "Burning" }, "geometry": { "type": "Point", "coordinates": [ -118.576040727898643, 34.164116693877553 ] } },
{ "type": "Feature", "properties": { "TimeStep": 15, "Latitude": 34.164116693877553, "Longitude": -118.56889579301253, "State": "Burning" }, "geometry": { "type": "Point", "coordinates": [ -118.56889579301253, 34.164116693877553 ] } },
{ "type": "Feature", "properties": { "TimeStep": 15, "Latitude": 34.164116693877553, "Longitude": -118.56175085812643, "State": "Burning" }, "geometry": { "type": "Point", "coordinates": [ -118.56175085812643, 34.164116693877553 ] } },
{ "type": "Feature", "properties": { "TimeStep": 15, "Latitude": 34.158198326530609, "Longitude": -118.54746098835422, "State": "Burning" }, "geometry": { "type": "Point", "coordinates": [ -118.547460988354217, 34.158198326530609 ] } },
{ "type": "Feature", "properties": { "TimeStep": 15, "Latitude": 34.164116693877553, "Longitude": -118.56175085812643, "State": "Burning" }, "geometry": { "type": "Point", "coordinates": [ -118.56175085812643, 34.164116693877553 ] } },
{ "type": "Feature", "properties": { "TimeStep": 15, "Latitude": 34.164116693877553, "Longitude": -118.55460592324032, "State": "Burning" }, "geometry": { "type": "Point", "coordinates": [ -118.554605923240317, 34.164116693877553 ] } },
{ "type": "Feature", "properties": { "TimeStep": 15, "Latitude": 34.164116693877553, "Longitude": -118.54746098835422, "State": "Burning" }, "geometry": { "type": "Point", "coordinates": [ -118.547460988354217, 34.164116693877553 ] } },
{ "type": "Feature", "properties": { "TimeStep": 16, "Latitude": 33.980647306122442, "Longitude": -118.66177994653189, "State": "Burning" }, "geometry": { "type": "Point", "coordinates": [ -118.661779946531894, 33.980647306122442 ] } },
{ "type": "Feature", "properties": { "TimeStep": 16, "Latitude": 33.980647306122442, "Longitude": -118.64749007675969, "State": "Burning" }, "geometry": { "type": "Point", "coordinates": [ -118.647490076759695, 33.980647306122442 ] } },
{ "type": "Feature", "properties": { "TimeStep": 16, "Latitude": 33.986565673469386, "Longitude": -118.66177994653189, "State": "Burning" }, "geometry": { "type": "Point", "coordinates": [ -118.661779946531894, 33.986565673469386 ] } },
{ "type": "Feature", "properties": { "TimeStep": 16, "Latitude": 33.992484040816322, "Longitude": -118.66177994653189, "State": "Burning" }, "geometry": { "type": "Point", "coordinates": [ -118.661779946531894, 33.992484040816322 ] } },
{ "type": "Feature", "properties": { "TimeStep": 16, "Latitude": 33.980647306122442, "Longitude": -118.64749007675969, "State": "Burning" }, "geometry": { "type": "Point", "coordinates": [ -118.647490076759695, 33.980647306122442 ] } },
{ "type": "Feature", "properties": { "TimeStep": 16, "Latitude": 33.980647306122442, "Longitude": -118.63320020698748, "State": "Burning" }, "geometry": { "type": "Point", "coordinates": [ -118.633200206987482, 33.980647306122442 ] } },
{ "type": "Feature", "properties": { "TimeStep": 16, "Latitude": 33.986565673469386, "Longitude": -118.63320020698748, "State": "Burning" }, "geometry": { "type": "Point", "coordinates": [ -118.633200206987482, 33.986565673469386 ] } },
{ "type": "Feature", "properties": { "TimeStep": 16, "Latitude": 33.980647306122442, "Longitude": -118.61891033721527, "State": "Burning" }, "geometry": { "type": "Point", "coordinates": [ -118.618910337215269, 33.980647306122442 ] } },
{ "type": "Feature", "properties": { "TimeStep": 16, "Latitude": 33.980647306122442, "Longitude": -118.59747553255696, "State": "Burning" }, "geometry": { "type": "Point", "coordinates": [ -118.597475532556956, 33.980647306122442 ] } },
{ "type": "Feature", "properties": { "TimeStep": 16, "Latitude": 33.980647306122442, "Longitude": -118.59747553255696, "State": "Burning" }, "geometry": { "type": "Point", "coordinates": [ -118.597475532556956, 33.980647306122442 ] } },
{ "type": "Feature", "properties": { "TimeStep": 16, "Latitude": 33.980647306122442, "Longitude": -118.59033059767084, "State": "Burning" }, "geometry": { "type": "Point", "coordinates": [ -118.590330597670842, 33.980647306122442 ] } },
{ "type": "Feature", "properties": { "TimeStep": 16, "Latitude": 33.980647306122442, "Longitude": -118.59747553255696, "State": "Burning" }, "geometry": { "type": "Point", "coordinates": [ -118.597475532556956, 33.980647306122442 ] } },
{ "type": "Feature", "properties": { "TimeStep": 16, "Latitude": 33.980647306122442, "Longitude": -118.59033059767084, "State": "Burning" }, "geometry": { "type": "Point", "coordinates": [ -118.590330597670842, 33.980647306122442 ] } },
{ "type": "Feature", "properties": { "TimeStep": 16, "Latitude": 33.980647306122442, "Longitude": -118.58318566278474, "State": "Burning" }, "geometry": { "type": "Point", "coordinates": [ -118.583185662784743, 33.980647306122442 ] } },
{ "type": "Feature", "properties": { "TimeStep": 16, "Latitude": 33.980647306122442, "Longitude": -118.58318566278474, "State": "Burning" }, "geometry": { "type": "Point", "coordinates": [ -118.583185662784743, 33.980647306122442 ] } },
{ "type": "Feature", "properties": { "TimeStep": 16, "Latitude": 33.980647306122442, "Longitude": -118.57604072789864, "State": "Burning" }, "geometry": { "type": "Point", "coordinates": [ -118.576040727898643, 33.980647306122442 ] } },
{ "type": "Feature", "properties": { "TimeStep": 16, "Latitude": 33.980647306122442, "Longitude": -118.56889579301253, "State": "Burning" }, "geometry": { "type": "Point", "coordinates": [ -118.56889579301253, 33.980647306122442 ] } },
{ "type": "Feature", "properties": { "TimeStep": 16, "Latitude": 33.980647306122442, "Longitude": -118.57604072789864, "State": "Burning" }, "geometry": { "type": "Point", "coordinates": [ -118.576040727898643, 33.980647306122442 ] } },
{ "type": "Feature", "properties": { "TimeStep": 16, "Latitude": 33.980647306122442, "Longitude": -118.56889579301253, "State": "Burning" }, "geometry": { "type": "Point", "coordinates": [ -118.56889579301253, 33.980647306122442 ] } },
{ "type": "Feature", "properties": { "TimeStep": 16, "Latitude": 33.980647306122442, "Longitude": -118.56175085812643, "State": "Burning" }, "geometry": { "type": "Point", "coordinates": [ -118.56175085812643, 33.980647306122442 ] } },
{ "type": "Feature", "properties": { "TimeStep": 16, "Latitude": 33.980647306122442, "Longitude": -118.56889579301253, "State": "Burning" }, "geometry": { "type": "Point", "coordinates": [ -118.56889579301253, 33.980647306122442 ] } },
{ "type": "Feature", "properties": { "TimeStep": 16, "Latitude": 33.980647306122442, "Longitude": -118.56175085812643, "State": "Burning" }, "geometry": { "type": "Point", "coordinates": [ -118.56175085812643, 33.980647306122442 ] } },
{ "type": "Feature", "properties": { "TimeStep": 16, "Latitude": 33.980647306122442, "Longitude": -118.55460592324032, "State": "Burning" }, "geometry": { "type": "Point", "coordinates": [ -118.554605923240317, 33.980647306122442 ] } },
{ "type": "Feature", "properties": { "TimeStep": 16, "Latitude": 33.980647306122442, "Longitude": -118.55460592324032, "State": "Burning" }, "geometry": { "type": "Point", "coordinates": [ -118.554605923240317, 33.980647306122442 ] } },
{ "type": "Feature", "properties": { "TimeStep": 16, "Latitude": 33.980647306122442, "Longitude": -118.54746098835422, "State": "Burning" }, "geometry": { "type": "Point", "coordinates": [ -118.547460988354217, 33.980647306122442 ] } },
{ "type": "Feature", "properties": { "TimeStep": 16, "Latitude": 33.986565673469386, "Longitude": -118.51888124880979, "State": "Burning" }, "geometry": { "type": "Point", "coordinates": [ -118.518881248809791, 33.986565673469386 ] } },
{ "type": "Feature", "properties": { "TimeStep": 16, "Latitude": 33.992484040816322, "Longitude": -118.51888124880979, "State": "Burning" }, "geometry": { "type": "Point", "coordinates": [ -118.518881248809791, 33.992484040816322 ] } },
{ "type": "Feature", "properties": { "TimeStep": 16, "Latitude": 33.986565673469386, "Longitude": -118.51888124880979, "State": "Burning" }, "geometry": { "type": "Point", "coordinates": [ -118.518881248809791, 33.986565673469386 ] } },
{ "type": "Feature", "properties": { "TimeStep": 16, "Latitude": 33.992484040816322, "Longitude": -118.51888124880979, "State": "Burning" }, "geometry": { "type": "Point", "coordinates": [ -118.518881248809791, 33.992484040816322 ] } },
{ "type": "Feature", "properties": { "TimeStep": 16, "Latitude": 33.992484040816322, "Longitude": -118.69035968607632, "State": "Burning" }, "geometry": { "type": "Point", "coordinates": [ -118.69035968607632, 33.992484040816322 ] } },
{ "type": "Feature", "properties": { "TimeStep": 16, "Latitude": 33.992484040816322, "Longitude": -118.68321475119022, "State": "Burning" }, "geometry": { "type": "Point", "coordinates": [ -118.683214751190221, 33.992484040816322 ] } },
{ "type": "Feature", "properties": { "TimeStep": 16, "Latitude": 33.992484040816322, "Longitude": -118.67606981630411, "State": "Burning" }, "geometry": { "type": "Point", "coordinates": [ -118.676069816304107, 33.992484040816322 ] } },
{ "type": "Feature", "properties": { "TimeStep": 16, "Latitude": 33.998402408163258, "Longitude": -118.69035968607632, "State": "Burning" }, "geometry": { "type": "Point", "coordinates": [ -118.69035968607632, 33.998402408163258 ] } },
{ "type": "Feature", "properties": { "TimeStep": 16, "Latitude": 33.992484040816322, "Longitude": -118.68321475119022, "State": "Burning" }, "geometry": { "type": "Point", "coordinates": [ -118.683214751190221, 33.992484040816322 ] } },
{ "type": "Feature", "properties": { "TimeStep": 16, "Latitude": 33.992484040816322, "Longitude": -118.67606981630411, "State": "Burning" }, "geometry": { "type": "Point", "coordinates": [ -118.676069816304107, 33.992484040816322 ] } },
{ "type": "Feature", "properties": { "TimeStep": 16, "Latitude": 33.992484040816322, "Longitude": -118.67606981630411, "State": "Burning" }, "geometry": { "type": "Point", "coordinates": [ -118.676069816304107, 33.992484040816322 ] } },
{ "type": "Feature", "properties": { "TimeStep": 16, "Latitude": 33.992484040816322, "Longitude": -118.66177994653189, "State": "Burning" }, "geometry": { "type": "Point", "coordinates": [ -118.661779946531894, 33.992484040816322 ] } },
{ "type": "Feature", "properties": { "TimeStep": 16, "Latitude": 33.992484040816322, "Longitude": -118.66177994653189, "State": "Burning" }, "geometry": { "type": "Point", "coordinates": [ -118.661779946531894, 33.992484040816322 ] } },
{ "type": "Feature", "properties": { "TimeStep": 16, "Latitude": 33.992484040816322, "Longitude": -118.51888124880979, "State": "Burning" }, "geometry": { "type": "Point", "coordinates": [ -118.518881248809791, 33.992484040816322 ] } },
{ "type": "Feature", "properties": { "TimeStep": 16, "Latitude": 33.992484040816322, "Longitude": -118.51173631392369, "State": "Burning" }, "geometry": { "type": "Point", "coordinates": [ -118.511736313923691, 33.992484040816322 ] } },
{ "type": "Feature", "properties": { "TimeStep": 16, "Latitude": 34.004320775510202, "Longitude": -118.51173631392369, "State": "Burning" }, "geometry": { "type": "Point", "coordinates": [ -118.511736313923691, 34.004320775510202 ] } },
{ "type": "Feature", "properties": { "TimeStep": 16, "Latitude": 33.998402408163258, "Longitude": -118.69750462096243, "State": "Burning" }, "geometry": { "type": "Point", "coordinates": [ -118.697504620962434, 33.998402408163258 ] } },
{ "type": "Feature", "properties": { "TimeStep": 16, "Latitude": 33.998402408163258, "Longitude": -118.69035968607632, "State": "Burning" }, "geometry": { "type": "Point", "coordinates": [ -118.69035968607632, 33.998402408163258 ] } },
{ "type": "Feature", "properties": { "TimeStep": 16, "Latitude": 34.004320775510202, "Longitude": -118.70464955584853, "State": "Burning" }, "geometry": { "type": "Point", "coordinates": [ -118.704649555848533, 34.004320775510202 ] } },
{ "type": "Feature", "properties": { "TimeStep": 16, "Latitude": 34.010239142857138, "Longitude": -118.70464955584853, "State": "Burning" }, "geometry": { "type": "Point", "coordinates": [ -118.704649555848533, 34.010239142857138 ] } },
{ "type": "Feature", "properties": { "TimeStep": 16, "Latitude": 33.998402408163258, "Longitude": -118.69750462096243, "State": "Burning" }, "geometry": { "type": "Point", "coordinates": [ -118.697504620962434, 33.998402408163258 ] } },
{ "type": "Feature", "properties": { "TimeStep": 16, "Latitude": 33.998402408163258, "Longitude": -118.69035968607632, "State": "Burning" }, "geometry": { "type": "Point", "coordinates": [ -118.69035968607632, 33.998402408163258 ] } },
{ "type": "Feature", "properties": { "TimeStep": 16, "Latitude": 33.998402408163258, "Longitude": -118.69035968607632, "State": "Burning" }, "geometry": { "type": "Point", "coordinates": [ -118.69035968607632, 33.998402408163258 ] } },
{ "type": "Feature", "properties": { "TimeStep": 16, "Latitude": 34.004320775510202, "Longitude": -118.51173631392369, "State": "Burning" }, "geometry": { "type": "Point", "coordinates": [ -118.511736313923691, 34.004320775510202 ] } },
{ "type": "Feature", "properties": { "TimeStep": 16, "Latitude": 34.004320775510202, "Longitude": -118.70464955584853, "State": "Burning" }, "geometry": { "type": "Point", "coordinates": [ -118.704649555848533, 34.004320775510202 ] } },
{ "type": "Feature", "properties": { "TimeStep": 16, "Latitude": 34.010239142857138, "Longitude": -118.70464955584853, "State": "Burning" }, "geometry": { "type": "Point", "coordinates": [ -118.704649555848533, 34.010239142857138 ] } },
{ "type": "Feature", "properties": { "TimeStep": 16, "Latitude": 34.004320775510202, "Longitude": -118.49744644415148, "State": "Burning" }, "geometry": { "type": "Point", "coordinates": [ -118.497446444151478, 34.004320775510202 ] } },
{ "type": "Feature", "properties": { "TimeStep": 16, "Latitude": 34.010239142857138, "Longitude": -118.49030150926538, "State": "Burning" }, "geometry": { "type": "Point", "coordinates": [ -118.490301509265379, 34.010239142857138 ] } },
{ "type": "Feature", "properties": { "TimeStep": 16, "Latitude": 34.010239142857138, "Longitude": -118.70464955584853, "State": "Burning" }, "geometry": { "type": "Point", "coordinates": [ -118.704649555848533, 34.010239142857138 ] } },
{ "type": "Feature", "properties": { "TimeStep": 16, "Latitude": 34.027994244897954, "Longitude": -118.71179449073463, "State": "Burning" }, "geometry": { "type": "Point", "coordinates": [ -118.711794490734633, 34.027994244897954 ] } },
{ "type": "Feature", "properties": { "TimeStep": 16, "Latitude": 34.016157510204081, "Longitude": -118.48315657437927, "State": "Burning" }, "geometry": { "type": "Point", "coordinates": [ -118.483156574379265, 34.016157510204081 ] } },
{ "type": "Feature", "properties": { "TimeStep": 16, "Latitude": 34.022075877551018, "Longitude": -118.48315657437927, "State": "Burning" }, "geometry": { "type": "Point", "coordinates": [ -118.483156574379265, 34.022075877551018 ] } },
{ "type": "Feature", "properties": { "TimeStep": 16, "Latitude": 34.027994244897954, "Longitude": -118.48315657437927, "State": "Burning" }, "geometry": { "type": "Point", "coordinates": [ -118.483156574379265, 34.027994244897954 ] } },
{ "type": "Feature", "properties": { "TimeStep": 16, "Latitude": 34.027994244897954, "Longitude": -118.71179449073463, "State": "Burning" }, "geometry": { "type": "Point", "coordinates": [ -118.711794490734633, 34.027994244897954 ] } },
{ "type": "Feature", "properties": { "TimeStep": 16, "Latitude": 34.033912612244897, "Longitude": -118.71179449073463, "State": "Burning" }, "geometry": { "type": "Point", "coordinates": [ -118.711794490734633, 34.033912612244897 ] } },
{ "type": "Feature", "properties": { "TimeStep": 16, "Latitude": 34.033912612244897, "Longitude": -118.71179449073463, "State": "Burning" }, "geometry": { "type": "Point", "coordinates": [ -118.711794490734633, 34.033912612244897 ] } },
{ "type": "Feature", "properties": { "TimeStep": 16, "Latitude": 34.04574934693877, "Longitude": -118.71179449073463, "State": "Burning" }, "geometry": { "type": "Point", "coordinates": [ -118.711794490734633, 34.04574934693877 ] } },
{ "type": "Feature", "properties": { "TimeStep": 16, "Latitude": 34.033912612244897, "Longitude": -118.48315657437927, "State": "Burning" }, "geometry": { "type": "Point", "coordinates": [ -118.483156574379265, 34.033912612244897 ] } },
{ "type": "Feature", "properties": { "TimeStep": 16, "Latitude": 34.039830979591834, "Longitude": -118.48315657437927, "State": "Burning" }, "geometry": { "type": "Point", "coordinates": [ -118.483156574379265, 34.039830979591834 ] } },
{ "type": "Feature", "properties": { "TimeStep": 16, "Latitude": 34.04574934693877, "Longitude": -118.71179449073463, "State": "Burning" }, "geometry": { "type": "Point", "coordinates": [ -118.711794490734633, 34.04574934693877 ] } },
{ "type": "Feature", "properties": { "TimeStep": 16, "Latitude": 34.051667714285713, "Longitude": -118.71179449073463, "State": "Burning" }, "geometry": { "type": "Point", "coordinates": [ -118.711794490734633, 34.051667714285713 ] } },
{ "type": "Feature", "properties": { "TimeStep": 16, "Latitude": 34.039830979591834, "Longitude": -118.48315657437927, "State": "Burning" }, "geometry": { "type": "Point", "coordinates": [ -118.483156574379265, 34.039830979591834 ] } },
{ "type": "Feature", "properties": { "TimeStep": 16, "Latitude": 34.051667714285713, "Longitude": -118.48315657437927, "State": "Burning" }, "geometry": { "type": "Point", "coordinates": [ -118.483156574379265, 34.051667714285713 ] } },
{ "type": "Feature", "properties": { "TimeStep": 16, "Latitude": 34.051667714285713, "Longitude": -118.48315657437927, "State": "Burning" }, "geometry": { "type": "Point", "coordinates": [ -118.483156574379265, 34.051667714285713 ] } },
{ "type": "Feature", "properties": { "TimeStep": 16, "Latitude": 34.051667714285713, "Longitude": -118.71179449073463, "State": "Burning" }, "geometry": { "type": "Point", "coordinates": [ -118.711794490734633, 34.051667714285713 ] } },
{ "type": "Feature", "properties": { "TimeStep": 16, "Latitude": 34.05758608163265, "Longitude": -118.71179449073463, "State": "Burning" }, "geometry": { "type": "Point", "coordinates": [ -118.711794490734633, 34.05758608163265 ] } },
{ "type": "Feature", "properties": { "TimeStep": 16, "Latitude": 34.05758608163265, "Longitude": -118.71179449073463, "State": "Burning" }, "geometry": { "type": "Point", "coordinates": [ -118.711794490734633, 34.05758608163265 ] } },
{ "type": "Feature", "properties": { "TimeStep": 16, "Latitude": 34.069422816326529, "Longitude": -118.71179449073463, "State": "Burning" }, "geometry": { "type": "Point", "coordinates": [ -118.711794490734633, 34.069422816326529 ] } },
{ "type": "Feature", "properties": { "TimeStep": 16, "Latitude": 34.069422816326529, "Longitude": -118.71179449073463, "State": "Burning" }, "geometry": { "type": "Point", "coordinates": [ -118.711794490734633, 34.069422816326529 ] } },
{ "type": "Feature", "properties": { "TimeStep": 16, "Latitude": 34.075341183673466, "Longitude": -118.71179449073463, "State": "Burning" }, "geometry": { "type": "Point", "coordinates": [ -118.711794490734633, 34.075341183673466 ] } },
{ "type": "Feature", "properties": { "TimeStep": 16, "Latitude": 34.069422816326529, "Longitude": -118.48315657437927, "State": "Burning" }, "geometry": { "type": "Point", "coordinates": [ -118.483156574379265, 34.069422816326529 ] } },
{ "type": "Feature", "properties": { "TimeStep": 16, "Latitude": 34.075341183673466, "Longitude": -118.48315657437927, "State": "Burning" }, "geometry": { "type": "Point", "coordinates": [ -118.483156574379265, 34.075341183673466 ] } },
{ "type": "Feature", "properties": { "TimeStep": 16, "Latitude": 34.069422816326529, "Longitude": -118.71179449073463, "State": "Burning" }, "geometry": { "type": "Point", "coordinates": [ -118.711794490734633, 34.069422816326529 ] } },
{ "type": "Feature", "properties": { "TimeStep": 16, "Latitude": 34.075341183673466, "Longitude": -118.71179449073463, "State": "Burning" }, "geometry": { "type": "Point", "coordinates": [ -118.711794490734633, 34.075341183673466 ] } },
{ "type": "Feature", "properties": { "TimeStep": 16, "Latitude": 34.069422816326529, "Longitude": -118.48315657437927, "State": "Burning" }, "geometry": { "type": "Point", "coordinates": [ -118.483156574379265, 34.069422816326529 ] } },
{ "type": "Feature", "properties": { "TimeStep": 16, "Latitude": 34.075341183673466, "Longitude": -118.48315657437927, "State": "Burning" }, "geometry": { "type": "Point", "coordinates": [ -118.483156574379265, 34.075341183673466 ] } },
{ "type": "Feature", "properties": { "TimeStep": 16, "Latitude": 34.081259551020409, "Longitude": -118.48315657437927, "State": "Burning" }, "geometry": { "type": "Point", "coordinates": [ -118.483156574379265, 34.081259551020409 ] } },
{ "type": "Feature", "properties": { "TimeStep": 16, "Latitude": 34.075341183673466, "Longitude": -118.48315657437927, "State": "Burning" }, "geometry": { "type": "Point", "coordinates": [ -118.483156574379265, 34.075341183673466 ] } },
{ "type": "Feature", "properties": { "TimeStep": 16, "Latitude": 34.081259551020409, "Longitude": -118.48315657437927, "State": "Burning" }, "geometry": { "type": "Point", "coordinates": [ -118.483156574379265, 34.081259551020409 ] } },
{ "type": "Feature", "properties": { "TimeStep": 16, "Latitude": 34.093096285714282, "Longitude": -118.71179449073463, "State": "Burning" }, "geometry": { "type": "Point", "coordinates": [ -118.711794490734633, 34.093096285714282 ] } },
{ "type": "Feature", "properties": { "TimeStep": 16, "Latitude": 34.093096285714282, "Longitude": -118.71179449073463, "State": "Burning" }, "geometry": { "type": "Point", "coordinates": [ -118.711794490734633, 34.093096285714282 ] } },
{ "type": "Feature", "properties": { "TimeStep": 16, "Latitude": 34.099014653061225, "Longitude": -118.71179449073463, "State": "Burning" }, "geometry": { "type": "Point", "coordinates": [ -118.711794490734633, 34.099014653061225 ] } },
{ "type": "Feature", "properties": { "TimeStep": 16, "Latitude": 34.093096285714282, "Longitude": -118.48315657437927, "State": "Burning" }, "geometry": { "type": "Point", "coordinates": [ -118.483156574379265, 34.093096285714282 ] } },
{ "type": "Feature", "properties": { "TimeStep": 16, "Latitude": 34.099014653061225, "Longitude": -118.48315657437927, "State": "Burning" }, "geometry": { "type": "Point", "coordinates": [ -118.483156574379265, 34.099014653061225 ] } },
{ "type": "Feature", "properties": { "TimeStep": 16, "Latitude": 34.093096285714282, "Longitude": -118.48315657437927, "State": "Burning" }, "geometry": { "type": "Point", "coordinates": [ -118.483156574379265, 34.093096285714282 ] } },
{ "type": "Feature", "properties": { "TimeStep": 16, "Latitude": 34.099014653061225, "Longitude": -118.48315657437927, "State": "Burning" }, "geometry": { "type": "Point", "coordinates": [ -118.483156574379265, 34.099014653061225 ] } },
{ "type": "Feature", "properties": { "TimeStep": 16, "Latitude": 34.104933020408161, "Longitude": -118.48315657437927, "State": "Burning" }, "geometry": { "type": "Point", "coordinates": [ -118.483156574379265, 34.104933020408161 ] } },
{ "type": "Feature", "properties": { "TimeStep": 16, "Latitude": 34.099014653061225, "Longitude": -118.71179449073463, "State": "Burning" }, "geometry": { "type": "Point", "coordinates": [ -118.711794490734633, 34.099014653061225 ] } },
{ "type": "Feature", "properties": { "TimeStep": 16, "Latitude": 34.104933020408161, "Longitude": -118.71179449073463, "State": "Burning" }, "geometry": { "type": "Point", "coordinates": [ -118.711794490734633, 34.104933020408161 ] } },
{ "type": "Feature", "properties": { "TimeStep": 16, "Latitude": 34.110851387755098, "Longitude": -118.71179449073463, "State": "Burning" }, "geometry": { "type": "Point", "coordinates": [ -118.711794490734633, 34.110851387755098 ] } },
{ "type": "Feature", "properties": { "TimeStep": 16, "Latitude": 34.104933020408161, "Longitude": -118.48315657437927, "State": "Burning" }, "geometry": { "type": "Point", "coordinates": [ -118.483156574379265, 34.104933020408161 ] } },
{ "type": "Feature", "properties": { "TimeStep": 16, "Latitude": 34.110851387755098, "Longitude": -118.48315657437927, "State": "Burning" }, "geometry": { "type": "Point", "coordinates": [ -118.483156574379265, 34.110851387755098 ] } },
{ "type": "Feature", "properties": { "TimeStep": 16, "Latitude": 34.116769755102041, "Longitude": -118.48315657437927, "State": "Burning" }, "geometry": { "type": "Point", "coordinates": [ -118.483156574379265, 34.116769755102041 ] } },
{ "type": "Feature", "properties": { "TimeStep": 16, "Latitude": 34.110851387755098, "Longitude": -118.71179449073463, "State": "Burning" }, "geometry": { "type": "Point", "coordinates": [ -118.711794490734633, 34.110851387755098 ] } },
{ "type": "Feature", "properties": { "TimeStep": 16, "Latitude": 34.116769755102041, "Longitude": -118.71179449073463, "State": "Burning" }, "geometry": { "type": "Point", "coordinates": [ -118.711794490734633, 34.116769755102041 ] } },
{ "type": "Feature", "properties": { "TimeStep": 16, "Latitude": 34.122688122448977, "Longitude": -118.71179449073463, "State": "Burning" }, "geometry": { "type": "Point", "coordinates": [ -118.711794490734633, 34.122688122448977 ] } },
{ "type": "Feature", "properties": { "TimeStep": 16, "Latitude": 34.116769755102041, "Longitude": -118.48315657437927, "State": "Burning" }, "geometry": { "type": "Point", "coordinates": [ -118.483156574379265, 34.116769755102041 ] } },
{ "type": "Feature", "properties": { "TimeStep": 16, "Latitude": 34.128606489795914, "Longitude": -118.48315657437927, "State": "Burning" }, "geometry": { "type": "Point", "coordinates": [ -118.483156574379265, 34.128606489795914 ] } },
{ "type": "Feature", "properties": { "TimeStep": 16, "Latitude": 34.122688122448977, "Longitude": -118.71179449073463, "State": "Burning" }, "geometry": { "type": "Point", "coordinates": [ -118.711794490734633, 34.122688122448977 ] } },
{ "type": "Feature", "properties": { "TimeStep": 16, "Latitude": 34.128606489795914, "Longitude": -118.71179449073463, "State": "Burning" }, "geometry": { "type": "Point", "coordinates": [ -118.711794490734633, 34.128606489795914 ] } },
{ "type": "Feature", "properties": { "TimeStep": 16, "Latitude": 34.134524857142857, "Longitude": -118.70464955584853, "State": "Burning" }, "geometry": { "type": "Point", "coordinates": [ -118.704649555848533, 34.134524857142857 ] } },
{ "type": "Feature", "properties": { "TimeStep": 16, "Latitude": 34.134524857142857, "Longitude": -118.69750462096243, "State": "Burning" }, "geometry": { "type": "Point", "coordinates": [ -118.697504620962434, 34.134524857142857 ] } },
{ "type": "Feature", "properties": { "TimeStep": 16, "Latitude": 34.134524857142857, "Longitude": -118.70464955584853, "State": "Burning" }, "geometry": { "type": "Point", "coordinates": [ -118.704649555848533, 34.134524857142857 ] } },
{ "type": "Feature", "properties": { "TimeStep": 16, "Latitude": 34.134524857142857, "Longitude": -118.69750462096243, "State": "Burning" }, "geometry": { "type": "Point", "coordinates": [ -118.697504620962434, 34.134524857142857 ] } },
{ "type": "Feature", "properties": { "TimeStep": 16, "Latitude": 34.134524857142857, "Longitude": -118.69750462096243, "State": "Burning" }, "geometry": { "type": "Point", "coordinates": [ -118.697504620962434, 34.134524857142857 ] } },
{ "type": "Feature", "properties": { "TimeStep": 16, "Latitude": 34.134524857142857, "Longitude": -118.68321475119022, "State": "Burning" }, "geometry": { "type": "Point", "coordinates": [ -118.683214751190221, 34.134524857142857 ] } },
{ "type": "Feature", "properties": { "TimeStep": 16, "Latitude": 34.134524857142857, "Longitude": -118.68321475119022, "State": "Burning" }, "geometry": { "type": "Point", "coordinates": [ -118.683214751190221, 34.134524857142857 ] } },
{ "type": "Feature", "properties": { "TimeStep": 16, "Latitude": 34.134524857142857, "Longitude": -118.67606981630411, "State": "Burning" }, "geometry": { "type": "Point", "coordinates": [ -118.676069816304107, 34.134524857142857 ] } },
{ "type": "Feature", "properties": { "TimeStep": 16, "Latitude": 34.128606489795914, "Longitude": -118.48315657437927, "State": "Burning" }, "geometry": { "type": "Point", "coordinates": [ -118.483156574379265, 34.128606489795914 ] } },
{ "type": "Feature", "properties": { "TimeStep": 16, "Latitude": 34.134524857142857, "Longitude": -118.49030150926538, "State": "Burning" }, "geometry": { "type": "Point", "coordinates": [ -118.490301509265379, 34.134524857142857 ] } },
{ "type": "Feature", "properties": { "TimeStep": 16, "Latitude": 34.134524857142857, "Longitude": -118.48315657437927, "State": "Burning" }, "geometry": { "type": "Point", "coordinates": [ -118.483156574379265, 34.134524857142857 ] } },
{ "type": "Feature", "properties": { "TimeStep": 16, "Latitude": 34.134524857142857, "Longitude": -118.49030150926538, "State": "Burning" }, "geometry": { "type": "Point", "coordinates": [ -118.490301509265379, 34.134524857142857 ] } },
{ "type": "Feature", "properties": { "TimeStep": 16, "Latitude": 34.146361591836737, "Longitude": -118.49030150926538, "State": "Burning" }, "geometry": { "type": "Point", "coordinates": [ -118.490301509265379, 34.146361591836737 ] } },
{ "type": "Feature", "properties": { "TimeStep": 16, "Latitude": 34.158198326530609, "Longitude": -118.51888124880979, "State": "Burning" }, "geometry": { "type": "Point", "coordinates": [ -118.518881248809791, 34.158198326530609 ] } },
{ "type": "Feature", "properties": { "TimeStep": 16, "Latitude": 34.152279959183673, "Longitude": -118.66177994653189, "State": "Burning" }, "geometry": { "type": "Point", "coordinates": [ -118.661779946531894, 34.152279959183673 ] } },
{ "type": "Feature", "properties": { "TimeStep": 16, "Latitude": 34.164116693877553, "Longitude": -118.66177994653189, "State": "Burning" }, "geometry": { "type": "Point", "coordinates": [ -118.661779946531894, 34.164116693877553 ] } },
{ "type": "Feature", "properties": { "TimeStep": 16, "Latitude": 34.164116693877553, "Longitude": -118.54031605346812, "State": "Burning" }, "geometry": { "type": "Point", "coordinates": [ -118.540316053468118, 34.164116693877553 ] } },
{ "type": "Feature", "properties": { "TimeStep": 16, "Latitude": 34.164116693877553, "Longitude": -118.54031605346812, "State": "Burning" }, "geometry": { "type": "Point", "coordinates": [ -118.540316053468118, 34.164116693877553 ] } },
{ "type": "Feature", "properties": { "TimeStep": 16, "Latitude": 34.164116693877553, "Longitude": -118.533171118582, "State": "Burning" }, "geometry": { "type": "Point", "coordinates": [ -118.533171118582004, 34.164116693877553 ] } },
{ "type": "Feature", "properties": { "TimeStep": 16, "Latitude": 34.164116693877553, "Longitude": -118.66177994653189, "State": "Burning" }, "geometry": { "type": "Point", "coordinates": [ -118.661779946531894, 34.164116693877553 ] } },
{ "type": "Feature", "properties": { "TimeStep": 16, "Latitude": 34.170035061224489, "Longitude": -118.66177994653189, "State": "Burning" }, "geometry": { "type": "Point", "coordinates": [ -118.661779946531894, 34.170035061224489 ] } },
{ "type": "Feature", "properties": { "TimeStep": 16, "Latitude": 34.170035061224489, "Longitude": -118.65463501164579, "State": "Burning" }, "geometry": { "type": "Point", "coordinates": [ -118.654635011645794, 34.170035061224489 ] } },
{ "type": "Feature", "properties": { "TimeStep": 16, "Latitude": 34.170035061224489, "Longitude": -118.64749007675969, "State": "Burning" }, "geometry": { "type": "Point", "coordinates": [ -118.647490076759695, 34.170035061224489 ] } },
{ "type": "Feature", "properties": { "TimeStep": 16, "Latitude": 34.170035061224489, "Longitude": -118.64749007675969, "State": "Burning" }, "geometry": { "type": "Point", "coordinates": [ -118.647490076759695, 34.170035061224489 ] } },
{ "type": "Feature", "properties": { "TimeStep": 16, "Latitude": 34.170035061224489, "Longitude": -118.61891033721527, "State": "Burning" }, "geometry": { "type": "Point", "coordinates": [ -118.618910337215269, 34.170035061224489 ] } },
{ "type": "Feature", "properties": { "TimeStep": 16, "Latitude": 34.170035061224489, "Longitude": -118.61891033721527, "State": "Burning" }, "geometry": { "type": "Point", "coordinates": [ -118.618910337215269, 34.170035061224489 ] } },
{ "type": "Feature", "properties": { "TimeStep": 16, "Latitude": 34.170035061224489, "Longitude": -118.61176540232917, "State": "Burning" }, "geometry": { "type": "Point", "coordinates": [ -118.611765402329169, 34.170035061224489 ] } },
{ "type": "Feature", "properties": { "TimeStep": 16, "Latitude": 34.170035061224489, "Longitude": -118.61176540232917, "State": "Burning" }, "geometry": { "type": "Point", "coordinates": [ -118.611765402329169, 34.170035061224489 ] } },
{ "type": "Feature", "properties": { "TimeStep": 16, "Latitude": 34.170035061224489, "Longitude": -118.60462046744306, "State": "Burning" }, "geometry": { "type": "Point", "coordinates": [ -118.604620467443056, 34.170035061224489 ] } },
{ "type": "Feature", "properties": { "TimeStep": 16, "Latitude": 34.170035061224489, "Longitude": -118.60462046744306, "State": "Burning" }, "geometry": { "type": "Point", "coordinates": [ -118.604620467443056, 34.170035061224489 ] } },
{ "type": "Feature", "properties": { "TimeStep": 16, "Latitude": 34.170035061224489, "Longitude": -118.58318566278474, "State": "Burning" }, "geometry": { "type": "Point", "coordinates": [ -118.583185662784743, 34.170035061224489 ] } },
{ "type": "Feature", "properties": { "TimeStep": 16, "Latitude": 34.170035061224489, "Longitude": -118.58318566278474, "State": "Burning" }, "geometry": { "type": "Point", "coordinates": [ -118.583185662784743, 34.170035061224489 ] } },
{ "type": "Feature", "properties": { "TimeStep": 16, "Latitude": 34.170035061224489, "Longitude": -118.57604072789864, "State": "Burning" }, "geometry": { "type": "Point", "coordinates": [ -118.576040727898643, 34.170035061224489 ] } },
{ "type": "Feature", "properties": { "TimeStep": 16, "Latitude": 34.170035061224489, "Longitude": -118.58318566278474, "State": "Burning" }, "geometry": { "type": "Point", "coordinates": [ -118.583185662784743, 34.170035061224489 ] } },
{ "type": "Feature", "properties": { "TimeStep": 16, "Latitude": 34.170035061224489, "Longitude": -118.57604072789864, "State": "Burning" }, "geometry": { "type": "Point", "coordinates": [ -118.576040727898643, 34.170035061224489 ] } },
{ "type": "Feature", "properties": { "TimeStep": 16, "Latitude": 34.170035061224489, "Longitude": -118.57604072789864, "State": "Burning" }, "geometry": { "type": "Point", "coordinates": [ -118.576040727898643, 34.170035061224489 ] } },
{ "type": "Feature", "properties": { "TimeStep": 16, "Latitude": 34.170035061224489, "Longitude": -118.54746098835422, "State": "Burning" }, "geometry": { "type": "Point", "coordinates": [ -118.547460988354217, 34.170035061224489 ] } },
{ "type": "Feature", "properties": { "TimeStep": 16, "Latitude": 34.164116693877553, "Longitude": -118.54031605346812, "State": "Burning" }, "geometry": { "type": "Point", "coordinates": [ -118.540316053468118, 34.164116693877553 ] } },
{ "type": "Feature", "properties": { "TimeStep": 16, "Latitude": 34.170035061224489, "Longitude": -118.54746098835422, "State": "Burning" }, "geometry": { "type": "Point", "coordinates": [ -118.547460988354217, 34.170035061224489 ] } },
{ "type": "Feature", "properties": { "TimeStep": 16, "Latitude": 34.170035061224489, "Longitude": -118.54031605346812, "State": "Burning" }, "geometry": { "type": "Point", "coordinates": [ -118.540316053468118, 34.170035061224489 ] } },
{ "type": "Feature", "properties": { "TimeStep": 17, "Latitude": 33.974728938775506, "Longitude": -118.66892488141801, "State": "Burning" }, "geometry": { "type": "Point", "coordinates": [ -118.668924881418008, 33.974728938775506 ] } },
{ "type": "Feature", "properties": { "TimeStep": 17, "Latitude": 33.974728938775506, "Longitude": -118.66177994653189, "State": "Burning" }, "geometry": { "type": "Point", "coordinates": [ -118.661779946531894, 33.974728938775506 ] } },
{ "type": "Feature", "properties": { "TimeStep": 17, "Latitude": 33.974728938775506, "Longitude": -118.65463501164579, "State": "Burning" }, "geometry": { "type": "Point", "coordinates": [ -118.654635011645794, 33.974728938775506 ] } },
{ "type": "Feature", "properties": { "TimeStep": 17, "Latitude": 33.980647306122442, "Longitude": -118.66892488141801, "State": "Burning" }, "geometry": { "type": "Point", "coordinates": [ -118.668924881418008, 33.980647306122442 ] } },
{ "type": "Feature", "properties": { "TimeStep": 17, "Latitude": 33.986565673469386, "Longitude": -118.66892488141801, "State": "Burning" }, "geometry": { "type": "Point", "coordinates": [ -118.668924881418008, 33.986565673469386 ] } },
{ "type": "Feature", "properties": { "TimeStep": 17, "Latitude": 33.974728938775506, "Longitude": -118.65463501164579, "State": "Burning" }, "geometry": { "type": "Point", "coordinates": [ -118.654635011645794, 33.974728938775506 ] } },
{ "type": "Feature", "properties": { "TimeStep": 17, "Latitude": 33.974728938775506, "Longitude": -118.63320020698748, "State": "Burning" }, "geometry": { "type": "Point", "coordinates": [ -118.633200206987482, 33.974728938775506 ] } },
{ "type": "Feature", "properties": { "TimeStep": 17, "Latitude": 33.974728938775506, "Longitude": -118.62605527210137, "State": "Burning" }, "geometry": { "type": "Point", "coordinates": [ -118.626055272101368, 33.974728938775506 ] } },
{ "type": "Feature", "properties": { "TimeStep": 17, "Latitude": 33.974728938775506, "Longitude": -118.62605527210137, "State": "Burning" }, "geometry": { "type": "Point", "coordinates": [ -118.626055272101368, 33.974728938775506 ] } },
{ "type": "Feature", "properties": { "TimeStep": 17, "Latitude": 33.974728938775506, "Longitude": -118.61891033721527, "State": "Burning" }, "geometry": { "type": "Point", "coordinates": [ -118.618910337215269, 33.974728938775506 ] } },
{ "type": "Feature", "properties": { "TimeStep": 17, "Latitude": 33.974728938775506, "Longitude": -118.61176540232917, "State": "Burning" }, "geometry": { "type": "Point", "coordinates": [ -118.611765402329169, 33.974728938775506 ] } },
{ "type": "Feature", "properties": { "TimeStep": 17, "Latitude": 33.974728938775506, "Longitude": -118.60462046744306, "State": "Burning" }, "geometry": { "type": "Point", "coordinates": [ -118.604620467443056, 33.974728938775506 ] } },
{ "type": "Feature", "properties": { "TimeStep": 17, "Latitude": 33.974728938775506, "Longitude": -118.59747553255696, "State": "Burning" }, "geometry": { "type": "Point", "coordinates": [ -118.597475532556956, 33.974728938775506 ] } },
{ "type": "Feature", "properties": { "TimeStep": 17, "Latitude": 33.974728938775506, "Longitude": -118.59033059767084, "State": "Burning" }, "geometry": { "type": "Point", "coordinates": [ -118.590330597670842, 33.974728938775506 ] } },
{ "type": "Feature", "properties": { "TimeStep": 17, "Latitude": 33.974728938775506, "Longitude": -118.59747553255696, "State": "Burning" }, "geometry": { "type": "Point", "coordinates": [ -118.597475532556956, 33.974728938775506 ] } },
{ "type": "Feature", "properties": { "TimeStep": 17, "Latitude": 33.974728938775506, "Longitude": -118.59033059767084, "State": "Burning" }, "geometry": { "type": "Point", "coordinates": [ -118.590330597670842, 33.974728938775506 ] } },
{ "type": "Feature", "properties": { "TimeStep": 17, "Latitude": 33.974728938775506, "Longitude": -118.59033059767084, "State": "Burning" }, "geometry": { "type": "Point", "coordinates": [ -118.590330597670842, 33.974728938775506 ] } },
{ "type": "Feature", "properties": { "TimeStep": 17, "Latitude": 33.974728938775506, "Longitude": -118.57604072789864, "State": "Burning" }, "geometry": { "type": "Point", "coordinates": [ -118.576040727898643, 33.974728938775506 ] } },
{ "type": "Feature", "properties": { "TimeStep": 17, "Latitude": 33.974728938775506, "Longitude": -118.57604072789864, "State": "Burning" }, "geometry": { "type": "Point", "coordinates": [ -118.576040727898643, 33.974728938775506 ] } },
{ "type": "Feature", "properties": { "TimeStep": 17, "Latitude": 33.974728938775506, "Longitude": -118.56889579301253, "State": "Burning" }, "geometry": { "type": "Point", "coordinates": [ -118.56889579301253, 33.974728938775506 ] } },
{ "type": "Feature", "properties": { "TimeStep": 17, "Latitude": 33.974728938775506, "Longitude": -118.57604072789864, "State": "Burning" }, "geometry": { "type": "Point", "coordinates": [ -118.576040727898643, 33.974728938775506 ] } },
{ "type": "Feature", "properties": { "TimeStep": 17, "Latitude": 33.974728938775506, "Longitude": -118.56889579301253, "State": "Burning" }, "geometry": { "type": "Point", "coordinates": [ -118.56889579301253, 33.974728938775506 ] } },
{ "type": "Feature", "properties": { "TimeStep": 17, "Latitude": 33.974728938775506, "Longitude": -118.56889579301253, "State": "Burning" }, "geometry": { "type": "Point", "coordinates": [ -118.56889579301253, 33.974728938775506 ] } },
{ "type": "Feature", "properties": { "TimeStep": 17, "Latitude": 33.974728938775506, "Longitude": -118.54746098835422, "State": "Burning" }, "geometry": { "type": "Point", "coordinates": [ -118.547460988354217, 33.974728938775506 ] } },
{ "type": "Feature", "properties": { "TimeStep": 17, "Latitude": 33.974728938775506, "Longitude": -118.54746098835422, "State": "Burning" }, "geometry": { "type": "Point", "coordinates": [ -118.547460988354217, 33.974728938775506 ] } },
{ "type": "Feature", "properties": { "TimeStep": 17, "Latitude": 33.974728938775506, "Longitude": -118.54031605346812, "State": "Burning" }, "geometry": { "type": "Point", "coordinates": [ -118.540316053468118, 33.974728938775506 ] } },
{ "type": "Feature", "properties": { "TimeStep": 17, "Latitude": 33.980647306122442, "Longitude": -118.66892488141801, "State": "Burning" }, "geometry": { "type": "Point", "coordinates": [ -118.668924881418008, 33.980647306122442 ] } },
{ "type": "Feature", "properties": { "TimeStep": 17, "Latitude": 33.986565673469386, "Longitude": -118.66892488141801, "State": "Burning" }, "geometry": { "type": "Point", "coordinates": [ -118.668924881418008, 33.986565673469386 ] } },
{ "type": "Feature", "properties": { "TimeStep": 17, "Latitude": 33.980647306122442, "Longitude": -118.51173631392369, "State": "Burning" }, "geometry": { "type": "Point", "coordinates": [ -118.511736313923691, 33.980647306122442 ] } },
{ "type": "Feature", "properties": { "TimeStep": 17, "Latitude": 33.986565673469386, "Longitude": -118.51173631392369, "State": "Burning" }, "geometry": { "type": "Point", "coordinates": [ -118.511736313923691, 33.986565673469386 ] } },
{ "type": "Feature", "properties": { "TimeStep": 17, "Latitude": 33.986565673469386, "Longitude": -118.68321475119022, "State": "Burning" }, "geometry": { "type": "Point", "coordinates": [ -118.683214751190221, 33.986565673469386 ] } },
{ "type": "Feature", "properties": { "TimeStep": 17, "Latitude": 33.992484040816322, "Longitude": -118.69750462096243, "State": "Burning" }, "geometry": { "type": "Point", "coordinates": [ -118.697504620962434, 33.992484040816322 ] } },
{ "type": "Feature", "properties": { "TimeStep": 17, "Latitude": 33.986565673469386, "Longitude": -118.68321475119022, "State": "Burning" }, "geometry": { "type": "Point", "coordinates": [ -118.683214751190221, 33.986565673469386 ] } },
{ "type": "Feature", "properties": { "TimeStep": 17, "Latitude": 33.986565673469386, "Longitude": -118.68321475119022, "State": "Burning" }, "geometry": { "type": "Point", "coordinates": [ -118.683214751190221, 33.986565673469386 ] } },
{ "type": "Feature", "properties": { "TimeStep": 17, "Latitude": 33.986565673469386, "Longitude": -118.66892488141801, "State": "Burning" }, "geometry": { "type": "Point", "coordinates": [ -118.668924881418008, 33.986565673469386 ] } },
{ "type": "Feature", "properties": { "TimeStep": 17, "Latitude": 33.986565673469386, "Longitude": -118.66892488141801, "State": "Burning" }, "geometry": { "type": "Point", "coordinates": [ -118.668924881418008, 33.986565673469386 ] } },
{ "type": "Feature", "properties": { "TimeStep": 17, "Latitude": 33.986565673469386, "Longitude": -118.51173631392369, "State": "Burning" }, "geometry": { "type": "Point", "coordinates": [ -118.511736313923691, 33.986565673469386 ] } },
{ "type": "Feature", "properties": { "TimeStep": 17, "Latitude": 33.986565673469386, "Longitude": -118.51173631392369, "State": "Burning" }, "geometry": { "type": "Point", "coordinates": [ -118.511736313923691, 33.986565673469386 ] } },
{ "type": "Feature", "properties": { "TimeStep": 17, "Latitude": 33.986565673469386, "Longitude": -118.50459137903758, "State": "Burning" }, "geometry": { "type": "Point", "coordinates": [ -118.504591379037578, 33.986565673469386 ] } },
{ "type": "Feature", "properties": { "TimeStep": 17, "Latitude": 33.998402408163258, "Longitude": -118.50459137903758, "State": "Burning" }, "geometry": { "type": "Point", "coordinates": [ -118.504591379037578, 33.998402408163258 ] } },
{ "type": "Feature", "properties": { "TimeStep": 17, "Latitude": 33.992484040816322, "Longitude": -118.69750462096243, "State": "Burning" }, "geometry": { "type": "Point", "coordinates": [ -118.697504620962434, 33.992484040816322 ] } },
{ "type": "Feature", "properties": { "TimeStep": 17, "Latitude": 33.992484040816322, "Longitude": -118.69750462096243, "State": "Burning" }, "geometry": { "type": "Point", "coordinates": [ -118.697504620962434, 33.992484040816322 ] } },
{ "type": "Feature", "properties": { "TimeStep": 17, "Latitude": 33.998402408163258, "Longitude": -118.50459137903758, "State": "Burning" }, "geometry": { "type": "Point", "coordinates": [ -118.504591379037578, 33.998402408163258 ] } },
{ "type": "Feature", "properties": { "TimeStep": 17, "Latitude": 33.998402408163258, "Longitude": -118.50459137903758, "State": "Burning" }, "geometry": { "type": "Point", "coordinates": [ -118.504591379037578, 33.998402408163258 ] } },
{ "type": "Feature", "properties": { "TimeStep": 17, "Latitude": 33.998402408163258, "Longitude": -118.49744644415148, "State": "Burning" }, "geometry": { "type": "Point", "coordinates": [ -118.497446444151478, 33.998402408163258 ] } },
{ "type": "Feature", "properties": { "TimeStep": 17, "Latitude": 33.998402408163258, "Longitude": -118.49030150926538, "State": "Burning" }, "geometry": { "type": "Point", "coordinates": [ -118.490301509265379, 33.998402408163258 ] } },
{ "type": "Feature", "properties": { "TimeStep": 17, "Latitude": 34.004320775510202, "Longitude": -118.48315657437927, "State": "Burning" }, "geometry": { "type": "Point", "coordinates": [ -118.483156574379265, 34.004320775510202 ] } },
{ "type": "Feature", "properties": { "TimeStep": 17, "Latitude": 34.010239142857138, "Longitude": -118.48315657437927, "State": "Burning" }, "geometry": { "type": "Point", "coordinates": [ -118.483156574379265, 34.010239142857138 ] } },
{ "type": "Feature", "properties": { "TimeStep": 17, "Latitude": 34.010239142857138, "Longitude": -118.48315657437927, "State": "Burning" }, "geometry": { "type": "Point", "coordinates": [ -118.483156574379265, 34.010239142857138 ] } },
{ "type": "Feature", "properties": { "TimeStep": 17, "Latitude": 34.010239142857138, "Longitude": -118.47601163949317, "State": "Burning" }, "geometry": { "type": "Point", "coordinates": [ -118.476011639493166, 34.010239142857138 ] } },
{ "type": "Feature", "properties": { "TimeStep": 17, "Latitude": 34.022075877551018, "Longitude": -118.47601163949317, "State": "Burning" }, "geometry": { "type": "Point", "coordinates": [ -118.476011639493166, 34.022075877551018 ] } },
{ "type": "Feature", "properties": { "TimeStep": 17, "Latitude": 34.022075877551018, "Longitude": -118.47601163949317, "State": "Burning" }, "geometry": { "type": "Point", "coordinates": [ -118.476011639493166, 34.022075877551018 ] } },
{ "type": "Feature", "properties": { "TimeStep": 17, "Latitude": 34.027994244897954, "Longitude": -118.47601163949317, "State": "Burning" }, "geometry": { "type": "Point", "coordinates": [ -118.476011639493166, 34.027994244897954 ] } },
{ "type": "Feature", "properties": { "TimeStep": 17, "Latitude": 34.027994244897954, "Longitude": -118.71893942562075, "State": "Burning" }, "geometry": { "type": "Point", "coordinates": [ -118.718939425620746, 34.027994244897954 ] } },
{ "type": "Feature", "properties": { "TimeStep": 17, "Latitude": 34.022075877551018, "Longitude": -118.47601163949317, "State": "Burning" }, "geometry": { "type": "Point", "coordinates": [ -118.476011639493166, 34.022075877551018 ] } },
{ "type": "Feature", "properties": { "TimeStep": 17, "Latitude": 34.027994244897954, "Longitude": -118.47601163949317, "State": "Burning" }, "geometry": { "type": "Point", "coordinates": [ -118.476011639493166, 34.027994244897954 ] } },
{ "type": "Feature", "properties": { "TimeStep": 17, "Latitude": 34.027994244897954, "Longitude": -118.71893942562075, "State": "Burning" }, "geometry": { "type": "Point", "coordinates": [ -118.718939425620746, 34.027994244897954 ] } },
{ "type": "Feature", "properties": { "TimeStep": 17, "Latitude": 34.039830979591834, "Longitude": -118.71893942562075, "State": "Burning" }, "geometry": { "type": "Point", "coordinates": [ -118.718939425620746, 34.039830979591834 ] } },
{ "type": "Feature", "properties": { "TimeStep": 17, "Latitude": 34.027994244897954, "Longitude": -118.47601163949317, "State": "Burning" }, "geometry": { "type": "Point", "coordinates": [ -118.476011639493166, 34.027994244897954 ] } },
{ "type": "Feature", "properties": { "TimeStep": 17, "Latitude": 34.039830979591834, "Longitude": -118.71893942562075, "State": "Burning" }, "geometry": { "type": "Point", "coordinates": [ -118.718939425620746, 34.039830979591834 ] } },
{ "type": "Feature", "properties": { "TimeStep": 17, "Latitude": 34.04574934693877, "Longitude": -118.71893942562075, "State": "Burning" }, "geometry": { "type": "Point", "coordinates": [ -118.718939425620746, 34.04574934693877 ] } },
{ "type": "Feature", "properties": { "TimeStep": 17, "Latitude": 34.04574934693877, "Longitude": -118.71893942562075, "State": "Burning" }, "geometry": { "type": "Point", "coordinates": [ -118.718939425620746, 34.04574934693877 ] } },
{ "type": "Feature", "properties": { "TimeStep": 17, "Latitude": 34.051667714285713, "Longitude": -118.47601163949317, "State": "Burning" }, "geometry": { "type": "Point", "coordinates": [ -118.476011639493166, 34.051667714285713 ] } },
{ "type": "Feature", "properties": { "TimeStep": 17, "Latitude": 34.05758608163265, "Longitude": -118.47601163949317, "State": "Burning" }, "geometry": { "type": "Point", "coordinates": [ -118.476011639493166, 34.05758608163265 ] } },
{ "type": "Feature", "properties": { "TimeStep": 17, "Latitude": 34.063504448979586, "Longitude": -118.47601163949317, "State": "Burning" }, "geometry": { "type": "Point", "coordinates": [ -118.476011639493166, 34.063504448979586 ] } },
{ "type": "Feature", "properties": { "TimeStep": 17, "Latitude": 34.075341183673466, "Longitude": -118.47601163949317, "State": "Burning" }, "geometry": { "type": "Point", "coordinates": [ -118.476011639493166, 34.075341183673466 ] } },
{ "type": "Feature", "properties": { "TimeStep": 17, "Latitude": 34.081259551020409, "Longitude": -118.71893942562075, "State": "Burning" }, "geometry": { "type": "Point", "coordinates": [ -118.718939425620746, 34.081259551020409 ] } },
{ "type": "Feature", "properties": { "TimeStep": 17, "Latitude": 34.075341183673466, "Longitude": -118.47601163949317, "State": "Burning" }, "geometry": { "type": "Point", "coordinates": [ -118.476011639493166, 34.075341183673466 ] } },
{ "type": "Feature", "properties": { "TimeStep": 17, "Latitude": 34.075341183673466, "Longitude": -118.47601163949317, "State": "Burning" }, "geometry": { "type": "Point", "coordinates": [ -118.476011639493166, 34.075341183673466 ] } },
{ "type": "Feature", "properties": { "TimeStep": 17, "Latitude": 34.087177918367345, "Longitude": -118.47601163949317, "State": "Burning" }, "geometry": { "type": "Point", "coordinates": [ -118.476011639493166, 34.087177918367345 ] } },
{ "type": "Feature", "properties": { "TimeStep": 17, "Latitude": 34.087177918367345, "Longitude": -118.71893942562075, "State": "Burning" }, "geometry": { "type": "Point", "coordinates": [ -118.718939425620746, 34.087177918367345 ] } },
{ "type": "Feature", "properties": { "TimeStep": 17, "Latitude": 34.093096285714282, "Longitude": -118.71893942562075, "State": "Burning" }, "geometry": { "type": "Point", "coordinates": [ -118.718939425620746, 34.093096285714282 ] } },
{ "type": "Feature", "properties": { "TimeStep": 17, "Latitude": 34.087177918367345, "Longitude": -118.47601163949317, "State": "Burning" }, "geometry": { "type": "Point", "coordinates": [ -118.476011639493166, 34.087177918367345 ] } },
{ "type": "Feature", "properties": { "TimeStep": 17, "Latitude": 34.093096285714282, "Longitude": -118.47601163949317, "State": "Burning" }, "geometry": { "type": "Point", "coordinates": [ -118.476011639493166, 34.093096285714282 ] } },
{ "type": "Feature", "properties": { "TimeStep": 17, "Latitude": 34.099014653061225, "Longitude": -118.47601163949317, "State": "Burning" }, "geometry": { "type": "Point", "coordinates": [ -118.476011639493166, 34.099014653061225 ] } },
{ "type": "Feature", "properties": { "TimeStep": 17, "Latitude": 34.093096285714282, "Longitude": -118.71893942562075, "State": "Burning" }, "geometry": { "type": "Point", "coordinates": [ -118.718939425620746, 34.093096285714282 ] } },
{ "type": "Feature", "properties": { "TimeStep": 17, "Latitude": 34.093096285714282, "Longitude": -118.47601163949317, "State": "Burning" }, "geometry": { "type": "Point", "coordinates": [ -118.476011639493166, 34.093096285714282 ] } },
{ "type": "Feature", "properties": { "TimeStep": 17, "Latitude": 34.099014653061225, "Longitude": -118.47601163949317, "State": "Burning" }, "geometry": { "type": "Point", "coordinates": [ -118.476011639493166, 34.099014653061225 ] } },
{ "type": "Feature", "properties": { "TimeStep": 17, "Latitude": 34.104933020408161, "Longitude": -118.47601163949317, "State": "Burning" }, "geometry": { "type": "Point", "coordinates": [ -118.476011639493166, 34.104933020408161 ] } },
{ "type": "Feature", "properties": { "TimeStep": 17, "Latitude": 34.110851387755098, "Longitude": -118.71893942562075, "State": "Burning" }, "geometry": { "type": "Point", "coordinates": [ -118.718939425620746, 34.110851387755098 ] } },
{ "type": "Feature", "properties": { "TimeStep": 17, "Latitude": 34.099014653061225, "Longitude": -118.47601163949317, "State": "Burning" }, "geometry": { "type": "Point", "coordinates": [ -118.476011639493166, 34.099014653061225 ] } },
{ "type": "Feature", "properties": { "TimeStep": 17, "Latitude": 34.104933020408161, "Longitude": -118.47601163949317, "State": "Burning" }, "geometry": { "type": "Point", "coordinates": [ -118.476011639493166, 34.104933020408161 ] } },
{ "type": "Feature", "properties": { "TimeStep": 17, "Latitude": 34.110851387755098, "Longitude": -118.71893942562075, "State": "Burning" }, "geometry": { "type": "Point", "coordinates": [ -118.718939425620746, 34.110851387755098 ] } },
{ "type": "Feature", "properties": { "TimeStep": 17, "Latitude": 34.104933020408161, "Longitude": -118.47601163949317, "State": "Burning" }, "geometry": { "type": "Point", "coordinates": [ -118.476011639493166, 34.104933020408161 ] } },
{ "type": "Feature", "properties": { "TimeStep": 17, "Latitude": 34.116769755102041, "Longitude": -118.47601163949317, "State": "Burning" }, "geometry": { "type": "Point", "coordinates": [ -118.476011639493166, 34.116769755102041 ] } },
{ "type": "Feature", "properties": { "TimeStep": 17, "Latitude": 34.110851387755098, "Longitude": -118.71893942562075, "State": "Burning" }, "geometry": { "type": "Point", "coordinates": [ -118.718939425620746, 34.110851387755098 ] } },
{ "type": "Feature", "properties": { "TimeStep": 17, "Latitude": 34.122688122448977, "Longitude": -118.71893942562075, "State": "Burning" }, "geometry": { "type": "Point", "coordinates": [ -118.718939425620746, 34.122688122448977 ] } },
{ "type": "Feature", "properties": { "TimeStep": 17, "Latitude": 34.116769755102041, "Longitude": -118.47601163949317, "State": "Burning" }, "geometry": { "type": "Point", "coordinates": [ -118.476011639493166, 34.116769755102041 ] } },
{ "type": "Feature", "properties": { "TimeStep": 17, "Latitude": 34.122688122448977, "Longitude": -118.47601163949317, "State": "Burning" }, "geometry": { "type": "Point", "coordinates": [ -118.476011639493166, 34.122688122448977 ] } },
{ "type": "Feature", "properties": { "TimeStep": 17, "Latitude": 34.122688122448977, "Longitude": -118.71893942562075, "State": "Burning" }, "geometry": { "type": "Point", "coordinates": [ -118.718939425620746, 34.122688122448977 ] } },
{ "type": "Feature", "properties": { "TimeStep": 17, "Latitude": 34.122688122448977, "Longitude": -118.71893942562075, "State": "Burning" }, "geometry": { "type": "Point", "coordinates": [ -118.718939425620746, 34.122688122448977 ] } },
{ "type": "Feature", "properties": { "TimeStep": 17, "Latitude": 34.122688122448977, "Longitude": -118.47601163949317, "State": "Burning" }, "geometry": { "type": "Point", "coordinates": [ -118.476011639493166, 34.122688122448977 ] } },
{ "type": "Feature", "properties": { "TimeStep": 17, "Latitude": 34.134524857142857, "Longitude": -118.47601163949317, "State": "Burning" }, "geometry": { "type": "Point", "coordinates": [ -118.476011639493166, 34.134524857142857 ] } },
{ "type": "Feature", "properties": { "TimeStep": 17, "Latitude": 34.140443224489793, "Longitude": -118.70464955584853, "State": "Burning" }, "geometry": { "type": "Point", "coordinates": [ -118.704649555848533, 34.140443224489793 ] } },
{ "type": "Feature", "properties": { "TimeStep": 17, "Latitude": 34.140443224489793, "Longitude": -118.70464955584853, "State": "Burning" }, "geometry": { "type": "Point", "coordinates": [ -118.704649555848533, 34.140443224489793 ] } },
{ "type": "Feature", "properties": { "TimeStep": 17, "Latitude": 34.140443224489793, "Longitude": -118.69035968607632, "State": "Burning" }, "geometry": { "type": "Point", "coordinates": [ -118.69035968607632, 34.140443224489793 ] } },
{ "type": "Feature", "properties": { "TimeStep": 17, "Latitude": 34.140443224489793, "Longitude": -118.69035968607632, "State": "Burning" }, "geometry": { "type": "Point", "coordinates": [ -118.69035968607632, 34.140443224489793 ] } },
{ "type": "Feature", "properties": { "TimeStep": 17, "Latitude": 34.140443224489793, "Longitude": -118.68321475119022, "State": "Burning" }, "geometry": { "type": "Point", "coordinates": [ -118.683214751190221, 34.140443224489793 ] } },
{ "type": "Feature", "properties": { "TimeStep": 17, "Latitude": 34.140443224489793, "Longitude": -118.67606981630411, "State": "Burning" }, "geometry": { "type": "Point", "coordinates": [ -118.676069816304107, 34.140443224489793 ] } },
{ "type": "Feature", "properties": { "TimeStep": 17, "Latitude": 34.134524857142857, "Longitude": -118.66892488141801, "State": "Burning" }, "geometry": { "type": "Point", "coordinates": [ -118.668924881418008, 34.134524857142857 ] } },
{ "type": "Feature", "properties": { "TimeStep": 17, "Latitude": 34.140443224489793, "Longitude": -118.68321475119022, "State": "Burning" }, "geometry": { "type": "Point", "coordinates": [ -118.683214751190221, 34.140443224489793 ] } },
{ "type": "Feature", "properties": { "TimeStep": 17, "Latitude": 34.140443224489793, "Longitude": -118.67606981630411, "State": "Burning" }, "geometry": { "type": "Point", "coordinates": [ -118.676069816304107, 34.140443224489793 ] } },
{ "type": "Feature", "properties": { "TimeStep": 17, "Latitude": 34.140443224489793, "Longitude": -118.66892488141801, "State": "Burning" }, "geometry": { "type": "Point", "coordinates": [ -118.668924881418008, 34.140443224489793 ] } },
{ "type": "Feature", "properties": { "TimeStep": 17, "Latitude": 34.140443224489793, "Longitude": -118.48315657437927, "State": "Burning" }, "geometry": { "type": "Point", "coordinates": [ -118.483156574379265, 34.140443224489793 ] } },
{ "type": "Feature", "properties": { "TimeStep": 17, "Latitude": 34.134524857142857, "Longitude": -118.47601163949317, "State": "Burning" }, "geometry": { "type": "Point", "coordinates": [ -118.476011639493166, 34.134524857142857 ] } },
{ "type": "Feature", "properties": { "TimeStep": 17, "Latitude": 34.140443224489793, "Longitude": -118.48315657437927, "State": "Burning" }, "geometry": { "type": "Point", "coordinates": [ -118.483156574379265, 34.140443224489793 ] } },
{ "type": "Feature", "properties": { "TimeStep": 17, "Latitude": 34.140443224489793, "Longitude": -118.47601163949317, "State": "Burning" }, "geometry": { "type": "Point", "coordinates": [ -118.476011639493166, 34.140443224489793 ] } },
{ "type": "Feature", "properties": { "TimeStep": 17, "Latitude": 34.140443224489793, "Longitude": -118.48315657437927, "State": "Burning" }, "geometry": { "type": "Point", "coordinates": [ -118.483156574379265, 34.140443224489793 ] } },
{ "type": "Feature", "properties": { "TimeStep": 17, "Latitude": 34.146361591836737, "Longitude": -118.48315657437927, "State": "Burning" }, "geometry": { "type": "Point", "coordinates": [ -118.483156574379265, 34.146361591836737 ] } },
{ "type": "Feature", "properties": { "TimeStep": 17, "Latitude": 34.152279959183673, "Longitude": -118.48315657437927, "State": "Burning" }, "geometry": { "type": "Point", "coordinates": [ -118.483156574379265, 34.152279959183673 ] } },
{ "type": "Feature", "properties": { "TimeStep": 17, "Latitude": 34.146361591836737, "Longitude": -118.66892488141801, "State": "Burning" }, "geometry": { "type": "Point", "coordinates": [ -118.668924881418008, 34.146361591836737 ] } },
{ "type": "Feature", "properties": { "TimeStep": 17, "Latitude": 34.152279959183673, "Longitude": -118.66892488141801, "State": "Burning" }, "geometry": { "type": "Point", "coordinates": [ -118.668924881418008, 34.152279959183673 ] } },
{ "type": "Feature", "properties": { "TimeStep": 17, "Latitude": 34.158198326530609, "Longitude": -118.66892488141801, "State": "Burning" }, "geometry": { "type": "Point", "coordinates": [ -118.668924881418008, 34.158198326530609 ] } },
{ "type": "Feature", "properties": { "TimeStep": 17, "Latitude": 34.158198326530609, "Longitude": -118.5260261836959, "State": "Burning" }, "geometry": { "type": "Point", "coordinates": [ -118.526026183695905, 34.158198326530609 ] } },
{ "type": "Feature", "properties": { "TimeStep": 17, "Latitude": 34.164116693877553, "Longitude": -118.5260261836959, "State": "Burning" }, "geometry": { "type": "Point", "coordinates": [ -118.526026183695905, 34.164116693877553 ] } },
{ "type": "Feature", "properties": { "TimeStep": 17, "Latitude": 34.164116693877553, "Longitude": -118.51888124880979, "State": "Burning" }, "geometry": { "type": "Point", "coordinates": [ -118.518881248809791, 34.164116693877553 ] } },
{ "type": "Feature", "properties": { "TimeStep": 17, "Latitude": 34.158198326530609, "Longitude": -118.66892488141801, "State": "Burning" }, "geometry": { "type": "Point", "coordinates": [ -118.668924881418008, 34.158198326530609 ] } },
{ "type": "Feature", "properties": { "TimeStep": 17, "Latitude": 34.158198326530609, "Longitude": -118.5260261836959, "State": "Burning" }, "geometry": { "type": "Point", "coordinates": [ -118.526026183695905, 34.158198326530609 ] } },
{ "type": "Feature", "properties": { "TimeStep": 17, "Latitude": 34.164116693877553, "Longitude": -118.5260261836959, "State": "Burning" }, "geometry": { "type": "Point", "coordinates": [ -118.526026183695905, 34.164116693877553 ] } },
{ "type": "Feature", "properties": { "TimeStep": 17, "Latitude": 34.170035061224489, "Longitude": -118.5260261836959, "State": "Burning" }, "geometry": { "type": "Point", "coordinates": [ -118.526026183695905, 34.170035061224489 ] } },
{ "type": "Feature", "properties": { "TimeStep": 17, "Latitude": 34.175953428571425, "Longitude": -118.66177994653189, "State": "Burning" }, "geometry": { "type": "Point", "coordinates": [ -118.661779946531894, 34.175953428571425 ] } },
{ "type": "Feature", "properties": { "TimeStep": 17, "Latitude": 34.175953428571425, "Longitude": -118.65463501164579, "State": "Burning" }, "geometry": { "type": "Point", "coordinates": [ -118.654635011645794, 34.175953428571425 ] } },
{ "type": "Feature", "properties": { "TimeStep": 17, "Latitude": 34.175953428571425, "Longitude": -118.66177994653189, "State": "Burning" }, "geometry": { "type": "Point", "coordinates": [ -118.661779946531894, 34.175953428571425 ] } },
{ "type": "Feature", "properties": { "TimeStep": 17, "Latitude": 34.175953428571425, "Longitude": -118.65463501164579, "State": "Burning" }, "geometry": { "type": "Point", "coordinates": [ -118.654635011645794, 34.175953428571425 ] } },
{ "type": "Feature", "properties": { "TimeStep": 17, "Latitude": 34.175953428571425, "Longitude": -118.64749007675969, "State": "Burning" }, "geometry": { "type": "Point", "coordinates": [ -118.647490076759695, 34.175953428571425 ] } },
{ "type": "Feature", "properties": { "TimeStep": 17, "Latitude": 34.175953428571425, "Longitude": -118.65463501164579, "State": "Burning" }, "geometry": { "type": "Point", "coordinates": [ -118.654635011645794, 34.175953428571425 ] } },
{ "type": "Feature", "properties": { "TimeStep": 17, "Latitude": 34.175953428571425, "Longitude": -118.64749007675969, "State": "Burning" }, "geometry": { "type": "Point", "coordinates": [ -118.647490076759695, 34.175953428571425 ] } },
{ "type": "Feature", "properties": { "TimeStep": 17, "Latitude": 34.175953428571425, "Longitude": -118.64034514187358, "State": "Burning" }, "geometry": { "type": "Point", "coordinates": [ -118.640345141873581, 34.175953428571425 ] } },
{ "type": "Feature", "properties": { "TimeStep": 17, "Latitude": 34.175953428571425, "Longitude": -118.61176540232917, "State": "Burning" }, "geometry": { "type": "Point", "coordinates": [ -118.611765402329169, 34.175953428571425 ] } },
{ "type": "Feature", "properties": { "TimeStep": 17, "Latitude": 34.175953428571425, "Longitude": -118.61176540232917, "State": "Burning" }, "geometry": { "type": "Point", "coordinates": [ -118.611765402329169, 34.175953428571425 ] } },
{ "type": "Feature", "properties": { "TimeStep": 17, "Latitude": 34.175953428571425, "Longitude": -118.60462046744306, "State": "Burning" }, "geometry": { "type": "Point", "coordinates": [ -118.604620467443056, 34.175953428571425 ] } },
{ "type": "Feature", "properties": { "TimeStep": 17, "Latitude": 34.175953428571425, "Longitude": -118.61176540232917, "State": "Burning" }, "geometry": { "type": "Point", "coordinates": [ -118.611765402329169, 34.175953428571425 ] } },
{ "type": "Feature", "properties": { "TimeStep": 17, "Latitude": 34.175953428571425, "Longitude": -118.60462046744306, "State": "Burning" }, "geometry": { "type": "Point", "coordinates": [ -118.604620467443056, 34.175953428571425 ] } },
{ "type": "Feature", "properties": { "TimeStep": 17, "Latitude": 34.175953428571425, "Longitude": -118.59747553255696, "State": "Burning" }, "geometry": { "type": "Point", "coordinates": [ -118.597475532556956, 34.175953428571425 ] } },
{ "type": "Feature", "properties": { "TimeStep": 17, "Latitude": 34.175953428571425, "Longitude": -118.59033059767084, "State": "Burning" }, "geometry": { "type": "Point", "coordinates": [ -118.590330597670842, 34.175953428571425 ] } },
{ "type": "Feature", "properties": { "TimeStep": 17, "Latitude": 34.175953428571425, "Longitude": -118.58318566278474, "State": "Burning" }, "geometry": { "type": "Point", "coordinates": [ -118.583185662784743, 34.175953428571425 ] } },
{ "type": "Feature", "properties": { "TimeStep": 17, "Latitude": 34.175953428571425, "Longitude": -118.57604072789864, "State": "Burning" }, "geometry": { "type": "Point", "coordinates": [ -118.576040727898643, 34.175953428571425 ] } },
{ "type": "Feature", "properties": { "TimeStep": 17, "Latitude": 34.175953428571425, "Longitude": -118.58318566278474, "State": "Burning" }, "geometry": { "type": "Point", "coordinates": [ -118.583185662784743, 34.175953428571425 ] } },
{ "type": "Feature", "properties": { "TimeStep": 17, "Latitude": 34.175953428571425, "Longitude": -118.57604072789864, "State": "Burning" }, "geometry": { "type": "Point", "coordinates": [ -118.576040727898643, 34.175953428571425 ] } },
{ "type": "Feature", "properties": { "TimeStep": 17, "Latitude": 34.175953428571425, "Longitude": -118.56889579301253, "State": "Burning" }, "geometry": { "type": "Point", "coordinates": [ -118.56889579301253, 34.175953428571425 ] } },
{ "type": "Feature", "properties": { "TimeStep": 17, "Latitude": 34.175953428571425, "Longitude": -118.54031605346812, "State": "Burning" }, "geometry": { "type": "Point", "coordinates": [ -118.540316053468118, 34.175953428571425 ] } },
{ "type": "Feature", "properties": { "TimeStep": 17, "Latitude": 34.175953428571425, "Longitude": -118.54031605346812, "State": "Burning" }, "geometry": { "type": "Point", "coordinates": [ -118.540316053468118, 34.175953428571425 ] } },
{ "type": "Feature", "properties": { "TimeStep": 17, "Latitude": 34.175953428571425, "Longitude": -118.533171118582, "State": "Burning" }, "geometry": { "type": "Point", "coordinates": [ -118.533171118582004, 34.175953428571425 ] } },
{ "type": "Feature", "properties": { "TimeStep": 18, "Latitude": 33.96881057142857, "Longitude": -118.67606981630411, "State": "Burning" }, "geometry": { "type": "Point", "coordinates": [ -118.676069816304107, 33.96881057142857 ] } },
{ "type": "Feature", "properties": { "TimeStep": 18, "Latitude": 33.96881057142857, "Longitude": -118.66892488141801, "State": "Burning" }, "geometry": { "type": "Point", "coordinates": [ -118.668924881418008, 33.96881057142857 ] } },
{ "type": "Feature", "properties": { "TimeStep": 18, "Latitude": 33.96881057142857, "Longitude": -118.66177994653189, "State": "Burning" }, "geometry": { "type": "Point", "coordinates": [ -118.661779946531894, 33.96881057142857 ] } },
{ "type": "Feature", "properties": { "TimeStep": 18, "Latitude": 33.974728938775506, "Longitude": -118.67606981630411, "State": "Burning" }, "geometry": { "type": "Point", "coordinates": [ -118.676069816304107, 33.974728938775506 ] } },
{ "type": "Feature", "properties": { "TimeStep": 18, "Latitude": 33.980647306122442, "Longitude": -118.67606981630411, "State": "Burning" }, "geometry": { "type": "Point", "coordinates": [ -118.676069816304107, 33.980647306122442 ] } },
{ "type": "Feature", "properties": { "TimeStep": 18, "Latitude": 33.96881057142857, "Longitude": -118.66892488141801, "State": "Burning" }, "geometry": { "type": "Point", "coordinates": [ -118.668924881418008, 33.96881057142857 ] } },
{ "type": "Feature", "properties": { "TimeStep": 18, "Latitude": 33.96881057142857, "Longitude": -118.66177994653189, "State": "Burning" }, "geometry": { "type": "Point", "coordinates": [ -118.661779946531894, 33.96881057142857 ] } },
{ "type": "Feature", "properties": { "TimeStep": 18, "Latitude": 33.96881057142857, "Longitude": -118.65463501164579, "State": "Burning" }, "geometry": { "type": "Point", "coordinates": [ -118.654635011645794, 33.96881057142857 ] } },
{ "type": "Feature", "properties": { "TimeStep": 18, "Latitude": 33.96881057142857, "Longitude": -118.66177994653189, "State": "Burning" }, "geometry": { "type": "Point", "coordinates": [ -118.661779946531894, 33.96881057142857 ] } },
{ "type": "Feature", "properties": { "TimeStep": 18, "Latitude": 33.96881057142857, "Longitude": -118.65463501164579, "State": "Burning" }, "geometry": { "type": "Point", "coordinates": [ -118.654635011645794, 33.96881057142857 ] } },
{ "type": "Feature", "properties": { "TimeStep": 18, "Latitude": 33.96881057142857, "Longitude": -118.64749007675969, "State": "Burning" }, "geometry": { "type": "Point", "coordinates": [ -118.647490076759695, 33.96881057142857 ] } },
{ "type": "Feature", "properties": { "TimeStep": 18, "Latitude": 33.96881057142857, "Longitude": -118.63320020698748, "State": "Burning" }, "geometry": { "type": "Point", "coordinates": [ -118.633200206987482, 33.96881057142857 ] } },
{ "type": "Feature", "properties": { "TimeStep": 18, "Latitude": 33.96881057142857, "Longitude": -118.63320020698748, "State": "Burning" }, "geometry": { "type": "Point", "coordinates": [ -118.633200206987482, 33.96881057142857 ] } },
{ "type": "Feature", "properties": { "TimeStep": 18, "Latitude": 33.96881057142857, "Longitude": -118.61176540232917, "State": "Burning" }, "geometry": { "type": "Point", "coordinates": [ -118.611765402329169, 33.96881057142857 ] } },
{ "type": "Feature", "properties": { "TimeStep": 18, "Latitude": 33.96881057142857, "Longitude": -118.61176540232917, "State": "Burning" }, "geometry": { "type": "Point", "coordinates": [ -118.611765402329169, 33.96881057142857 ] } },
{ "type": "Feature", "properties": { "TimeStep": 18, "Latitude": 33.96881057142857, "Longitude": -118.61176540232917, "State": "Burning" }, "geometry": { "type": "Point", "coordinates": [ -118.611765402329169, 33.96881057142857 ] } },
{ "type": "Feature", "properties": { "TimeStep": 18, "Latitude": 33.96881057142857, "Longitude": -118.59747553255696, "State": "Burning" }, "geometry": { "type": "Point", "coordinates": [ -118.597475532556956, 33.96881057142857 ] } },
{ "type": "Feature", "properties": { "TimeStep": 18, "Latitude": 33.96881057142857, "Longitude": -118.59747553255696, "State": "Burning" }, "geometry": { "type": "Point", "coordinates": [ -118.597475532556956, 33.96881057142857 ] } },
{ "type": "Feature", "properties": { "TimeStep": 18, "Latitude": 33.96881057142857, "Longitude": -118.59033059767084, "State": "Burning" }, "geometry": { "type": "Point", "coordinates": [ -118.590330597670842, 33.96881057142857 ] } },
{ "type": "Feature", "properties": { "TimeStep": 18, "Latitude": 33.96881057142857, "Longitude": -118.59747553255696, "State": "Burning" }, "geometry": { "type": "Point", "coordinates": [ -118.597475532556956, 33.96881057142857 ] } },
{ "type": "Feature", "properties": { "TimeStep": 18, "Latitude": 33.96881057142857, "Longitude": -118.59033059767084, "State": "Burning" }, "geometry": { "type": "Point", "coordinates": [ -118.590330597670842, 33.96881057142857 ] } },
{ "type": "Feature", "properties": { "TimeStep": 18, "Latitude": 33.96881057142857, "Longitude": -118.58318566278474, "State": "Burning" }, "geometry": { "type": "Point", "coordinates": [ -118.583185662784743, 33.96881057142857 ] } },
{ "type": "Feature", "properties": { "TimeStep": 18, "Latitude": 33.96881057142857, "Longitude": -118.58318566278474, "State": "Burning" }, "geometry": { "type": "Point", "coordinates": [ -118.583185662784743, 33.96881057142857 ] } },
{ "type": "Feature", "properties": { "TimeStep": 18, "Latitude": 33.96881057142857, "Longitude": -118.56175085812643, "State": "Burning" }, "geometry": { "type": "Point", "coordinates": [ -118.56175085812643, 33.96881057142857 ] } },
{ "type": "Feature", "properties": { "TimeStep": 18, "Latitude": 33.96881057142857, "Longitude": -118.54031605346812, "State": "Burning" }, "geometry": { "type": "Point", "coordinates": [ -118.540316053468118, 33.96881057142857 ] } },
{ "type": "Feature", "properties": { "TimeStep": 18, "Latitude": 33.96881057142857, "Longitude": -118.54031605346812, "State": "Burning" }, "geometry": { "type": "Point", "coordinates": [ -118.540316053468118, 33.96881057142857 ] } },
{ "type": "Feature", "properties": { "TimeStep": 18, "Latitude": 33.96881057142857, "Longitude": -118.533171118582, "State": "Burning" }, "geometry": { "type": "Point", "coordinates": [ -118.533171118582004, 33.96881057142857 ] } },
{ "type": "Feature", "properties": { "TimeStep": 18, "Latitude": 33.974728938775506, "Longitude": -118.67606981630411, "State": "Burning" }, "geometry": { "type": "Point", "coordinates": [ -118.676069816304107, 33.974728938775506 ] } },
{ "type": "Feature", "properties": { "TimeStep": 18, "Latitude": 33.980647306122442, "Longitude": -118.67606981630411, "State": "Burning" }, "geometry": { "type": "Point", "coordinates": [ -118.676069816304107, 33.980647306122442 ] } },
{ "type": "Feature", "properties": { "TimeStep": 18, "Latitude": 33.974728938775506, "Longitude": -118.51173631392369, "State": "Burning" }, "geometry": { "type": "Point", "coordinates": [ -118.511736313923691, 33.974728938775506 ] } },
{ "type": "Feature", "properties": { "TimeStep": 18, "Latitude": 33.980647306122442, "Longitude": -118.50459137903758, "State": "Burning" }, "geometry": { "type": "Point", "coordinates": [ -118.504591379037578, 33.980647306122442 ] } },
{ "type": "Feature", "properties": { "TimeStep": 18, "Latitude": 33.980647306122442, "Longitude": -118.68321475119022, "State": "Burning" }, "geometry": { "type": "Point", "coordinates": [ -118.683214751190221, 33.980647306122442 ] } },
{ "type": "Feature", "properties": { "TimeStep": 18, "Latitude": 33.980647306122442, "Longitude": -118.67606981630411, "State": "Burning" }, "geometry": { "type": "Point", "coordinates": [ -118.676069816304107, 33.980647306122442 ] } },
{ "type": "Feature", "properties": { "TimeStep": 18, "Latitude": 33.980647306122442, "Longitude": -118.67606981630411, "State": "Burning" }, "geometry": { "type": "Point", "coordinates": [ -118.676069816304107, 33.980647306122442 ] } },
{ "type": "Feature", "properties": { "TimeStep": 18, "Latitude": 33.980647306122442, "Longitude": -118.50459137903758, "State": "Burning" }, "geometry": { "type": "Point", "coordinates": [ -118.504591379037578, 33.980647306122442 ] } },
{ "type": "Feature", "properties": { "TimeStep": 18, "Latitude": 33.980647306122442, "Longitude": -118.50459137903758, "State": "Burning" }, "geometry": { "type": "Point", "coordinates": [ -118.504591379037578, 33.980647306122442 ] } },
{ "type": "Feature", "properties": { "TimeStep": 18, "Latitude": 33.980647306122442, "Longitude": -118.49744644415148, "State": "Burning" }, "geometry": { "type": "Point", "coordinates": [ -118.497446444151478, 33.980647306122442 ] } },
{ "type": "Feature", "properties": { "TimeStep": 18, "Latitude": 33.986565673469386, "Longitude": -118.49744644415148, "State": "Burning" }, "geometry": { "type": "Point", "coordinates": [ -118.497446444151478, 33.986565673469386 ] } },
{ "type": "Feature", "properties": { "TimeStep": 18, "Latitude": 33.992484040816322, "Longitude": -118.49744644415148, "State": "Burning" }, "geometry": { "type": "Point", "coordinates": [ -118.497446444151478, 33.992484040816322 ] } },
{ "type": "Feature", "properties": { "TimeStep": 18, "Latitude": 33.986565673469386, "Longitude": -118.70464955584853, "State": "Burning" }, "geometry": { "type": "Point", "coordinates": [ -118.704649555848533, 33.986565673469386 ] } },
{ "type": "Feature", "properties": { "TimeStep": 18, "Latitude": 33.992484040816322, "Longitude": -118.49744644415148, "State": "Burning" }, "geometry": { "type": "Point", "coordinates": [ -118.497446444151478, 33.992484040816322 ] } },
{ "type": "Feature", "properties": { "TimeStep": 18, "Latitude": 33.992484040816322, "Longitude": -118.49744644415148, "State": "Burning" }, "geometry": { "type": "Point", "coordinates": [ -118.497446444151478, 33.992484040816322 ] } },
{ "type": "Feature", "properties": { "TimeStep": 18, "Latitude": 33.992484040816322, "Longitude": -118.49744644415148, "State": "Burning" }, "geometry": { "type": "Point", "coordinates": [ -118.497446444151478, 33.992484040816322 ] } },
{ "type": "Feature", "properties": { "TimeStep": 18, "Latitude": 33.992484040816322, "Longitude": -118.48315657437927, "State": "Burning" }, "geometry": { "type": "Point", "coordinates": [ -118.483156574379265, 33.992484040816322 ] } },
{ "type": "Feature", "properties": { "TimeStep": 18, "Latitude": 33.998402408163258, "Longitude": -118.48315657437927, "State": "Burning" }, "geometry": { "type": "Point", "coordinates": [ -118.483156574379265, 33.998402408163258 ] } },
{ "type": "Feature", "properties": { "TimeStep": 18, "Latitude": 33.998402408163258, "Longitude": -118.48315657437927, "State": "Burning" }, "geometry": { "type": "Point", "coordinates": [ -118.483156574379265, 33.998402408163258 ] } },
{ "type": "Feature", "properties": { "TimeStep": 18, "Latitude": 33.998402408163258, "Longitude": -118.47601163949317, "State": "Burning" }, "geometry": { "type": "Point", "coordinates": [ -118.476011639493166, 33.998402408163258 ] } },
{ "type": "Feature", "properties": { "TimeStep": 18, "Latitude": 34.004320775510202, "Longitude": -118.47601163949317, "State": "Burning" }, "geometry": { "type": "Point", "coordinates": [ -118.476011639493166, 34.004320775510202 ] } },
{ "type": "Feature", "properties": { "TimeStep": 18, "Latitude": 34.004320775510202, "Longitude": -118.47601163949317, "State": "Burning" }, "geometry": { "type": "Point", "coordinates": [ -118.476011639493166, 34.004320775510202 ] } },
{ "type": "Feature", "properties": { "TimeStep": 18, "Latitude": 34.004320775510202, "Longitude": -118.47601163949317, "State": "Burning" }, "geometry": { "type": "Point", "coordinates": [ -118.476011639493166, 34.004320775510202 ] } },
{ "type": "Feature", "properties": { "TimeStep": 18, "Latitude": 34.004320775510202, "Longitude": -118.46886670460705, "State": "Burning" }, "geometry": { "type": "Point", "coordinates": [ -118.468866704607052, 34.004320775510202 ] } },
{ "type": "Feature", "properties": { "TimeStep": 18, "Latitude": 34.010239142857138, "Longitude": -118.46886670460705, "State": "Burning" }, "geometry": { "type": "Point", "coordinates": [ -118.468866704607052, 34.010239142857138 ] } },
{ "type": "Feature", "properties": { "TimeStep": 18, "Latitude": 34.016157510204081, "Longitude": -118.46886670460705, "State": "Burning" }, "geometry": { "type": "Point", "coordinates": [ -118.468866704607052, 34.016157510204081 ] } },
{ "type": "Feature", "properties": { "TimeStep": 18, "Latitude": 34.016157510204081, "Longitude": -118.46886670460705, "State": "Burning" }, "geometry": { "type": "Point", "coordinates": [ -118.468866704607052, 34.016157510204081 ] } },
{ "type": "Feature", "properties": { "TimeStep": 18, "Latitude": 34.022075877551018, "Longitude": -118.46886670460705, "State": "Burning" }, "geometry": { "type": "Point", "coordinates": [ -118.468866704607052, 34.022075877551018 ] } },
{ "type": "Feature", "properties": { "TimeStep": 18, "Latitude": 34.027994244897954, "Longitude": -118.46886670460705, "State": "Burning" }, "geometry": { "type": "Point", "coordinates": [ -118.468866704607052, 34.027994244897954 ] } },
{ "type": "Feature", "properties": { "TimeStep": 18, "Latitude": 34.022075877551018, "Longitude": -118.72608436050685, "State": "Burning" }, "geometry": { "type": "Point", "coordinates": [ -118.726084360506846, 34.022075877551018 ] } },
{ "type": "Feature", "properties": { "TimeStep": 18, "Latitude": 34.027994244897954, "Longitude": -118.72608436050685, "State": "Burning" }, "geometry": { "type": "Point", "coordinates": [ -118.726084360506846, 34.027994244897954 ] } },
{ "type": "Feature", "properties": { "TimeStep": 18, "Latitude": 34.033912612244897, "Longitude": -118.72608436050685, "State": "Burning" }, "geometry": { "type": "Point", "coordinates": [ -118.726084360506846, 34.033912612244897 ] } },
{ "type": "Feature", "properties": { "TimeStep": 18, "Latitude": 34.022075877551018, "Longitude": -118.46886670460705, "State": "Burning" }, "geometry": { "type": "Point", "coordinates": [ -118.468866704607052, 34.022075877551018 ] } },
{ "type": "Feature", "properties": { "TimeStep": 18, "Latitude": 34.027994244897954, "Longitude": -118.46886670460705, "State": "Burning" }, "geometry": { "type": "Point", "coordinates": [ -118.468866704607052, 34.027994244897954 ] } },
{ "type": "Feature", "properties": { "TimeStep": 18, "Latitude": 34.033912612244897, "Longitude": -118.46886670460705, "State": "Burning" }, "geometry": { "type": "Point", "coordinates": [ -118.468866704607052, 34.033912612244897 ] } },
{ "type": "Feature", "properties": { "TimeStep": 18, "Latitude": 34.033912612244897, "Longitude": -118.72608436050685, "State": "Burning" }, "geometry": { "type": "Point", "coordinates": [ -118.726084360506846, 34.033912612244897 ] } },
{ "type": "Feature", "properties": { "TimeStep": 18, "Latitude": 34.039830979591834, "Longitude": -118.72608436050685, "State": "Burning" }, "geometry": { "type": "Point", "coordinates": [ -118.726084360506846, 34.039830979591834 ] } },
{ "type": "Feature", "properties": { "TimeStep": 18, "Latitude": 34.04574934693877, "Longitude": -118.72608436050685, "State": "Burning" }, "geometry": { "type": "Point", "coordinates": [ -118.726084360506846, 34.04574934693877 ] } },
{ "type": "Feature", "properties": { "TimeStep": 18, "Latitude": 34.039830979591834, "Longitude": -118.72608436050685, "State": "Burning" }, "geometry": { "type": "Point", "coordinates": [ -118.726084360506846, 34.039830979591834 ] } },
{ "type": "Feature", "properties": { "TimeStep": 18, "Latitude": 34.04574934693877, "Longitude": -118.72608436050685, "State": "Burning" }, "geometry": { "type": "Point", "coordinates": [ -118.726084360506846, 34.04574934693877 ] } },
{ "type": "Feature", "properties": { "TimeStep": 18, "Latitude": 34.04574934693877, "Longitude": -118.46886670460705, "State": "Burning" }, "geometry": { "type": "Point", "coordinates": [ -118.468866704607052, 34.04574934693877 ] } },
{ "type": "Feature", "properties": { "TimeStep": 18, "Latitude": 34.05758608163265, "Longitude": -118.46886670460705, "State": "Burning" }, "geometry": { "type": "Point", "coordinates": [ -118.468866704607052, 34.05758608163265 ] } },
{ "type": "Feature", "properties": { "TimeStep": 18, "Latitude": 34.05758608163265, "Longitude": -118.46886670460705, "State": "Burning" }, "geometry": { "type": "Point", "coordinates": [ -118.468866704607052, 34.05758608163265 ] } },
{ "type": "Feature", "properties": { "TimeStep": 18, "Latitude": 34.063504448979586, "Longitude": -118.46886670460705, "State": "Burning" }, "geometry": { "type": "Point", "coordinates": [ -118.468866704607052, 34.063504448979586 ] } },
{ "type": "Feature", "properties": { "TimeStep": 18, "Latitude": 34.05758608163265, "Longitude": -118.46886670460705, "State": "Burning" }, "geometry": { "type": "Point", "coordinates": [ -118.468866704607052, 34.05758608163265 ] } },
{ "type": "Feature", "properties": { "TimeStep": 18, "Latitude": 34.063504448979586, "Longitude": -118.46886670460705, "State": "Burning" }, "geometry": { "type": "Point", "coordinates": [ -118.468866704607052, 34.063504448979586 ] } },
{ "type": "Feature", "properties": { "TimeStep": 18, "Latitude": 34.069422816326529, "Longitude": -118.46886670460705, "State": "Burning" }, "geometry": { "type": "Point", "coordinates": [ -118.468866704607052, 34.069422816326529 ] } },
{ "type": "Feature", "properties": { "TimeStep": 18, "Latitude": 34.069422816326529, "Longitude": -118.46886670460705, "State": "Burning" }, "geometry": { "type": "Point", "coordinates": [ -118.468866704607052, 34.069422816326529 ] } },
{ "type": "Feature", "properties": { "TimeStep": 18, "Latitude": 34.075341183673466, "Longitude": -118.46886670460705, "State": "Burning" }, "geometry": { "type": "Point", "coordinates": [ -118.468866704607052, 34.075341183673466 ] } },
{ "type": "Feature", "properties": { "TimeStep": 18, "Latitude": 34.075341183673466, "Longitude": -118.72608436050685, "State": "Burning" }, "geometry": { "type": "Point", "coordinates": [ -118.726084360506846, 34.075341183673466 ] } },
{ "type": "Feature", "properties": { "TimeStep": 18, "Latitude": 34.081259551020409, "Longitude": -118.72608436050685, "State": "Burning" }, "geometry": { "type": "Point", "coordinates": [ -118.726084360506846, 34.081259551020409 ] } },
{ "type": "Feature", "properties": { "TimeStep": 18, "Latitude": 34.087177918367345, "Longitude": -118.72608436050685, "State": "Burning" }, "geometry": { "type": "Point", "coordinates": [ -118.726084360506846, 34.087177918367345 ] } },
{ "type": "Feature", "properties": { "TimeStep": 18, "Latitude": 34.081259551020409, "Longitude": -118.72608436050685, "State": "Burning" }, "geometry": { "type": "Point", "coordinates": [ -118.726084360506846, 34.081259551020409 ] } },
{ "type": "Feature", "properties": { "TimeStep": 18, "Latitude": 34.087177918367345, "Longitude": -118.72608436050685, "State": "Burning" }, "geometry": { "type": "Point", "coordinates": [ -118.726084360506846, 34.087177918367345 ] } },
{ "type": "Feature", "properties": { "TimeStep": 18, "Latitude": 34.093096285714282, "Longitude": -118.72608436050685, "State": "Burning" }, "geometry": { "type": "Point", "coordinates": [ -118.726084360506846, 34.093096285714282 ] } },
{ "type": "Feature", "properties": { "TimeStep": 18, "Latitude": 34.087177918367345, "Longitude": -118.46886670460705, "State": "Burning" }, "geometry": { "type": "Point", "coordinates": [ -118.468866704607052, 34.087177918367345 ] } },
{ "type": "Feature", "properties": { "TimeStep": 18, "Latitude": 34.087177918367345, "Longitude": -118.72608436050685, "State": "Burning" }, "geometry": { "type": "Point", "coordinates": [ -118.726084360506846, 34.087177918367345 ] } },
{ "type": "Feature", "properties": { "TimeStep": 18, "Latitude": 34.093096285714282, "Longitude": -118.72608436050685, "State": "Burning" }, "geometry": { "type": "Point", "coordinates": [ -118.726084360506846, 34.093096285714282 ] } },
{ "type": "Feature", "properties": { "TimeStep": 18, "Latitude": 34.099014653061225, "Longitude": -118.72608436050685, "State": "Burning" }, "geometry": { "type": "Point", "coordinates": [ -118.726084360506846, 34.099014653061225 ] } },
{ "type": "Feature", "properties": { "TimeStep": 18, "Latitude": 34.087177918367345, "Longitude": -118.46886670460705, "State": "Burning" }, "geometry": { "type": "Point", "coordinates": [ -118.468866704607052, 34.087177918367345 ] } },
{ "type": "Feature", "properties": { "TimeStep": 18, "Latitude": 34.099014653061225, "Longitude": -118.46886670460705, "State": "Burning" }, "geometry": { "type": "Point", "coordinates": [ -118.468866704607052, 34.099014653061225 ] } },
{ "type": "Feature", "properties": { "TimeStep": 18, "Latitude": 34.099014653061225, "Longitude": -118.46886670460705, "State": "Burning" }, "geometry": { "type": "Point", "coordinates": [ -118.468866704607052, 34.099014653061225 ] } },
{ "type": "Feature", "properties": { "TimeStep": 18, "Latitude": 34.104933020408161, "Longitude": -118.46886670460705, "State": "Burning" }, "geometry": { "type": "Point", "coordinates": [ -118.468866704607052, 34.104933020408161 ] } },
{ "type": "Feature", "properties": { "TimeStep": 18, "Latitude": 34.099014653061225, "Longitude": -118.46886670460705, "State": "Burning" }, "geometry": { "type": "Point", "coordinates": [ -118.468866704607052, 34.099014653061225 ] } },
{ "type": "Feature", "properties": { "TimeStep": 18, "Latitude": 34.104933020408161, "Longitude": -118.46886670460705, "State": "Burning" }, "geometry": { "type": "Point", "coordinates": [ -118.468866704607052, 34.104933020408161 ] } },
{ "type": "Feature", "properties": { "TimeStep": 18, "Latitude": 34.110851387755098, "Longitude": -118.46886670460705, "State": "Burning" }, "geometry": { "type": "Point", "coordinates": [ -118.468866704607052, 34.110851387755098 ] } },
{ "type": "Feature", "properties": { "TimeStep": 18, "Latitude": 34.110851387755098, "Longitude": -118.72608436050685, "State": "Burning" }, "geometry": { "type": "Point", "coordinates": [ -118.726084360506846, 34.110851387755098 ] } },
{ "type": "Feature", "properties": { "TimeStep": 18, "Latitude": 34.110851387755098, "Longitude": -118.46886670460705, "State": "Burning" }, "geometry": { "type": "Point", "coordinates": [ -118.468866704607052, 34.110851387755098 ] } },
{ "type": "Feature", "properties": { "TimeStep": 18, "Latitude": 34.116769755102041, "Longitude": -118.46886670460705, "State": "Burning" }, "geometry": { "type": "Point", "coordinates": [ -118.468866704607052, 34.116769755102041 ] } },
{ "type": "Feature", "properties": { "TimeStep": 18, "Latitude": 34.122688122448977, "Longitude": -118.46886670460705, "State": "Burning" }, "geometry": { "type": "Point", "coordinates": [ -118.468866704607052, 34.122688122448977 ] } },
{ "type": "Feature", "properties": { "TimeStep": 18, "Latitude": 34.122688122448977, "Longitude": -118.72608436050685, "State": "Burning" }, "geometry": { "type": "Point", "coordinates": [ -118.726084360506846, 34.122688122448977 ] } },
{ "type": "Feature", "properties": { "TimeStep": 18, "Latitude": 34.128606489795914, "Longitude": -118.72608436050685, "State": "Burning" }, "geometry": { "type": "Point", "coordinates": [ -118.726084360506846, 34.128606489795914 ] } },
{ "type": "Feature", "properties": { "TimeStep": 18, "Latitude": 34.116769755102041, "Longitude": -118.46886670460705, "State": "Burning" }, "geometry": { "type": "Point", "coordinates": [ -118.468866704607052, 34.116769755102041 ] } },
{ "type": "Feature", "properties": { "TimeStep": 18, "Latitude": 34.122688122448977, "Longitude": -118.46886670460705, "State": "Burning" }, "geometry": { "type": "Point", "coordinates": [ -118.468866704607052, 34.122688122448977 ] } },
{ "type": "Feature", "properties": { "TimeStep": 18, "Latitude": 34.128606489795914, "Longitude": -118.46886670460705, "State": "Burning" }, "geometry": { "type": "Point", "coordinates": [ -118.468866704607052, 34.128606489795914 ] } },
{ "type": "Feature", "properties": { "TimeStep": 18, "Latitude": 34.128606489795914, "Longitude": -118.46886670460705, "State": "Burning" }, "geometry": { "type": "Point", "coordinates": [ -118.468866704607052, 34.128606489795914 ] } },
{ "type": "Feature", "properties": { "TimeStep": 18, "Latitude": 34.134524857142857, "Longitude": -118.46886670460705, "State": "Burning" }, "geometry": { "type": "Point", "coordinates": [ -118.468866704607052, 34.134524857142857 ] } },
{ "type": "Feature", "properties": { "TimeStep": 18, "Latitude": 34.140443224489793, "Longitude": -118.46886670460705, "State": "Burning" }, "geometry": { "type": "Point", "coordinates": [ -118.468866704607052, 34.140443224489793 ] } },
{ "type": "Feature", "properties": { "TimeStep": 18, "Latitude": 34.146361591836737, "Longitude": -118.71179449073463, "State": "Burning" }, "geometry": { "type": "Point", "coordinates": [ -118.711794490734633, 34.146361591836737 ] } },
{ "type": "Feature", "properties": { "TimeStep": 18, "Latitude": 34.146361591836737, "Longitude": -118.70464955584853, "State": "Burning" }, "geometry": { "type": "Point", "coordinates": [ -118.704649555848533, 34.146361591836737 ] } },
{ "type": "Feature", "properties": { "TimeStep": 18, "Latitude": 34.146361591836737, "Longitude": -118.68321475119022, "State": "Burning" }, "geometry": { "type": "Point", "coordinates": [ -118.683214751190221, 34.146361591836737 ] } },
{ "type": "Feature", "properties": { "TimeStep": 18, "Latitude": 34.146361591836737, "Longitude": -118.68321475119022, "State": "Burning" }, "geometry": { "type": "Point", "coordinates": [ -118.683214751190221, 34.146361591836737 ] } },
{ "type": "Feature", "properties": { "TimeStep": 18, "Latitude": 34.146361591836737, "Longitude": -118.67606981630411, "State": "Burning" }, "geometry": { "type": "Point", "coordinates": [ -118.676069816304107, 34.146361591836737 ] } },
{ "type": "Feature", "properties": { "TimeStep": 18, "Latitude": 34.146361591836737, "Longitude": -118.68321475119022, "State": "Burning" }, "geometry": { "type": "Point", "coordinates": [ -118.683214751190221, 34.146361591836737 ] } },
{ "type": "Feature", "properties": { "TimeStep": 18, "Latitude": 34.146361591836737, "Longitude": -118.67606981630411, "State": "Burning" }, "geometry": { "type": "Point", "coordinates": [ -118.676069816304107, 34.146361591836737 ] } },
{ "type": "Feature", "properties": { "TimeStep": 18, "Latitude": 34.146361591836737, "Longitude": -118.67606981630411, "State": "Burning" }, "geometry": { "type": "Point", "coordinates": [ -118.676069816304107, 34.146361591836737 ] } },
{ "type": "Feature", "properties": { "TimeStep": 18, "Latitude": 34.134524857142857, "Longitude": -118.46886670460705, "State": "Burning" }, "geometry": { "type": "Point", "coordinates": [ -118.468866704607052, 34.134524857142857 ] } },
{ "type": "Feature", "properties": { "TimeStep": 18, "Latitude": 34.140443224489793, "Longitude": -118.46886670460705, "State": "Burning" }, "geometry": { "type": "Point", "coordinates": [ -118.468866704607052, 34.140443224489793 ] } },
{ "type": "Feature", "properties": { "TimeStep": 18, "Latitude": 34.146361591836737, "Longitude": -118.46886670460705, "State": "Burning" }, "geometry": { "type": "Point", "coordinates": [ -118.468866704607052, 34.146361591836737 ] } },
{ "type": "Feature", "properties": { "TimeStep": 18, "Latitude": 34.146361591836737, "Longitude": -118.67606981630411, "State": "Burning" }, "geometry": { "type": "Point", "coordinates": [ -118.676069816304107, 34.146361591836737 ] } },
{ "type": "Feature", "properties": { "TimeStep": 18, "Latitude": 34.152279959183673, "Longitude": -118.67606981630411, "State": "Burning" }, "geometry": { "type": "Point", "coordinates": [ -118.676069816304107, 34.152279959183673 ] } },
{ "type": "Feature", "properties": { "TimeStep": 18, "Latitude": 34.152279959183673, "Longitude": -118.47601163949317, "State": "Burning" }, "geometry": { "type": "Point", "coordinates": [ -118.476011639493166, 34.152279959183673 ] } },
{ "type": "Feature", "properties": { "TimeStep": 18, "Latitude": 34.146361591836737, "Longitude": -118.67606981630411, "State": "Burning" }, "geometry": { "type": "Point", "coordinates": [ -118.676069816304107, 34.146361591836737 ] } },
{ "type": "Feature", "properties": { "TimeStep": 18, "Latitude": 34.152279959183673, "Longitude": -118.67606981630411, "State": "Burning" }, "geometry": { "type": "Point", "coordinates": [ -118.676069816304107, 34.152279959183673 ] } },
{ "type": "Feature", "properties": { "TimeStep": 18, "Latitude": 34.158198326530609, "Longitude": -118.67606981630411, "State": "Burning" }, "geometry": { "type": "Point", "coordinates": [ -118.676069816304107, 34.158198326530609 ] } },
{ "type": "Feature", "properties": { "TimeStep": 18, "Latitude": 34.152279959183673, "Longitude": -118.47601163949317, "State": "Burning" }, "geometry": { "type": "Point", "coordinates": [ -118.476011639493166, 34.152279959183673 ] } },
{ "type": "Feature", "properties": { "TimeStep": 18, "Latitude": 34.158198326530609, "Longitude": -118.49030150926538, "State": "Burning" }, "geometry": { "type": "Point", "coordinates": [ -118.490301509265379, 34.158198326530609 ] } },
{ "type": "Feature", "properties": { "TimeStep": 18, "Latitude": 34.158198326530609, "Longitude": -118.47601163949317, "State": "Burning" }, "geometry": { "type": "Point", "coordinates": [ -118.476011639493166, 34.158198326530609 ] } },
{ "type": "Feature", "properties": { "TimeStep": 18, "Latitude": 34.152279959183673, "Longitude": -118.67606981630411, "State": "Burning" }, "geometry": { "type": "Point", "coordinates": [ -118.676069816304107, 34.152279959183673 ] } },
{ "type": "Feature", "properties": { "TimeStep": 18, "Latitude": 34.158198326530609, "Longitude": -118.67606981630411, "State": "Burning" }, "geometry": { "type": "Point", "coordinates": [ -118.676069816304107, 34.158198326530609 ] } },
{ "type": "Feature", "properties": { "TimeStep": 18, "Latitude": 34.164116693877553, "Longitude": -118.67606981630411, "State": "Burning" }, "geometry": { "type": "Point", "coordinates": [ -118.676069816304107, 34.164116693877553 ] } },
{ "type": "Feature", "properties": { "TimeStep": 18, "Latitude": 34.170035061224489, "Longitude": -118.51888124880979, "State": "Burning" }, "geometry": { "type": "Point", "coordinates": [ -118.518881248809791, 34.170035061224489 ] } },
{ "type": "Feature", "properties": { "TimeStep": 18, "Latitude": 34.170035061224489, "Longitude": -118.51888124880979, "State": "Burning" }, "geometry": { "type": "Point", "coordinates": [ -118.518881248809791, 34.170035061224489 ] } },
{ "type": "Feature", "properties": { "TimeStep": 18, "Latitude": 34.170035061224489, "Longitude": -118.51888124880979, "State": "Burning" }, "geometry": { "type": "Point", "coordinates": [ -118.518881248809791, 34.170035061224489 ] } },
{ "type": "Feature", "properties": { "TimeStep": 18, "Latitude": 34.175953428571425, "Longitude": -118.51888124880979, "State": "Burning" }, "geometry": { "type": "Point", "coordinates": [ -118.518881248809791, 34.175953428571425 ] } },
{ "type": "Feature", "properties": { "TimeStep": 18, "Latitude": 34.181871795918369, "Longitude": -118.66892488141801, "State": "Burning" }, "geometry": { "type": "Point", "coordinates": [ -118.668924881418008, 34.181871795918369 ] } },
{ "type": "Feature", "properties": { "TimeStep": 18, "Latitude": 34.181871795918369, "Longitude": -118.66177994653189, "State": "Burning" }, "geometry": { "type": "Point", "coordinates": [ -118.661779946531894, 34.181871795918369 ] } },
{ "type": "Feature", "properties": { "TimeStep": 18, "Latitude": 34.181871795918369, "Longitude": -118.65463501164579, "State": "Burning" }, "geometry": { "type": "Point", "coordinates": [ -118.654635011645794, 34.181871795918369 ] } },
{ "type": "Feature", "properties": { "TimeStep": 18, "Latitude": 34.181871795918369, "Longitude": -118.66177994653189, "State": "Burning" }, "geometry": { "type": "Point", "coordinates": [ -118.661779946531894, 34.181871795918369 ] } },
{ "type": "Feature", "properties": { "TimeStep": 18, "Latitude": 34.181871795918369, "Longitude": -118.65463501164579, "State": "Burning" }, "geometry": { "type": "Point", "coordinates": [ -118.654635011645794, 34.181871795918369 ] } },
{ "type": "Feature", "properties": { "TimeStep": 18, "Latitude": 34.181871795918369, "Longitude": -118.64749007675969, "State": "Burning" }, "geometry": { "type": "Point", "coordinates": [ -118.647490076759695, 34.181871795918369 ] } },
{ "type": "Feature", "properties": { "TimeStep": 18, "Latitude": 34.181871795918369, "Longitude": -118.65463501164579, "State": "Burning" }, "geometry": { "type": "Point", "coordinates": [ -118.654635011645794, 34.181871795918369 ] } },
{ "type": "Feature", "properties": { "TimeStep": 18, "Latitude": 34.181871795918369, "Longitude": -118.64749007675969, "State": "Burning" }, "geometry": { "type": "Point", "coordinates": [ -118.647490076759695, 34.181871795918369 ] } },
{ "type": "Feature", "properties": { "TimeStep": 18, "Latitude": 34.181871795918369, "Longitude": -118.64034514187358, "State": "Burning" }, "geometry": { "type": "Point", "coordinates": [ -118.640345141873581, 34.181871795918369 ] } },
{ "type": "Feature", "properties": { "TimeStep": 18, "Latitude": 34.175953428571425, "Longitude": -118.63320020698748, "State": "Burning" }, "geometry": { "type": "Point", "coordinates": [ -118.633200206987482, 34.175953428571425 ] } },
{ "type": "Feature", "properties": { "TimeStep": 18, "Latitude": 34.181871795918369, "Longitude": -118.64749007675969, "State": "Burning" }, "geometry": { "type": "Point", "coordinates": [ -118.647490076759695, 34.181871795918369 ] } },
{ "type": "Feature", "properties": { "TimeStep": 18, "Latitude": 34.181871795918369, "Longitude": -118.64034514187358, "State": "Burning" }, "geometry": { "type": "Point", "coordinates": [ -118.640345141873581, 34.181871795918369 ] } },
{ "type": "Feature", "properties": { "TimeStep": 18, "Latitude": 34.181871795918369, "Longitude": -118.61891033721527, "State": "Burning" }, "geometry": { "type": "Point", "coordinates": [ -118.618910337215269, 34.181871795918369 ] } },
{ "type": "Feature", "properties": { "TimeStep": 18, "Latitude": 34.181871795918369, "Longitude": -118.61176540232917, "State": "Burning" }, "geometry": { "type": "Point", "coordinates": [ -118.611765402329169, 34.181871795918369 ] } },
{ "type": "Feature", "properties": { "TimeStep": 18, "Latitude": 34.181871795918369, "Longitude": -118.61176540232917, "State": "Burning" }, "geometry": { "type": "Point", "coordinates": [ -118.611765402329169, 34.181871795918369 ] } },
{ "type": "Feature", "properties": { "TimeStep": 18, "Latitude": 34.181871795918369, "Longitude": -118.59747553255696, "State": "Burning" }, "geometry": { "type": "Point", "coordinates": [ -118.597475532556956, 34.181871795918369 ] } },
{ "type": "Feature", "properties": { "TimeStep": 18, "Latitude": 34.181871795918369, "Longitude": -118.59747553255696, "State": "Burning" }, "geometry": { "type": "Point", "coordinates": [ -118.597475532556956, 34.181871795918369 ] } },
{ "type": "Feature", "properties": { "TimeStep": 18, "Latitude": 34.181871795918369, "Longitude": -118.59747553255696, "State": "Burning" }, "geometry": { "type": "Point", "coordinates": [ -118.597475532556956, 34.181871795918369 ] } },
{ "type": "Feature", "properties": { "TimeStep": 18, "Latitude": 34.181871795918369, "Longitude": -118.57604072789864, "State": "Burning" }, "geometry": { "type": "Point", "coordinates": [ -118.576040727898643, 34.181871795918369 ] } },
{ "type": "Feature", "properties": { "TimeStep": 18, "Latitude": 34.181871795918369, "Longitude": -118.57604072789864, "State": "Burning" }, "geometry": { "type": "Point", "coordinates": [ -118.576040727898643, 34.181871795918369 ] } },
{ "type": "Feature", "properties": { "TimeStep": 18, "Latitude": 34.181871795918369, "Longitude": -118.56889579301253, "State": "Burning" }, "geometry": { "type": "Point", "coordinates": [ -118.56889579301253, 34.181871795918369 ] } },
{ "type": "Feature", "properties": { "TimeStep": 18, "Latitude": 34.181871795918369, "Longitude": -118.57604072789864, "State": "Burning" }, "geometry": { "type": "Point", "coordinates": [ -118.576040727898643, 34.181871795918369 ] } },
{ "type": "Feature", "properties": { "TimeStep": 18, "Latitude": 34.181871795918369, "Longitude": -118.56889579301253, "State": "Burning" }, "geometry": { "type": "Point", "coordinates": [ -118.56889579301253, 34.181871795918369 ] } },
{ "type": "Feature", "properties": { "TimeStep": 18, "Latitude": 34.181871795918369, "Longitude": -118.56175085812643, "State": "Burning" }, "geometry": { "type": "Point", "coordinates": [ -118.56175085812643, 34.181871795918369 ] } },
{ "type": "Feature", "properties": { "TimeStep": 18, "Latitude": 34.181871795918369, "Longitude": -118.5260261836959, "State": "Burning" }, "geometry": { "type": "Point", "coordinates": [ -118.526026183695905, 34.181871795918369 ] } },
{ "type": "Feature", "properties": { "TimeStep": 19, "Latitude": 33.962892204081626, "Longitude": -118.68321475119022, "State": "Burning" }, "geometry": { "type": "Point", "coordinates": [ -118.683214751190221, 33.962892204081626 ] } },
{ "type": "Feature", "properties": { "TimeStep": 19, "Latitude": 33.96881057142857, "Longitude": -118.68321475119022, "State": "Burning" }, "geometry": { "type": "Point", "coordinates": [ -118.683214751190221, 33.96881057142857 ] } },
{ "type": "Feature", "properties": { "TimeStep": 19, "Latitude": 33.974728938775506, "Longitude": -118.68321475119022, "State": "Burning" }, "geometry": { "type": "Point", "coordinates": [ -118.683214751190221, 33.974728938775506 ] } },
{ "type": "Feature", "properties": { "TimeStep": 19, "Latitude": 33.962892204081626, "Longitude": -118.65463501164579, "State": "Burning" }, "geometry": { "type": "Point", "coordinates": [ -118.654635011645794, 33.962892204081626 ] } },
{ "type": "Feature", "properties": { "TimeStep": 19, "Latitude": 33.962892204081626, "Longitude": -118.65463501164579, "State": "Burning" }, "geometry": { "type": "Point", "coordinates": [ -118.654635011645794, 33.962892204081626 ] } },
{ "type": "Feature", "properties": { "TimeStep": 19, "Latitude": 33.962892204081626, "Longitude": -118.65463501164579, "State": "Burning" }, "geometry": { "type": "Point", "coordinates": [ -118.654635011645794, 33.962892204081626 ] } },
{ "type": "Feature", "properties": { "TimeStep": 19, "Latitude": 33.962892204081626, "Longitude": -118.62605527210137, "State": "Burning" }, "geometry": { "type": "Point", "coordinates": [ -118.626055272101368, 33.962892204081626 ] } },
{ "type": "Feature", "properties": { "TimeStep": 19, "Latitude": 33.962892204081626, "Longitude": -118.61176540232917, "State": "Burning" }, "geometry": { "type": "Point", "coordinates": [ -118.611765402329169, 33.962892204081626 ] } },
{ "type": "Feature", "properties": { "TimeStep": 19, "Latitude": 33.962892204081626, "Longitude": -118.59033059767084, "State": "Burning" }, "geometry": { "type": "Point", "coordinates": [ -118.590330597670842, 33.962892204081626 ] } },
{ "type": "Feature", "properties": { "TimeStep": 19, "Latitude": 33.962892204081626, "Longitude": -118.59033059767084, "State": "Burning" }, "geometry": { "type": "Point", "coordinates": [ -118.590330597670842, 33.962892204081626 ] } },
{ "type": "Feature", "properties": { "TimeStep": 19, "Latitude": 33.962892204081626, "Longitude": -118.59033059767084, "State": "Burning" }, "geometry": { "type": "Point", "coordinates": [ -118.590330597670842, 33.962892204081626 ] } },
{ "type": "Feature", "properties": { "TimeStep": 19, "Latitude": 33.962892204081626, "Longitude": -118.57604072789864, "State": "Burning" }, "geometry": { "type": "Point", "coordinates": [ -118.576040727898643, 33.962892204081626 ] } },
{ "type": "Feature", "properties": { "TimeStep": 19, "Latitude": 33.962892204081626, "Longitude": -118.56889579301253, "State": "Burning" }, "geometry": { "type": "Point", "coordinates": [ -118.56889579301253, 33.962892204081626 ] } },
{ "type": "Feature", "properties": { "TimeStep": 19, "Latitude": 33.962892204081626, "Longitude": -118.56175085812643, "State": "Burning" }, "geometry": { "type": "Point", "coordinates": [ -118.56175085812643, 33.962892204081626 ] } },
{ "type": "Feature", "properties": { "TimeStep": 19, "Latitude": 33.962892204081626, "Longitude": -118.55460592324032, "State": "Burning" }, "geometry": { "type": "Point", "coordinates": [ -118.554605923240317, 33.962892204081626 ] } },
{ "type": "Feature", "properties": { "TimeStep": 19, "Latitude": 33.962892204081626, "Longitude": -118.54031605346812, "State": "Burning" }, "geometry": { "type": "Point", "coordinates": [ -118.540316053468118, 33.962892204081626 ] } },
{ "type": "Feature", "properties": { "TimeStep": 19, "Latitude": 33.962892204081626, "Longitude": -118.533171118582, "State": "Burning" }, "geometry": { "type": "Point", "coordinates": [ -118.533171118582004, 33.962892204081626 ] } },
{ "type": "Feature", "properties": { "TimeStep": 19, "Latitude": 33.962892204081626, "Longitude": -118.54031605346812, "State": "Burning" }, "geometry": { "type": "Point", "coordinates": [ -118.540316053468118, 33.962892204081626 ] } },
{ "type": "Feature", "properties": { "TimeStep": 19, "Latitude": 33.962892204081626, "Longitude": -118.533171118582, "State": "Burning" }, "geometry": { "type": "Point", "coordinates": [ -118.533171118582004, 33.962892204081626 ] } },
{ "type": "Feature", "properties": { "TimeStep": 19, "Latitude": 33.962892204081626, "Longitude": -118.5260261836959, "State": "Burning" }, "geometry": { "type": "Point", "coordinates": [ -118.526026183695905, 33.962892204081626 ] } },
{ "type": "Feature", "properties": { "TimeStep": 19, "Latitude": 33.96881057142857, "Longitude": -118.5260261836959, "State": "Burning" }, "geometry": { "type": "Point", "coordinates": [ -118.526026183695905, 33.96881057142857 ] } },
{ "type": "Feature", "properties": { "TimeStep": 19, "Latitude": 33.96881057142857, "Longitude": -118.68321475119022, "State": "Burning" }, "geometry": { "type": "Point", "coordinates": [ -118.683214751190221, 33.96881057142857 ] } },
{ "type": "Feature", "properties": { "TimeStep": 19, "Latitude": 33.974728938775506, "Longitude": -118.68321475119022, "State": "Burning" }, "geometry": { "type": "Point", "coordinates": [ -118.683214751190221, 33.974728938775506 ] } },
{ "type": "Feature", "properties": { "TimeStep": 19, "Latitude": 33.96881057142857, "Longitude": -118.51888124880979, "State": "Burning" }, "geometry": { "type": "Point", "coordinates": [ -118.518881248809791, 33.96881057142857 ] } },
{ "type": "Feature", "properties": { "TimeStep": 19, "Latitude": 33.96881057142857, "Longitude": -118.51173631392369, "State": "Burning" }, "geometry": { "type": "Point", "coordinates": [ -118.511736313923691, 33.96881057142857 ] } },
{ "type": "Feature", "properties": { "TimeStep": 19, "Latitude": 33.96881057142857, "Longitude": -118.50459137903758, "State": "Burning" }, "geometry": { "type": "Point", "coordinates": [ -118.504591379037578, 33.96881057142857 ] } },
{ "type": "Feature", "properties": { "TimeStep": 19, "Latitude": 33.974728938775506, "Longitude": -118.68321475119022, "State": "Burning" }, "geometry": { "type": "Point", "coordinates": [ -118.683214751190221, 33.974728938775506 ] } },
{ "type": "Feature", "properties": { "TimeStep": 19, "Latitude": 33.974728938775506, "Longitude": -118.68321475119022, "State": "Burning" }, "geometry": { "type": "Point", "coordinates": [ -118.683214751190221, 33.974728938775506 ] } },
{ "type": "Feature", "properties": { "TimeStep": 19, "Latitude": 33.974728938775506, "Longitude": -118.49030150926538, "State": "Burning" }, "geometry": { "type": "Point", "coordinates": [ -118.490301509265379, 33.974728938775506 ] } },
{ "type": "Feature", "properties": { "TimeStep": 19, "Latitude": 33.980647306122442, "Longitude": -118.49030150926538, "State": "Burning" }, "geometry": { "type": "Point", "coordinates": [ -118.490301509265379, 33.980647306122442 ] } },
{ "type": "Feature", "properties": { "TimeStep": 19, "Latitude": 33.986565673469386, "Longitude": -118.49030150926538, "State": "Burning" }, "geometry": { "type": "Point", "coordinates": [ -118.490301509265379, 33.986565673469386 ] } },
{ "type": "Feature", "properties": { "TimeStep": 19, "Latitude": 33.980647306122442, "Longitude": -118.70464955584853, "State": "Burning" }, "geometry": { "type": "Point", "coordinates": [ -118.704649555848533, 33.980647306122442 ] } },
{ "type": "Feature", "properties": { "TimeStep": 19, "Latitude": 33.980647306122442, "Longitude": -118.69750462096243, "State": "Burning" }, "geometry": { "type": "Point", "coordinates": [ -118.697504620962434, 33.980647306122442 ] } },
{ "type": "Feature", "properties": { "TimeStep": 19, "Latitude": 33.992484040816322, "Longitude": -118.71179449073463, "State": "Burning" }, "geometry": { "type": "Point", "coordinates": [ -118.711794490734633, 33.992484040816322 ] } },
{ "type": "Feature", "properties": { "TimeStep": 19, "Latitude": 33.980647306122442, "Longitude": -118.49030150926538, "State": "Burning" }, "geometry": { "type": "Point", "coordinates": [ -118.490301509265379, 33.980647306122442 ] } },
{ "type": "Feature", "properties": { "TimeStep": 19, "Latitude": 33.986565673469386, "Longitude": -118.49030150926538, "State": "Burning" }, "geometry": { "type": "Point", "coordinates": [ -118.490301509265379, 33.986565673469386 ] } },
{ "type": "Feature", "properties": { "TimeStep": 19, "Latitude": 33.986565673469386, "Longitude": -118.49030150926538, "State": "Burning" }, "geometry": { "type": "Point", "coordinates": [ -118.490301509265379, 33.986565673469386 ] } },
{ "type": "Feature", "properties": { "TimeStep": 19, "Latitude": 33.986565673469386, "Longitude": -118.49030150926538, "State": "Burning" }, "geometry": { "type": "Point", "coordinates": [ -118.490301509265379, 33.986565673469386 ] } },
{ "type": "Feature", "properties": { "TimeStep": 19, "Latitude": 33.986565673469386, "Longitude": -118.48315657437927, "State": "Burning" }, "geometry": { "type": "Point", "coordinates": [ -118.483156574379265, 33.986565673469386 ] } },
{ "type": "Feature", "properties": { "TimeStep": 19, "Latitude": 33.986565673469386, "Longitude": -118.47601163949317, "State": "Burning" }, "geometry": { "type": "Point", "coordinates": [ -118.476011639493166, 33.986565673469386 ] } },
{ "type": "Feature", "properties": { "TimeStep": 19, "Latitude": 33.992484040816322, "Longitude": -118.47601163949317, "State": "Burning" }, "geometry": { "type": "Point", "coordinates": [ -118.476011639493166, 33.992484040816322 ] } },
{ "type": "Feature", "properties": { "TimeStep": 19, "Latitude": 33.992484040816322, "Longitude": -118.47601163949317, "State": "Burning" }, "geometry": { "type": "Point", "coordinates": [ -118.476011639493166, 33.992484040816322 ] } },
{ "type": "Feature", "properties": { "TimeStep": 19, "Latitude": 33.992484040816322, "Longitude": -118.47601163949317, "State": "Burning" }, "geometry": { "type": "Point", "coordinates": [ -118.476011639493166, 33.992484040816322 ] } },
{ "type": "Feature", "properties": { "TimeStep": 19, "Latitude": 33.992484040816322, "Longitude": -118.46886670460705, "State": "Burning" }, "geometry": { "type": "Point", "coordinates": [ -118.468866704607052, 33.992484040816322 ] } },
{ "type": "Feature", "properties": { "TimeStep": 19, "Latitude": 33.998402408163258, "Longitude": -118.46886670460705, "State": "Burning" }, "geometry": { "type": "Point", "coordinates": [ -118.468866704607052, 33.998402408163258 ] } },
{ "type": "Feature", "properties": { "TimeStep": 19, "Latitude": 33.998402408163258, "Longitude": -118.46886670460705, "State": "Burning" }, "geometry": { "type": "Point", "coordinates": [ -118.468866704607052, 33.998402408163258 ] } },
{ "type": "Feature", "properties": { "TimeStep": 19, "Latitude": 33.998402408163258, "Longitude": -118.46886670460705, "State": "Burning" }, "geometry": { "type": "Point", "coordinates": [ -118.468866704607052, 33.998402408163258 ] } },
{ "type": "Feature", "properties": { "TimeStep": 19, "Latitude": 34.010239142857138, "Longitude": -118.46172176972095, "State": "Burning" }, "geometry": { "type": "Point", "coordinates": [ -118.461721769720953, 34.010239142857138 ] } },
{ "type": "Feature", "properties": { "TimeStep": 19, "Latitude": 34.010239142857138, "Longitude": -118.46172176972095, "State": "Burning" }, "geometry": { "type": "Point", "coordinates": [ -118.461721769720953, 34.010239142857138 ] } },
{ "type": "Feature", "properties": { "TimeStep": 19, "Latitude": 34.016157510204081, "Longitude": -118.46172176972095, "State": "Burning" }, "geometry": { "type": "Point", "coordinates": [ -118.461721769720953, 34.016157510204081 ] } },
{ "type": "Feature", "properties": { "TimeStep": 19, "Latitude": 34.010239142857138, "Longitude": -118.46172176972095, "State": "Burning" }, "geometry": { "type": "Point", "coordinates": [ -118.461721769720953, 34.010239142857138 ] } },
{ "type": "Feature", "properties": { "TimeStep": 19, "Latitude": 34.016157510204081, "Longitude": -118.46172176972095, "State": "Burning" }, "geometry": { "type": "Point", "coordinates": [ -118.461721769720953, 34.016157510204081 ] } },
{ "type": "Feature", "properties": { "TimeStep": 19, "Latitude": 34.016157510204081, "Longitude": -118.73322929539296, "State": "Burning" }, "geometry": { "type": "Point", "coordinates": [ -118.73322929539296, 34.016157510204081 ] } },
{ "type": "Feature", "properties": { "TimeStep": 19, "Latitude": 34.016157510204081, "Longitude": -118.72608436050685, "State": "Burning" }, "geometry": { "type": "Point", "coordinates": [ -118.726084360506846, 34.016157510204081 ] } },
{ "type": "Feature", "properties": { "TimeStep": 19, "Latitude": 34.016157510204081, "Longitude": -118.71893942562075, "State": "Burning" }, "geometry": { "type": "Point", "coordinates": [ -118.718939425620746, 34.016157510204081 ] } },
{ "type": "Feature", "properties": { "TimeStep": 19, "Latitude": 34.022075877551018, "Longitude": -118.73322929539296, "State": "Burning" }, "geometry": { "type": "Point", "coordinates": [ -118.73322929539296, 34.022075877551018 ] } },
{ "type": "Feature", "properties": { "TimeStep": 19, "Latitude": 34.027994244897954, "Longitude": -118.73322929539296, "State": "Burning" }, "geometry": { "type": "Point", "coordinates": [ -118.73322929539296, 34.027994244897954 ] } },
{ "type": "Feature", "properties": { "TimeStep": 19, "Latitude": 34.016157510204081, "Longitude": -118.46172176972095, "State": "Burning" }, "geometry": { "type": "Point", "coordinates": [ -118.461721769720953, 34.016157510204081 ] } },
{ "type": "Feature", "properties": { "TimeStep": 19, "Latitude": 34.027994244897954, "Longitude": -118.46172176972095, "State": "Burning" }, "geometry": { "type": "Point", "coordinates": [ -118.461721769720953, 34.027994244897954 ] } },
{ "type": "Feature", "properties": { "TimeStep": 19, "Latitude": 34.022075877551018, "Longitude": -118.73322929539296, "State": "Burning" }, "geometry": { "type": "Point", "coordinates": [ -118.73322929539296, 34.022075877551018 ] } },
{ "type": "Feature", "properties": { "TimeStep": 19, "Latitude": 34.027994244897954, "Longitude": -118.73322929539296, "State": "Burning" }, "geometry": { "type": "Point", "coordinates": [ -118.73322929539296, 34.027994244897954 ] } },
{ "type": "Feature", "properties": { "TimeStep": 19, "Latitude": 34.027994244897954, "Longitude": -118.46172176972095, "State": "Burning" }, "geometry": { "type": "Point", "coordinates": [ -118.461721769720953, 34.027994244897954 ] } },
{ "type": "Feature", "properties": { "TimeStep": 19, "Latitude": 34.033912612244897, "Longitude": -118.46172176972095, "State": "Burning" }, "geometry": { "type": "Point", "coordinates": [ -118.461721769720953, 34.033912612244897 ] } },
{ "type": "Feature", "properties": { "TimeStep": 19, "Latitude": 34.027994244897954, "Longitude": -118.73322929539296, "State": "Burning" }, "geometry": { "type": "Point", "coordinates": [ -118.73322929539296, 34.027994244897954 ] } },
{ "type": "Feature", "properties": { "TimeStep": 19, "Latitude": 34.039830979591834, "Longitude": -118.73322929539296, "State": "Burning" }, "geometry": { "type": "Point", "coordinates": [ -118.73322929539296, 34.039830979591834 ] } },
{ "type": "Feature", "properties": { "TimeStep": 19, "Latitude": 34.027994244897954, "Longitude": -118.46172176972095, "State": "Burning" }, "geometry": { "type": "Point", "coordinates": [ -118.461721769720953, 34.027994244897954 ] } },
{ "type": "Feature", "properties": { "TimeStep": 19, "Latitude": 34.033912612244897, "Longitude": -118.46172176972095, "State": "Burning" }, "geometry": { "type": "Point", "coordinates": [ -118.461721769720953, 34.033912612244897 ] } },
{ "type": "Feature", "properties": { "TimeStep": 19, "Latitude": 34.039830979591834, "Longitude": -118.46172176972095, "State": "Burning" }, "geometry": { "type": "Point", "coordinates": [ -118.461721769720953, 34.039830979591834 ] } },
{ "type": "Feature", "properties": { "TimeStep": 19, "Latitude": 34.039830979591834, "Longitude": -118.73322929539296, "State": "Burning" }, "geometry": { "type": "Point", "coordinates": [ -118.73322929539296, 34.039830979591834 ] } },
{ "type": "Feature", "properties": { "TimeStep": 19, "Latitude": 34.04574934693877, "Longitude": -118.73322929539296, "State": "Burning" }, "geometry": { "type": "Point", "coordinates": [ -118.73322929539296, 34.04574934693877 ] } },
{ "type": "Feature", "properties": { "TimeStep": 19, "Latitude": 34.039830979591834, "Longitude": -118.73322929539296, "State": "Burning" }, "geometry": { "type": "Point", "coordinates": [ -118.73322929539296, 34.039830979591834 ] } },
{ "type": "Feature", "properties": { "TimeStep": 19, "Latitude": 34.04574934693877, "Longitude": -118.73322929539296, "State": "Burning" }, "geometry": { "type": "Point", "coordinates": [ -118.73322929539296, 34.04574934693877 ] } },
{ "type": "Feature", "properties": { "TimeStep": 19, "Latitude": 34.051667714285713, "Longitude": -118.73322929539296, "State": "Burning" }, "geometry": { "type": "Point", "coordinates": [ -118.73322929539296, 34.051667714285713 ] } },
{ "type": "Feature", "properties": { "TimeStep": 19, "Latitude": 34.039830979591834, "Longitude": -118.46172176972095, "State": "Burning" }, "geometry": { "type": "Point", "coordinates": [ -118.461721769720953, 34.039830979591834 ] } },
{ "type": "Feature", "properties": { "TimeStep": 19, "Latitude": 34.051667714285713, "Longitude": -118.46172176972095, "State": "Burning" }, "geometry": { "type": "Point", "coordinates": [ -118.461721769720953, 34.051667714285713 ] } },
{ "type": "Feature", "properties": { "TimeStep": 19, "Latitude": 34.051667714285713, "Longitude": -118.46172176972095, "State": "Burning" }, "geometry": { "type": "Point", "coordinates": [ -118.461721769720953, 34.051667714285713 ] } },
{ "type": "Feature", "properties": { "TimeStep": 19, "Latitude": 34.05758608163265, "Longitude": -118.46172176972095, "State": "Burning" }, "geometry": { "type": "Point", "coordinates": [ -118.461721769720953, 34.05758608163265 ] } },
{ "type": "Feature", "properties": { "TimeStep": 19, "Latitude": 34.063504448979586, "Longitude": -118.46172176972095, "State": "Burning" }, "geometry": { "type": "Point", "coordinates": [ -118.461721769720953, 34.063504448979586 ] } },
{ "type": "Feature", "properties": { "TimeStep": 19, "Latitude": 34.05758608163265, "Longitude": -118.46172176972095, "State": "Burning" }, "geometry": { "type": "Point", "coordinates": [ -118.461721769720953, 34.05758608163265 ] } },
{ "type": "Feature", "properties": { "TimeStep": 19, "Latitude": 34.063504448979586, "Longitude": -118.46172176972095, "State": "Burning" }, "geometry": { "type": "Point", "coordinates": [ -118.461721769720953, 34.063504448979586 ] } },
{ "type": "Feature", "properties": { "TimeStep": 19, "Latitude": 34.069422816326529, "Longitude": -118.46172176972095, "State": "Burning" }, "geometry": { "type": "Point", "coordinates": [ -118.461721769720953, 34.069422816326529 ] } },
{ "type": "Feature", "properties": { "TimeStep": 19, "Latitude": 34.063504448979586, "Longitude": -118.46172176972095, "State": "Burning" }, "geometry": { "type": "Point", "coordinates": [ -118.461721769720953, 34.063504448979586 ] } },
{ "type": "Feature", "properties": { "TimeStep": 19, "Latitude": 34.069422816326529, "Longitude": -118.46172176972095, "State": "Burning" }, "geometry": { "type": "Point", "coordinates": [ -118.461721769720953, 34.069422816326529 ] } },
{ "type": "Feature", "properties": { "TimeStep": 19, "Latitude": 34.075341183673466, "Longitude": -118.46172176972095, "State": "Burning" }, "geometry": { "type": "Point", "coordinates": [ -118.461721769720953, 34.075341183673466 ] } },
{ "type": "Feature", "properties": { "TimeStep": 19, "Latitude": 34.069422816326529, "Longitude": -118.72608436050685, "State": "Burning" }, "geometry": { "type": "Point", "coordinates": [ -118.726084360506846, 34.069422816326529 ] } },
{ "type": "Feature", "properties": { "TimeStep": 19, "Latitude": 34.081259551020409, "Longitude": -118.73322929539296, "State": "Burning" }, "geometry": { "type": "Point", "coordinates": [ -118.73322929539296, 34.081259551020409 ] } },
{ "type": "Feature", "properties": { "TimeStep": 19, "Latitude": 34.069422816326529, "Longitude": -118.46172176972095, "State": "Burning" }, "geometry": { "type": "Point", "coordinates": [ -118.461721769720953, 34.069422816326529 ] } },
{ "type": "Feature", "properties": { "TimeStep": 19, "Latitude": 34.075341183673466, "Longitude": -118.46172176972095, "State": "Burning" }, "geometry": { "type": "Point", "coordinates": [ -118.461721769720953, 34.075341183673466 ] } },
{ "type": "Feature", "properties": { "TimeStep": 19, "Latitude": 34.081259551020409, "Longitude": -118.73322929539296, "State": "Burning" }, "geometry": { "type": "Point", "coordinates": [ -118.73322929539296, 34.081259551020409 ] } },
{ "type": "Feature", "properties": { "TimeStep": 19, "Latitude": 34.081259551020409, "Longitude": -118.73322929539296, "State": "Burning" }, "geometry": { "type": "Point", "coordinates": [ -118.73322929539296, 34.081259551020409 ] } },
{ "type": "Feature", "properties": { "TimeStep": 19, "Latitude": 34.093096285714282, "Longitude": -118.73322929539296, "State": "Burning" }, "geometry": { "type": "Point", "coordinates": [ -118.73322929539296, 34.093096285714282 ] } },
{ "type": "Feature", "properties": { "TimeStep": 19, "Latitude": 34.087177918367345, "Longitude": -118.46172176972095, "State": "Burning" }, "geometry": { "type": "Point", "coordinates": [ -118.461721769720953, 34.087177918367345 ] } },
{ "type": "Feature", "properties": { "TimeStep": 19, "Latitude": 34.093096285714282, "Longitude": -118.73322929539296, "State": "Burning" }, "geometry": { "type": "Point", "coordinates": [ -118.73322929539296, 34.093096285714282 ] } },
{ "type": "Feature", "properties": { "TimeStep": 19, "Latitude": 34.099014653061225, "Longitude": -118.73322929539296, "State": "Burning" }, "geometry": { "type": "Point", "coordinates": [ -118.73322929539296, 34.099014653061225 ] } },
{ "type": "Feature", "properties": { "TimeStep": 19, "Latitude": 34.093096285714282, "Longitude": -118.73322929539296, "State": "Burning" }, "geometry": { "type": "Point", "coordinates": [ -118.73322929539296, 34.093096285714282 ] } },
{ "type": "Feature", "properties": { "TimeStep": 19, "Latitude": 34.099014653061225, "Longitude": -118.73322929539296, "State": "Burning" }, "geometry": { "type": "Point", "coordinates": [ -118.73322929539296, 34.099014653061225 ] } },
{ "type": "Feature", "properties": { "TimeStep": 19, "Latitude": 34.104933020408161, "Longitude": -118.73322929539296, "State": "Burning" }, "geometry": { "type": "Point", "coordinates": [ -118.73322929539296, 34.104933020408161 ] } },
{ "type": "Feature", "properties": { "TimeStep": 19, "Latitude": 34.099014653061225, "Longitude": -118.46172176972095, "State": "Burning" }, "geometry": { "type": "Point", "coordinates": [ -118.461721769720953, 34.099014653061225 ] } },
{ "type": "Feature", "properties": { "TimeStep": 19, "Latitude": 34.104933020408161, "Longitude": -118.46172176972095, "State": "Burning" }, "geometry": { "type": "Point", "coordinates": [ -118.461721769720953, 34.104933020408161 ] } },
{ "type": "Feature", "properties": { "TimeStep": 19, "Latitude": 34.099014653061225, "Longitude": -118.46172176972095, "State": "Burning" }, "geometry": { "type": "Point", "coordinates": [ -118.461721769720953, 34.099014653061225 ] } },
{ "type": "Feature", "properties": { "TimeStep": 19, "Latitude": 34.104933020408161, "Longitude": -118.46172176972095, "State": "Burning" }, "geometry": { "type": "Point", "coordinates": [ -118.461721769720953, 34.104933020408161 ] } },
{ "type": "Feature", "properties": { "TimeStep": 19, "Latitude": 34.110851387755098, "Longitude": -118.46172176972095, "State": "Burning" }, "geometry": { "type": "Point", "coordinates": [ -118.461721769720953, 34.110851387755098 ] } },
{ "type": "Feature", "properties": { "TimeStep": 19, "Latitude": 34.104933020408161, "Longitude": -118.73322929539296, "State": "Burning" }, "geometry": { "type": "Point", "coordinates": [ -118.73322929539296, 34.104933020408161 ] } },
{ "type": "Feature", "properties": { "TimeStep": 19, "Latitude": 34.110851387755098, "Longitude": -118.73322929539296, "State": "Burning" }, "geometry": { "type": "Point", "coordinates": [ -118.73322929539296, 34.110851387755098 ] } },
{ "type": "Feature", "properties": { "TimeStep": 19, "Latitude": 34.116769755102041, "Longitude": -118.73322929539296, "State": "Burning" }, "geometry": { "type": "Point", "coordinates": [ -118.73322929539296, 34.116769755102041 ] } },
{ "type": "Feature", "properties": { "TimeStep": 19, "Latitude": 34.104933020408161, "Longitude": -118.46172176972095, "State": "Burning" }, "geometry": { "type": "Point", "coordinates": [ -118.461721769720953, 34.104933020408161 ] } },
{ "type": "Feature", "properties": { "TimeStep": 19, "Latitude": 34.110851387755098, "Longitude": -118.46172176972095, "State": "Burning" }, "geometry": { "type": "Point", "coordinates": [ -118.461721769720953, 34.110851387755098 ] } },
{ "type": "Feature", "properties": { "TimeStep": 19, "Latitude": 34.110851387755098, "Longitude": -118.46172176972095, "State": "Burning" }, "geometry": { "type": "Point", "coordinates": [ -118.461721769720953, 34.110851387755098 ] } },
{ "type": "Feature", "properties": { "TimeStep": 19, "Latitude": 34.122688122448977, "Longitude": -118.46172176972095, "State": "Burning" }, "geometry": { "type": "Point", "coordinates": [ -118.461721769720953, 34.122688122448977 ] } },
{ "type": "Feature", "properties": { "TimeStep": 19, "Latitude": 34.116769755102041, "Longitude": -118.73322929539296, "State": "Burning" }, "geometry": { "type": "Point", "coordinates": [ -118.73322929539296, 34.116769755102041 ] } },
{ "type": "Feature", "properties": { "TimeStep": 19, "Latitude": 34.128606489795914, "Longitude": -118.73322929539296, "State": "Burning" }, "geometry": { "type": "Point", "coordinates": [ -118.73322929539296, 34.128606489795914 ] } },
{ "type": "Feature", "properties": { "TimeStep": 19, "Latitude": 34.122688122448977, "Longitude": -118.46172176972095, "State": "Burning" }, "geometry": { "type": "Point", "coordinates": [ -118.461721769720953, 34.122688122448977 ] } },
{ "type": "Feature", "properties": { "TimeStep": 19, "Latitude": 34.128606489795914, "Longitude": -118.46172176972095, "State": "Burning" }, "geometry": { "type": "Point", "coordinates": [ -118.461721769720953, 34.128606489795914 ] } },
{ "type": "Feature", "properties": { "TimeStep": 19, "Latitude": 34.128606489795914, "Longitude": -118.73322929539296, "State": "Burning" }, "geometry": { "type": "Point", "coordinates": [ -118.73322929539296, 34.128606489795914 ] } },
{ "type": "Feature", "properties": { "TimeStep": 19, "Latitude": 34.134524857142857, "Longitude": -118.72608436050685, "State": "Burning" }, "geometry": { "type": "Point", "coordinates": [ -118.726084360506846, 34.134524857142857 ] } },
{ "type": "Feature", "properties": { "TimeStep": 19, "Latitude": 34.122688122448977, "Longitude": -118.46172176972095, "State": "Burning" }, "geometry": { "type": "Point", "coordinates": [ -118.461721769720953, 34.122688122448977 ] } },
{ "type": "Feature", "properties": { "TimeStep": 19, "Latitude": 34.128606489795914, "Longitude": -118.46172176972095, "State": "Burning" }, "geometry": { "type": "Point", "coordinates": [ -118.461721769720953, 34.128606489795914 ] } },
{ "type": "Feature", "properties": { "TimeStep": 19, "Latitude": 34.128606489795914, "Longitude": -118.46172176972095, "State": "Burning" }, "geometry": { "type": "Point", "coordinates": [ -118.461721769720953, 34.128606489795914 ] } },
{ "type": "Feature", "properties": { "TimeStep": 19, "Latitude": 34.140443224489793, "Longitude": -118.46172176972095, "State": "Burning" }, "geometry": { "type": "Point", "coordinates": [ -118.461721769720953, 34.140443224489793 ] } },
{ "type": "Feature", "properties": { "TimeStep": 19, "Latitude": 34.140443224489793, "Longitude": -118.46172176972095, "State": "Burning" }, "geometry": { "type": "Point", "coordinates": [ -118.461721769720953, 34.140443224489793 ] } },
{ "type": "Feature", "properties": { "TimeStep": 19, "Latitude": 34.146361591836737, "Longitude": -118.46172176972095, "State": "Burning" }, "geometry": { "type": "Point", "coordinates": [ -118.461721769720953, 34.146361591836737 ] } },
{ "type": "Feature", "properties": { "TimeStep": 19, "Latitude": 34.140443224489793, "Longitude": -118.71893942562075, "State": "Burning" }, "geometry": { "type": "Point", "coordinates": [ -118.718939425620746, 34.140443224489793 ] } },
{ "type": "Feature", "properties": { "TimeStep": 19, "Latitude": 34.146361591836737, "Longitude": -118.71893942562075, "State": "Burning" }, "geometry": { "type": "Point", "coordinates": [ -118.718939425620746, 34.146361591836737 ] } },
{ "type": "Feature", "properties": { "TimeStep": 19, "Latitude": 34.152279959183673, "Longitude": -118.69035968607632, "State": "Burning" }, "geometry": { "type": "Point", "coordinates": [ -118.69035968607632, 34.152279959183673 ] } },
{ "type": "Feature", "properties": { "TimeStep": 19, "Latitude": 34.152279959183673, "Longitude": -118.68321475119022, "State": "Burning" }, "geometry": { "type": "Point", "coordinates": [ -118.683214751190221, 34.152279959183673 ] } },
{ "type": "Feature", "properties": { "TimeStep": 19, "Latitude": 34.152279959183673, "Longitude": -118.68321475119022, "State": "Burning" }, "geometry": { "type": "Point", "coordinates": [ -118.683214751190221, 34.152279959183673 ] } },
{ "type": "Feature", "properties": { "TimeStep": 19, "Latitude": 34.140443224489793, "Longitude": -118.46172176972095, "State": "Burning" }, "geometry": { "type": "Point", "coordinates": [ -118.461721769720953, 34.140443224489793 ] } },
{ "type": "Feature", "properties": { "TimeStep": 19, "Latitude": 34.146361591836737, "Longitude": -118.46172176972095, "State": "Burning" }, "geometry": { "type": "Point", "coordinates": [ -118.461721769720953, 34.146361591836737 ] } },
{ "type": "Feature", "properties": { "TimeStep": 19, "Latitude": 34.152279959183673, "Longitude": -118.46886670460705, "State": "Burning" }, "geometry": { "type": "Point", "coordinates": [ -118.468866704607052, 34.152279959183673 ] } },
{ "type": "Feature", "properties": { "TimeStep": 19, "Latitude": 34.152279959183673, "Longitude": -118.46172176972095, "State": "Burning" }, "geometry": { "type": "Point", "coordinates": [ -118.461721769720953, 34.152279959183673 ] } },
{ "type": "Feature", "properties": { "TimeStep": 19, "Latitude": 34.152279959183673, "Longitude": -118.68321475119022, "State": "Burning" }, "geometry": { "type": "Point", "coordinates": [ -118.683214751190221, 34.152279959183673 ] } },
{ "type": "Feature", "properties": { "TimeStep": 19, "Latitude": 34.158198326530609, "Longitude": -118.68321475119022, "State": "Burning" }, "geometry": { "type": "Point", "coordinates": [ -118.683214751190221, 34.158198326530609 ] } },
{ "type": "Feature", "properties": { "TimeStep": 19, "Latitude": 34.152279959183673, "Longitude": -118.46886670460705, "State": "Burning" }, "geometry": { "type": "Point", "coordinates": [ -118.468866704607052, 34.152279959183673 ] } },
{ "type": "Feature", "properties": { "TimeStep": 19, "Latitude": 34.158198326530609, "Longitude": -118.46886670460705, "State": "Burning" }, "geometry": { "type": "Point", "coordinates": [ -118.468866704607052, 34.158198326530609 ] } },
{ "type": "Feature", "properties": { "TimeStep": 19, "Latitude": 34.152279959183673, "Longitude": -118.68321475119022, "State": "Burning" }, "geometry": { "type": "Point", "coordinates": [ -118.683214751190221, 34.152279959183673 ] } },
{ "type": "Feature", "properties": { "TimeStep": 19, "Latitude": 34.158198326530609, "Longitude": -118.68321475119022, "State": "Burning" }, "geometry": { "type": "Point", "coordinates": [ -118.683214751190221, 34.158198326530609 ] } },
{ "type": "Feature", "properties": { "TimeStep": 19, "Latitude": 34.158198326530609, "Longitude": -118.49744644415148, "State": "Burning" }, "geometry": { "type": "Point", "coordinates": [ -118.497446444151478, 34.158198326530609 ] } },
{ "type": "Feature", "properties": { "TimeStep": 19, "Latitude": 34.164116693877553, "Longitude": -118.49030150926538, "State": "Burning" }, "geometry": { "type": "Point", "coordinates": [ -118.490301509265379, 34.164116693877553 ] } },
{ "type": "Feature", "properties": { "TimeStep": 19, "Latitude": 34.152279959183673, "Longitude": -118.46886670460705, "State": "Burning" }, "geometry": { "type": "Point", "coordinates": [ -118.468866704607052, 34.152279959183673 ] } },
{ "type": "Feature", "properties": { "TimeStep": 19, "Latitude": 34.158198326530609, "Longitude": -118.46886670460705, "State": "Burning" }, "geometry": { "type": "Point", "coordinates": [ -118.468866704607052, 34.158198326530609 ] } },
{ "type": "Feature", "properties": { "TimeStep": 19, "Latitude": 34.164116693877553, "Longitude": -118.47601163949317, "State": "Burning" }, "geometry": { "type": "Point", "coordinates": [ -118.476011639493166, 34.164116693877553 ] } },
{ "type": "Feature", "properties": { "TimeStep": 19, "Latitude": 34.158198326530609, "Longitude": -118.68321475119022, "State": "Burning" }, "geometry": { "type": "Point", "coordinates": [ -118.683214751190221, 34.158198326530609 ] } },
{ "type": "Feature", "properties": { "TimeStep": 19, "Latitude": 34.170035061224489, "Longitude": -118.68321475119022, "State": "Burning" }, "geometry": { "type": "Point", "coordinates": [ -118.683214751190221, 34.170035061224489 ] } },
{ "type": "Feature", "properties": { "TimeStep": 19, "Latitude": 34.170035061224489, "Longitude": -118.67606981630411, "State": "Burning" }, "geometry": { "type": "Point", "coordinates": [ -118.676069816304107, 34.170035061224489 ] } },
{ "type": "Feature", "properties": { "TimeStep": 19, "Latitude": 34.181871795918369, "Longitude": -118.62605527210137, "State": "Burning" }, "geometry": { "type": "Point", "coordinates": [ -118.626055272101368, 34.181871795918369 ] } },
{ "type": "Feature", "properties": { "TimeStep": 19, "Latitude": 34.181871795918369, "Longitude": -118.51173631392369, "State": "Burning" }, "geometry": { "type": "Point", "coordinates": [ -118.511736313923691, 34.181871795918369 ] } },
{ "type": "Feature", "properties": { "TimeStep": 19, "Latitude": 34.175953428571425, "Longitude": -118.67606981630411, "State": "Burning" }, "geometry": { "type": "Point", "coordinates": [ -118.676069816304107, 34.175953428571425 ] } },
{ "type": "Feature", "properties": { "TimeStep": 19, "Latitude": 34.187790163265305, "Longitude": -118.66177994653189, "State": "Burning" }, "geometry": { "type": "Point", "coordinates": [ -118.661779946531894, 34.187790163265305 ] } },
{ "type": "Feature", "properties": { "TimeStep": 19, "Latitude": 34.187790163265305, "Longitude": -118.66177994653189, "State": "Burning" }, "geometry": { "type": "Point", "coordinates": [ -118.661779946531894, 34.187790163265305 ] } },
{ "type": "Feature", "properties": { "TimeStep": 19, "Latitude": 34.187790163265305, "Longitude": -118.66177994653189, "State": "Burning" }, "geometry": { "type": "Point", "coordinates": [ -118.661779946531894, 34.187790163265305 ] } },
{ "type": "Feature", "properties": { "TimeStep": 19, "Latitude": 34.187790163265305, "Longitude": -118.64749007675969, "State": "Burning" }, "geometry": { "type": "Point", "coordinates": [ -118.647490076759695, 34.187790163265305 ] } },
{ "type": "Feature", "properties": { "TimeStep": 19, "Latitude": 34.187790163265305, "Longitude": -118.64749007675969, "State": "Burning" }, "geometry": { "type": "Point", "coordinates": [ -118.647490076759695, 34.187790163265305 ] } },
{ "type": "Feature", "properties": { "TimeStep": 19, "Latitude": 34.187790163265305, "Longitude": -118.64034514187358, "State": "Burning" }, "geometry": { "type": "Point", "coordinates": [ -118.640345141873581, 34.187790163265305 ] } },
{ "type": "Feature", "properties": { "TimeStep": 19, "Latitude": 34.187790163265305, "Longitude": -118.64749007675969, "State": "Burning" }, "geometry": { "type": "Point", "coordinates": [ -118.647490076759695, 34.187790163265305 ] } },
{ "type": "Feature", "properties": { "TimeStep": 19, "Latitude": 34.187790163265305, "Longitude": -118.64034514187358, "State": "Burning" }, "geometry": { "type": "Point", "coordinates": [ -118.640345141873581, 34.187790163265305 ] } },
{ "type": "Feature", "properties": { "TimeStep": 19, "Latitude": 34.181871795918369, "Longitude": -118.62605527210137, "State": "Burning" }, "geometry": { "type": "Point", "coordinates": [ -118.626055272101368, 34.181871795918369 ] } },
{ "type": "Feature", "properties": { "TimeStep": 19, "Latitude": 34.187790163265305, "Longitude": -118.61891033721527, "State": "Burning" }, "geometry": { "type": "Point", "coordinates": [ -118.618910337215269, 34.187790163265305 ] } },
{ "type": "Feature", "properties": { "TimeStep": 19, "Latitude": 34.187790163265305, "Longitude": -118.61891033721527, "State": "Burning" }, "geometry": { "type": "Point", "coordinates": [ -118.618910337215269, 34.187790163265305 ] } },
{ "type": "Feature", "properties": { "TimeStep": 19, "Latitude": 34.187790163265305, "Longitude": -118.59747553255696, "State": "Burning" }, "geometry": { "type": "Point", "coordinates": [ -118.597475532556956, 34.187790163265305 ] } },
{ "type": "Feature", "properties": { "TimeStep": 19, "Latitude": 34.187790163265305, "Longitude": -118.57604072789864, "State": "Burning" }, "geometry": { "type": "Point", "coordinates": [ -118.576040727898643, 34.187790163265305 ] } },
{ "type": "Feature", "properties": { "TimeStep": 19, "Latitude": 34.187790163265305, "Longitude": -118.56889579301253, "State": "Burning" }, "geometry": { "type": "Point", "coordinates": [ -118.56889579301253, 34.187790163265305 ] } },
{ "type": "Feature", "properties": { "TimeStep": 19, "Latitude": 34.187790163265305, "Longitude": -118.57604072789864, "State": "Burning" }, "geometry": { "type": "Point", "coordinates": [ -118.576040727898643, 34.187790163265305 ] } },
{ "type": "Feature", "properties": { "TimeStep": 19, "Latitude": 34.187790163265305, "Longitude": -118.56889579301253, "State": "Burning" }, "geometry": { "type": "Point", "coordinates": [ -118.56889579301253, 34.187790163265305 ] } },
{ "type": "Feature", "properties": { "TimeStep": 19, "Latitude": 34.187790163265305, "Longitude": -118.56175085812643, "State": "Burning" }, "geometry": { "type": "Point", "coordinates": [ -118.56175085812643, 34.187790163265305 ] } },
{ "type": "Feature", "properties": { "TimeStep": 19, "Latitude": 34.181871795918369, "Longitude": -118.55460592324032, "State": "Burning" }, "geometry": { "type": "Point", "coordinates": [ -118.554605923240317, 34.181871795918369 ] } },
{ "type": "Feature", "properties": { "TimeStep": 19, "Latitude": 34.187790163265305, "Longitude": -118.56889579301253, "State": "Burning" }, "geometry": { "type": "Point", "coordinates": [ -118.56889579301253, 34.187790163265305 ] } },
{ "type": "Feature", "properties": { "TimeStep": 19, "Latitude": 34.187790163265305, "Longitude": -118.56175085812643, "State": "Burning" }, "geometry": { "type": "Point", "coordinates": [ -118.56175085812643, 34.187790163265305 ] } },
{ "type": "Feature", "properties": { "TimeStep": 19, "Latitude": 34.187790163265305, "Longitude": -118.55460592324032, "State": "Burning" }, "geometry": { "type": "Point", "coordinates": [ -118.554605923240317, 34.187790163265305 ] } },
{ "type": "Feature", "properties": { "TimeStep": 19, "Latitude": 34.187790163265305, "Longitude": -118.533171118582, "State": "Burning" }, "geometry": { "type": "Point", "coordinates": [ -118.533171118582004, 34.187790163265305 ] } },
{ "type": "Feature", "properties": { "TimeStep": 19, "Latitude": 34.187790163265305, "Longitude": -118.5260261836959, "State": "Burning" }, "geometry": { "type": "Point", "coordinates": [ -118.526026183695905, 34.187790163265305 ] } },
{ "type": "Feature", "properties": { "TimeStep": 20, "Latitude": 33.95697383673469, "Longitude": -118.69035968607632, "State": "Burning" }, "geometry": { "type": "Point", "coordinates": [ -118.69035968607632, 33.95697383673469 ] } },
{ "type": "Feature", "properties": { "TimeStep": 20, "Latitude": 33.95697383673469, "Longitude": -118.68321475119022, "State": "Burning" }, "geometry": { "type": "Point", "coordinates": [ -118.683214751190221, 33.95697383673469 ] } },
{ "type": "Feature", "properties": { "TimeStep": 20, "Latitude": 33.96881057142857, "Longitude": -118.69035968607632, "State": "Burning" }, "geometry": { "type": "Point", "coordinates": [ -118.69035968607632, 33.96881057142857 ] } },
{ "type": "Feature", "properties": { "TimeStep": 20, "Latitude": 33.95697383673469, "Longitude": -118.66177994653189, "State": "Burning" }, "geometry": { "type": "Point", "coordinates": [ -118.661779946531894, 33.95697383673469 ] } },
{ "type": "Feature", "properties": { "TimeStep": 20, "Latitude": 33.95697383673469, "Longitude": -118.65463501164579, "State": "Burning" }, "geometry": { "type": "Point", "coordinates": [ -118.654635011645794, 33.95697383673469 ] } },
{ "type": "Feature", "properties": { "TimeStep": 20, "Latitude": 33.95697383673469, "Longitude": -118.64749007675969, "State": "Burning" }, "geometry": { "type": "Point", "coordinates": [ -118.647490076759695, 33.95697383673469 ] } },
{ "type": "Feature", "properties": { "TimeStep": 20, "Latitude": 33.95697383673469, "Longitude": -118.63320020698748, "State": "Burning" }, "geometry": { "type": "Point", "coordinates": [ -118.633200206987482, 33.95697383673469 ] } },
{ "type": "Feature", "properties": { "TimeStep": 20, "Latitude": 33.95697383673469, "Longitude": -118.62605527210137, "State": "Burning" }, "geometry": { "type": "Point", "coordinates": [ -118.626055272101368, 33.95697383673469 ] } },
{ "type": "Feature", "properties": { "TimeStep": 20, "Latitude": 33.95697383673469, "Longitude": -118.61891033721527, "State": "Burning" }, "geometry": { "type": "Point", "coordinates": [ -118.618910337215269, 33.95697383673469 ] } },
{ "type": "Feature", "properties": { "TimeStep": 20, "Latitude": 33.95697383673469, "Longitude": -118.61891033721527, "State": "Burning" }, "geometry": { "type": "Point", "coordinates": [ -118.618910337215269, 33.95697383673469 ] } },
{ "type": "Feature", "properties": { "TimeStep": 20, "Latitude": 33.95697383673469, "Longitude": -118.61176540232917, "State": "Burning" }, "geometry": { "type": "Point", "coordinates": [ -118.611765402329169, 33.95697383673469 ] } },
{ "type": "Feature", "properties": { "TimeStep": 20, "Latitude": 33.95697383673469, "Longitude": -118.60462046744306, "State": "Burning" }, "geometry": { "type": "Point", "coordinates": [ -118.604620467443056, 33.95697383673469 ] } },
{ "type": "Feature", "properties": { "TimeStep": 20, "Latitude": 33.95697383673469, "Longitude": -118.59747553255696, "State": "Burning" }, "geometry": { "type": "Point", "coordinates": [ -118.597475532556956, 33.95697383673469 ] } },
{ "type": "Feature", "properties": { "TimeStep": 20, "Latitude": 33.95697383673469, "Longitude": -118.58318566278474, "State": "Burning" }, "geometry": { "type": "Point", "coordinates": [ -118.583185662784743, 33.95697383673469 ] } },
{ "type": "Feature", "properties": { "TimeStep": 20, "Latitude": 33.95697383673469, "Longitude": -118.58318566278474, "State": "Burning" }, "geometry": { "type": "Point", "coordinates": [ -118.583185662784743, 33.95697383673469 ] } },
{ "type": "Feature", "properties": { "TimeStep": 20, "Latitude": 33.95697383673469, "Longitude": -118.57604072789864, "State": "Burning" }, "geometry": { "type": "Point", "coordinates": [ -118.576040727898643, 33.95697383673469 ] } },
{ "type": "Feature", "properties": { "TimeStep": 20, "Latitude": 33.95697383673469, "Longitude": -118.56889579301253, "State": "Burning" }, "geometry": { "type": "Point", "coordinates": [ -118.56889579301253, 33.95697383673469 ] } },
{ "type": "Feature", "properties": { "TimeStep": 20, "Latitude": 33.95697383673469, "Longitude": -118.57604072789864, "State": "Burning" }, "geometry": { "type": "Point", "coordinates": [ -118.576040727898643, 33.95697383673469 ] } },
{ "type": "Feature", "properties": { "TimeStep": 20, "Latitude": 33.95697383673469, "Longitude": -118.56889579301253, "State": "Burning" }, "geometry": { "type": "Point", "coordinates": [ -118.56889579301253, 33.95697383673469 ] } },
{ "type": "Feature", "properties": { "TimeStep": 20, "Latitude": 33.95697383673469, "Longitude": -118.56889579301253, "State": "Burning" }, "geometry": { "type": "Point", "coordinates": [ -118.56889579301253, 33.95697383673469 ] } },
{ "type": "Feature", "properties": { "TimeStep": 20, "Latitude": 33.95697383673469, "Longitude": -118.55460592324032, "State": "Burning" }, "geometry": { "type": "Point", "coordinates": [ -118.554605923240317, 33.95697383673469 ] } },
{ "type": "Feature", "properties": { "TimeStep": 20, "Latitude": 33.95697383673469, "Longitude": -118.55460592324032, "State": "Burning" }, "geometry": { "type": "Point", "coordinates": [ -118.554605923240317, 33.95697383673469 ] } },
{ "type": "Feature", "properties": { "TimeStep": 20, "Latitude": 33.95697383673469, "Longitude": -118.54746098835422, "State": "Burning" }, "geometry": { "type": "Point", "coordinates": [ -118.547460988354217, 33.95697383673469 ] } },
{ "type": "Feature", "properties": { "TimeStep": 20, "Latitude": 33.95697383673469, "Longitude": -118.54746098835422, "State": "Burning" }, "geometry": { "type": "Point", "coordinates": [ -118.547460988354217, 33.95697383673469 ] } },
{ "type": "Feature", "properties": { "TimeStep": 20, "Latitude": 33.95697383673469, "Longitude": -118.54031605346812, "State": "Burning" }, "geometry": { "type": "Point", "coordinates": [ -118.540316053468118, 33.95697383673469 ] } },
{ "type": "Feature", "properties": { "TimeStep": 20, "Latitude": 33.95697383673469, "Longitude": -118.533171118582, "State": "Burning" }, "geometry": { "type": "Point", "coordinates": [ -118.533171118582004, 33.95697383673469 ] } },
{ "type": "Feature", "properties": { "TimeStep": 20, "Latitude": 33.95697383673469, "Longitude": -118.54031605346812, "State": "Burning" }, "geometry": { "type": "Point", "coordinates": [ -118.540316053468118, 33.95697383673469 ] } },
{ "type": "Feature", "properties": { "TimeStep": 20, "Latitude": 33.95697383673469, "Longitude": -118.533171118582, "State": "Burning" }, "geometry": { "type": "Point", "coordinates": [ -118.533171118582004, 33.95697383673469 ] } },
{ "type": "Feature", "properties": { "TimeStep": 20, "Latitude": 33.95697383673469, "Longitude": -118.5260261836959, "State": "Burning" }, "geometry": { "type": "Point", "coordinates": [ -118.526026183695905, 33.95697383673469 ] } },
{ "type": "Feature", "properties": { "TimeStep": 20, "Latitude": 33.95697383673469, "Longitude": -118.533171118582, "State": "Burning" }, "geometry": { "type": "Point", "coordinates": [ -118.533171118582004, 33.95697383673469 ] } },
{ "type": "Feature", "properties": { "TimeStep": 20, "Latitude": 33.95697383673469, "Longitude": -118.5260261836959, "State": "Burning" }, "geometry": { "type": "Point", "coordinates": [ -118.526026183695905, 33.95697383673469 ] } },
{ "type": "Feature", "properties": { "TimeStep": 20, "Latitude": 33.95697383673469, "Longitude": -118.51888124880979, "State": "Burning" }, "geometry": { "type": "Point", "coordinates": [ -118.518881248809791, 33.95697383673469 ] } },
{ "type": "Feature", "properties": { "TimeStep": 20, "Latitude": 33.962892204081626, "Longitude": -118.51888124880979, "State": "Burning" }, "geometry": { "type": "Point", "coordinates": [ -118.518881248809791, 33.962892204081626 ] } },
{ "type": "Feature", "properties": { "TimeStep": 20, "Latitude": 33.96881057142857, "Longitude": -118.69035968607632, "State": "Burning" }, "geometry": { "type": "Point", "coordinates": [ -118.69035968607632, 33.96881057142857 ] } },
{ "type": "Feature", "properties": { "TimeStep": 20, "Latitude": 33.962892204081626, "Longitude": -118.51888124880979, "State": "Burning" }, "geometry": { "type": "Point", "coordinates": [ -118.518881248809791, 33.962892204081626 ] } },
{ "type": "Feature", "properties": { "TimeStep": 20, "Latitude": 33.962892204081626, "Longitude": -118.51888124880979, "State": "Burning" }, "geometry": { "type": "Point", "coordinates": [ -118.518881248809791, 33.962892204081626 ] } },
{ "type": "Feature", "properties": { "TimeStep": 20, "Latitude": 33.962892204081626, "Longitude": -118.51888124880979, "State": "Burning" }, "geometry": { "type": "Point", "coordinates": [ -118.518881248809791, 33.962892204081626 ] } },
{ "type": "Feature", "properties": { "TimeStep": 20, "Latitude": 33.96881057142857, "Longitude": -118.69035968607632, "State": "Burning" }, "geometry": { "type": "Point", "coordinates": [ -118.69035968607632, 33.96881057142857 ] } },
{ "type": "Feature", "properties": { "TimeStep": 20, "Latitude": 33.96881057142857, "Longitude": -118.49030150926538, "State": "Burning" }, "geometry": { "type": "Point", "coordinates": [ -118.490301509265379, 33.96881057142857 ] } },
{ "type": "Feature", "properties": { "TimeStep": 20, "Latitude": 33.974728938775506, "Longitude": -118.48315657437927, "State": "Burning" }, "geometry": { "type": "Point", "coordinates": [ -118.483156574379265, 33.974728938775506 ] } },
{ "type": "Feature", "properties": { "TimeStep": 20, "Latitude": 33.980647306122442, "Longitude": -118.48315657437927, "State": "Burning" }, "geometry": { "type": "Point", "coordinates": [ -118.483156574379265, 33.980647306122442 ] } },
{ "type": "Feature", "properties": { "TimeStep": 20, "Latitude": 33.974728938775506, "Longitude": -118.71179449073463, "State": "Burning" }, "geometry": { "type": "Point", "coordinates": [ -118.711794490734633, 33.974728938775506 ] } },
{ "type": "Feature", "properties": { "TimeStep": 20, "Latitude": 33.974728938775506, "Longitude": -118.70464955584853, "State": "Burning" }, "geometry": { "type": "Point", "coordinates": [ -118.704649555848533, 33.974728938775506 ] } },
{ "type": "Feature", "properties": { "TimeStep": 20, "Latitude": 33.974728938775506, "Longitude": -118.69750462096243, "State": "Burning" }, "geometry": { "type": "Point", "coordinates": [ -118.697504620962434, 33.974728938775506 ] } },
{ "type": "Feature", "properties": { "TimeStep": 20, "Latitude": 33.974728938775506, "Longitude": -118.70464955584853, "State": "Burning" }, "geometry": { "type": "Point", "coordinates": [ -118.704649555848533, 33.974728938775506 ] } },
{ "type": "Feature", "properties": { "TimeStep": 20, "Latitude": 33.974728938775506, "Longitude": -118.69750462096243, "State": "Burning" }, "geometry": { "type": "Point", "coordinates": [ -118.697504620962434, 33.974728938775506 ] } },
{ "type": "Feature", "properties": { "TimeStep": 20, "Latitude": 33.974728938775506, "Longitude": -118.48315657437927, "State": "Burning" }, "geometry": { "type": "Point", "coordinates": [ -118.483156574379265, 33.974728938775506 ] } },
{ "type": "Feature", "properties": { "TimeStep": 20, "Latitude": 33.980647306122442, "Longitude": -118.48315657437927, "State": "Burning" }, "geometry": { "type": "Point", "coordinates": [ -118.483156574379265, 33.980647306122442 ] } },
{ "type": "Feature", "properties": { "TimeStep": 20, "Latitude": 33.980647306122442, "Longitude": -118.48315657437927, "State": "Burning" }, "geometry": { "type": "Point", "coordinates": [ -118.483156574379265, 33.980647306122442 ] } },
{ "type": "Feature", "properties": { "TimeStep": 20, "Latitude": 33.980647306122442, "Longitude": -118.48315657437927, "State": "Burning" }, "geometry": { "type": "Point", "coordinates": [ -118.483156574379265, 33.980647306122442 ] } },
{ "type": "Feature", "properties": { "TimeStep": 20, "Latitude": 33.980647306122442, "Longitude": -118.48315657437927, "State": "Burning" }, "geometry": { "type": "Point", "coordinates": [ -118.483156574379265, 33.980647306122442 ] } },
{ "type": "Feature", "properties": { "TimeStep": 20, "Latitude": 33.980647306122442, "Longitude": -118.46886670460705, "State": "Burning" }, "geometry": { "type": "Point", "coordinates": [ -118.468866704607052, 33.980647306122442 ] } },
{ "type": "Feature", "properties": { "TimeStep": 20, "Latitude": 33.992484040816322, "Longitude": -118.71893942562075, "State": "Burning" }, "geometry": { "type": "Point", "coordinates": [ -118.718939425620746, 33.992484040816322 ] } },
{ "type": "Feature", "properties": { "TimeStep": 20, "Latitude": 33.998402408163258, "Longitude": -118.71893942562075, "State": "Burning" }, "geometry": { "type": "Point", "coordinates": [ -118.718939425620746, 33.998402408163258 ] } },
{ "type": "Feature", "properties": { "TimeStep": 20, "Latitude": 34.004320775510202, "Longitude": -118.45457683483485, "State": "Burning" }, "geometry": { "type": "Point", "coordinates": [ -118.454576834834853, 34.004320775510202 ] } },
{ "type": "Feature", "properties": { "TimeStep": 20, "Latitude": 34.010239142857138, "Longitude": -118.45457683483485, "State": "Burning" }, "geometry": { "type": "Point", "coordinates": [ -118.454576834834853, 34.010239142857138 ] } },
{ "type": "Feature", "properties": { "TimeStep": 20, "Latitude": 34.010239142857138, "Longitude": -118.74037423027906, "State": "Burning" }, "geometry": { "type": "Point", "coordinates": [ -118.740374230279059, 34.010239142857138 ] } },
{ "type": "Feature", "properties": { "TimeStep": 20, "Latitude": 34.010239142857138, "Longitude": -118.73322929539296, "State": "Burning" }, "geometry": { "type": "Point", "coordinates": [ -118.73322929539296, 34.010239142857138 ] } },
{ "type": "Feature", "properties": { "TimeStep": 20, "Latitude": 34.010239142857138, "Longitude": -118.72608436050685, "State": "Burning" }, "geometry": { "type": "Point", "coordinates": [ -118.726084360506846, 34.010239142857138 ] } },
{ "type": "Feature", "properties": { "TimeStep": 20, "Latitude": 34.016157510204081, "Longitude": -118.74037423027906, "State": "Burning" }, "geometry": { "type": "Point", "coordinates": [ -118.740374230279059, 34.016157510204081 ] } },
{ "type": "Feature", "properties": { "TimeStep": 20, "Latitude": 34.022075877551018, "Longitude": -118.74037423027906, "State": "Burning" }, "geometry": { "type": "Point", "coordinates": [ -118.740374230279059, 34.022075877551018 ] } },
{ "type": "Feature", "properties": { "TimeStep": 20, "Latitude": 34.010239142857138, "Longitude": -118.73322929539296, "State": "Burning" }, "geometry": { "type": "Point", "coordinates": [ -118.73322929539296, 34.010239142857138 ] } },
{ "type": "Feature", "properties": { "TimeStep": 20, "Latitude": 34.010239142857138, "Longitude": -118.72608436050685, "State": "Burning" }, "geometry": { "type": "Point", "coordinates": [ -118.726084360506846, 34.010239142857138 ] } },
{ "type": "Feature", "properties": { "TimeStep": 20, "Latitude": 34.010239142857138, "Longitude": -118.72608436050685, "State": "Burning" }, "geometry": { "type": "Point", "coordinates": [ -118.726084360506846, 34.010239142857138 ] } },
{ "type": "Feature", "properties": { "TimeStep": 20, "Latitude": 34.010239142857138, "Longitude": -118.45457683483485, "State": "Burning" }, "geometry": { "type": "Point", "coordinates": [ -118.454576834834853, 34.010239142857138 ] } },
{ "type": "Feature", "properties": { "TimeStep": 20, "Latitude": 34.016157510204081, "Longitude": -118.74037423027906, "State": "Burning" }, "geometry": { "type": "Point", "coordinates": [ -118.740374230279059, 34.016157510204081 ] } },
{ "type": "Feature", "properties": { "TimeStep": 20, "Latitude": 34.022075877551018, "Longitude": -118.74037423027906, "State": "Burning" }, "geometry": { "type": "Point", "coordinates": [ -118.740374230279059, 34.022075877551018 ] } },
{ "type": "Feature", "properties": { "TimeStep": 20, "Latitude": 34.027994244897954, "Longitude": -118.74037423027906, "State": "Burning" }, "geometry": { "type": "Point", "coordinates": [ -118.740374230279059, 34.027994244897954 ] } },
{ "type": "Feature", "properties": { "TimeStep": 20, "Latitude": 34.022075877551018, "Longitude": -118.74037423027906, "State": "Burning" }, "geometry": { "type": "Point", "coordinates": [ -118.740374230279059, 34.022075877551018 ] } },
{ "type": "Feature", "properties": { "TimeStep": 20, "Latitude": 34.027994244897954, "Longitude": -118.74037423027906, "State": "Burning" }, "geometry": { "type": "Point", "coordinates": [ -118.740374230279059, 34.027994244897954 ] } },
{ "type": "Feature", "properties": { "TimeStep": 20, "Latitude": 34.033912612244897, "Longitude": -118.74037423027906, "State": "Burning" }, "geometry": { "type": "Point", "coordinates": [ -118.740374230279059, 34.033912612244897 ] } },
{ "type": "Feature", "properties": { "TimeStep": 20, "Latitude": 34.033912612244897, "Longitude": -118.45457683483485, "State": "Burning" }, "geometry": { "type": "Point", "coordinates": [ -118.454576834834853, 34.033912612244897 ] } },
{ "type": "Feature", "properties": { "TimeStep": 20, "Latitude": 34.033912612244897, "Longitude": -118.45457683483485, "State": "Burning" }, "geometry": { "type": "Point", "coordinates": [ -118.454576834834853, 34.033912612244897 ] } },
{ "type": "Feature", "properties": { "TimeStep": 20, "Latitude": 34.033912612244897, "Longitude": -118.74037423027906, "State": "Burning" }, "geometry": { "type": "Point", "coordinates": [ -118.740374230279059, 34.033912612244897 ] } },
{ "type": "Feature", "properties": { "TimeStep": 20, "Latitude": 34.039830979591834, "Longitude": -118.74037423027906, "State": "Burning" }, "geometry": { "type": "Point", "coordinates": [ -118.740374230279059, 34.039830979591834 ] } },
{ "type": "Feature", "properties": { "TimeStep": 20, "Latitude": 34.04574934693877, "Longitude": -118.74037423027906, "State": "Burning" }, "geometry": { "type": "Point", "coordinates": [ -118.740374230279059, 34.04574934693877 ] } },
{ "type": "Feature", "properties": { "TimeStep": 20, "Latitude": 34.033912612244897, "Longitude": -118.45457683483485, "State": "Burning" }, "geometry": { "type": "Point", "coordinates": [ -118.454576834834853, 34.033912612244897 ] } },
{ "type": "Feature", "properties": { "TimeStep": 20, "Latitude": 34.04574934693877, "Longitude": -118.45457683483485, "State": "Burning" }, "geometry": { "type": "Point", "coordinates": [ -118.454576834834853, 34.04574934693877 ] } },
{ "type": "Feature", "properties": { "TimeStep": 20, "Latitude": 34.039830979591834, "Longitude": -118.74037423027906, "State": "Burning" }, "geometry": { "type": "Point", "coordinates": [ -118.740374230279059, 34.039830979591834 ] } },
{ "type": "Feature", "properties": { "TimeStep": 20, "Latitude": 34.04574934693877, "Longitude": -118.74037423027906, "State": "Burning" }, "geometry": { "type": "Point", "coordinates": [ -118.740374230279059, 34.04574934693877 ] } },
{ "type": "Feature", "properties": { "TimeStep": 20, "Latitude": 34.051667714285713, "Longitude": -118.74037423027906, "State": "Burning" }, "geometry": { "type": "Point", "coordinates": [ -118.740374230279059, 34.051667714285713 ] } },
{ "type": "Feature", "properties": { "TimeStep": 20, "Latitude": 34.04574934693877, "Longitude": -118.74037423027906, "State": "Burning" }, "geometry": { "type": "Point", "coordinates": [ -118.740374230279059, 34.04574934693877 ] } },
{ "type": "Feature", "properties": { "TimeStep": 20, "Latitude": 34.051667714285713, "Longitude": -118.74037423027906, "State": "Burning" }, "geometry": { "type": "Point", "coordinates": [ -118.740374230279059, 34.051667714285713 ] } },
{ "type": "Feature", "properties": { "TimeStep": 20, "Latitude": 34.05758608163265, "Longitude": -118.73322929539296, "State": "Burning" }, "geometry": { "type": "Point", "coordinates": [ -118.73322929539296, 34.05758608163265 ] } },
{ "type": "Feature", "properties": { "TimeStep": 20, "Latitude": 34.05758608163265, "Longitude": -118.72608436050685, "State": "Burning" }, "geometry": { "type": "Point", "coordinates": [ -118.726084360506846, 34.05758608163265 ] } },
{ "type": "Feature", "properties": { "TimeStep": 20, "Latitude": 34.04574934693877, "Longitude": -118.45457683483485, "State": "Burning" }, "geometry": { "type": "Point", "coordinates": [ -118.454576834834853, 34.04574934693877 ] } },
{ "type": "Feature", "properties": { "TimeStep": 20, "Latitude": 34.05758608163265, "Longitude": -118.45457683483485, "State": "Burning" }, "geometry": { "type": "Point", "coordinates": [ -118.454576834834853, 34.05758608163265 ] } },
{ "type": "Feature", "properties": { "TimeStep": 20, "Latitude": 34.05758608163265, "Longitude": -118.45457683483485, "State": "Burning" }, "geometry": { "type": "Point", "coordinates": [ -118.454576834834853, 34.05758608163265 ] } },
{ "type": "Feature", "properties": { "TimeStep": 20, "Latitude": 34.063504448979586, "Longitude": -118.45457683483485, "State": "Burning" }, "geometry": { "type": "Point", "coordinates": [ -118.454576834834853, 34.063504448979586 ] } },
{ "type": "Feature", "properties": { "TimeStep": 20, "Latitude": 34.05758608163265, "Longitude": -118.45457683483485, "State": "Burning" }, "geometry": { "type": "Point", "coordinates": [ -118.454576834834853, 34.05758608163265 ] } },
{ "type": "Feature", "properties": { "TimeStep": 20, "Latitude": 34.063504448979586, "Longitude": -118.45457683483485, "State": "Burning" }, "geometry": { "type": "Point", "coordinates": [ -118.454576834834853, 34.063504448979586 ] } },
{ "type": "Feature", "properties": { "TimeStep": 20, "Latitude": 34.069422816326529, "Longitude": -118.45457683483485, "State": "Burning" }, "geometry": { "type": "Point", "coordinates": [ -118.454576834834853, 34.069422816326529 ] } },
{ "type": "Feature", "properties": { "TimeStep": 20, "Latitude": 34.063504448979586, "Longitude": -118.73322929539296, "State": "Burning" }, "geometry": { "type": "Point", "coordinates": [ -118.73322929539296, 34.063504448979586 ] } },
{ "type": "Feature", "properties": { "TimeStep": 20, "Latitude": 34.063504448979586, "Longitude": -118.72608436050685, "State": "Burning" }, "geometry": { "type": "Point", "coordinates": [ -118.726084360506846, 34.063504448979586 ] } },
{ "type": "Feature", "properties": { "TimeStep": 20, "Latitude": 34.063504448979586, "Longitude": -118.45457683483485, "State": "Burning" }, "geometry": { "type": "Point", "coordinates": [ -118.454576834834853, 34.063504448979586 ] } },
{ "type": "Feature", "properties": { "TimeStep": 20, "Latitude": 34.069422816326529, "Longitude": -118.45457683483485, "State": "Burning" }, "geometry": { "type": "Point", "coordinates": [ -118.454576834834853, 34.069422816326529 ] } },
{ "type": "Feature", "properties": { "TimeStep": 20, "Latitude": 34.069422816326529, "Longitude": -118.45457683483485, "State": "Burning" }, "geometry": { "type": "Point", "coordinates": [ -118.454576834834853, 34.069422816326529 ] } },
{ "type": "Feature", "properties": { "TimeStep": 20, "Latitude": 34.075341183673466, "Longitude": -118.74037423027906, "State": "Burning" }, "geometry": { "type": "Point", "coordinates": [ -118.740374230279059, 34.075341183673466 ] } },
{ "type": "Feature", "properties": { "TimeStep": 20, "Latitude": 34.081259551020409, "Longitude": -118.74037423027906, "State": "Burning" }, "geometry": { "type": "Point", "coordinates": [ -118.740374230279059, 34.081259551020409 ] } },
{ "type": "Feature", "properties": { "TimeStep": 20, "Latitude": 34.093096285714282, "Longitude": -118.45457683483485, "State": "Burning" }, "geometry": { "type": "Point", "coordinates": [ -118.454576834834853, 34.093096285714282 ] } },
{ "type": "Feature", "properties": { "TimeStep": 20, "Latitude": 34.093096285714282, "Longitude": -118.74037423027906, "State": "Burning" }, "geometry": { "type": "Point", "coordinates": [ -118.740374230279059, 34.093096285714282 ] } },
{ "type": "Feature", "properties": { "TimeStep": 20, "Latitude": 34.099014653061225, "Longitude": -118.74037423027906, "State": "Burning" }, "geometry": { "type": "Point", "coordinates": [ -118.740374230279059, 34.099014653061225 ] } },
{ "type": "Feature", "properties": { "TimeStep": 20, "Latitude": 34.093096285714282, "Longitude": -118.74037423027906, "State": "Burning" }, "geometry": { "type": "Point", "coordinates": [ -118.740374230279059, 34.093096285714282 ] } },
{ "type": "Feature", "properties": { "TimeStep": 20, "Latitude": 34.099014653061225, "Longitude": -118.74037423027906, "State": "Burning" }, "geometry": { "type": "Point", "coordinates": [ -118.740374230279059, 34.099014653061225 ] } },
{ "type": "Feature", "properties": { "TimeStep": 20, "Latitude": 34.104933020408161, "Longitude": -118.74037423027906, "State": "Burning" }, "geometry": { "type": "Point", "coordinates": [ -118.740374230279059, 34.104933020408161 ] } },
{ "type": "Feature", "properties": { "TimeStep": 20, "Latitude": 34.093096285714282, "Longitude": -118.45457683483485, "State": "Burning" }, "geometry": { "type": "Point", "coordinates": [ -118.454576834834853, 34.093096285714282 ] } },
{ "type": "Feature", "properties": { "TimeStep": 20, "Latitude": 34.099014653061225, "Longitude": -118.45457683483485, "State": "Burning" }, "geometry": { "type": "Point", "coordinates": [ -118.454576834834853, 34.099014653061225 ] } },
{ "type": "Feature", "properties": { "TimeStep": 20, "Latitude": 34.104933020408161, "Longitude": -118.45457683483485, "State": "Burning" }, "geometry": { "type": "Point", "coordinates": [ -118.454576834834853, 34.104933020408161 ] } },
{ "type": "Feature", "properties": { "TimeStep": 20, "Latitude": 34.099014653061225, "Longitude": -118.74037423027906, "State": "Burning" }, "geometry": { "type": "Point", "coordinates": [ -118.740374230279059, 34.099014653061225 ] } },
{ "type": "Feature", "properties": { "TimeStep": 20, "Latitude": 34.104933020408161, "Longitude": -118.74037423027906, "State": "Burning" }, "geometry": { "type": "Point", "coordinates": [ -118.740374230279059, 34.104933020408161 ] } },
{ "type": "Feature", "properties": { "TimeStep": 20, "Latitude": 34.110851387755098, "Longitude": -118.74037423027906, "State": "Burning" }, "geometry": { "type": "Point", "coordinates": [ -118.740374230279059, 34.110851387755098 ] } },
{ "type": "Feature", "properties": { "TimeStep": 20, "Latitude": 34.099014653061225, "Longitude": -118.45457683483485, "State": "Burning" }, "geometry": { "type": "Point", "coordinates": [ -118.454576834834853, 34.099014653061225 ] } },
{ "type": "Feature", "properties": { "TimeStep": 20, "Latitude": 34.104933020408161, "Longitude": -118.45457683483485, "State": "Burning" }, "geometry": { "type": "Point", "coordinates": [ -118.454576834834853, 34.104933020408161 ] } },
{ "type": "Feature", "properties": { "TimeStep": 20, "Latitude": 34.104933020408161, "Longitude": -118.74037423027906, "State": "Burning" }, "geometry": { "type": "Point", "coordinates": [ -118.740374230279059, 34.104933020408161 ] } },
{ "type": "Feature", "properties": { "TimeStep": 20, "Latitude": 34.110851387755098, "Longitude": -118.74037423027906, "State": "Burning" }, "geometry": { "type": "Point", "coordinates": [ -118.740374230279059, 34.110851387755098 ] } },
{ "type": "Feature", "properties": { "TimeStep": 20, "Latitude": 34.116769755102041, "Longitude": -118.74037423027906, "State": "Burning" }, "geometry": { "type": "Point", "coordinates": [ -118.740374230279059, 34.116769755102041 ] } },
{ "type": "Feature", "properties": { "TimeStep": 20, "Latitude": 34.104933020408161, "Longitude": -118.45457683483485, "State": "Burning" }, "geometry": { "type": "Point", "coordinates": [ -118.454576834834853, 34.104933020408161 ] } },
{ "type": "Feature", "properties": { "TimeStep": 20, "Latitude": 34.110851387755098, "Longitude": -118.74037423027906, "State": "Burning" }, "geometry": { "type": "Point", "coordinates": [ -118.740374230279059, 34.110851387755098 ] } },
{ "type": "Feature", "properties": { "TimeStep": 20, "Latitude": 34.116769755102041, "Longitude": -118.74037423027906, "State": "Burning" }, "geometry": { "type": "Point", "coordinates": [ -118.740374230279059, 34.116769755102041 ] } },
{ "type": "Feature", "properties": { "TimeStep": 20, "Latitude": 34.122688122448977, "Longitude": -118.74037423027906, "State": "Burning" }, "geometry": { "type": "Point", "coordinates": [ -118.740374230279059, 34.122688122448977 ] } },
{ "type": "Feature", "properties": { "TimeStep": 20, "Latitude": 34.122688122448977, "Longitude": -118.45457683483485, "State": "Burning" }, "geometry": { "type": "Point", "coordinates": [ -118.454576834834853, 34.122688122448977 ] } },
{ "type": "Feature", "properties": { "TimeStep": 20, "Latitude": 34.128606489795914, "Longitude": -118.45457683483485, "State": "Burning" }, "geometry": { "type": "Point", "coordinates": [ -118.454576834834853, 34.128606489795914 ] } },
{ "type": "Feature", "properties": { "TimeStep": 20, "Latitude": 34.122688122448977, "Longitude": -118.74037423027906, "State": "Burning" }, "geometry": { "type": "Point", "coordinates": [ -118.740374230279059, 34.122688122448977 ] } },
{ "type": "Feature", "properties": { "TimeStep": 20, "Latitude": 34.128606489795914, "Longitude": -118.74037423027906, "State": "Burning" }, "geometry": { "type": "Point", "coordinates": [ -118.740374230279059, 34.128606489795914 ] } },
{ "type": "Feature", "properties": { "TimeStep": 20, "Latitude": 34.134524857142857, "Longitude": -118.74037423027906, "State": "Burning" }, "geometry": { "type": "Point", "coordinates": [ -118.740374230279059, 34.134524857142857 ] } },
{ "type": "Feature", "properties": { "TimeStep": 20, "Latitude": 34.122688122448977, "Longitude": -118.45457683483485, "State": "Burning" }, "geometry": { "type": "Point", "coordinates": [ -118.454576834834853, 34.122688122448977 ] } },
{ "type": "Feature", "properties": { "TimeStep": 20, "Latitude": 34.128606489795914, "Longitude": -118.45457683483485, "State": "Burning" }, "geometry": { "type": "Point", "coordinates": [ -118.454576834834853, 34.128606489795914 ] } },
{ "type": "Feature", "properties": { "TimeStep": 20, "Latitude": 34.134524857142857, "Longitude": -118.45457683483485, "State": "Burning" }, "geometry": { "type": "Point", "coordinates": [ -118.454576834834853, 34.134524857142857 ] } },
{ "type": "Feature", "properties": { "TimeStep": 20, "Latitude": 34.140443224489793, "Longitude": -118.73322929539296, "State": "Burning" }, "geometry": { "type": "Point", "coordinates": [ -118.73322929539296, 34.140443224489793 ] } },
{ "type": "Feature", "properties": { "TimeStep": 20, "Latitude": 34.140443224489793, "Longitude": -118.72608436050685, "State": "Burning" }, "geometry": { "type": "Point", "coordinates": [ -118.726084360506846, 34.140443224489793 ] } },
{ "type": "Feature", "properties": { "TimeStep": 20, "Latitude": 34.140443224489793, "Longitude": -118.72608436050685, "State": "Burning" }, "geometry": { "type": "Point", "coordinates": [ -118.726084360506846, 34.140443224489793 ] } },
{ "type": "Feature", "properties": { "TimeStep": 20, "Latitude": 34.146361591836737, "Longitude": -118.72608436050685, "State": "Burning" }, "geometry": { "type": "Point", "coordinates": [ -118.726084360506846, 34.146361591836737 ] } },
{ "type": "Feature", "properties": { "TimeStep": 20, "Latitude": 34.134524857142857, "Longitude": -118.45457683483485, "State": "Burning" }, "geometry": { "type": "Point", "coordinates": [ -118.454576834834853, 34.134524857142857 ] } },
{ "type": "Feature", "properties": { "TimeStep": 20, "Latitude": 34.140443224489793, "Longitude": -118.45457683483485, "State": "Burning" }, "geometry": { "type": "Point", "coordinates": [ -118.454576834834853, 34.140443224489793 ] } },
{ "type": "Feature", "properties": { "TimeStep": 20, "Latitude": 34.140443224489793, "Longitude": -118.72608436050685, "State": "Burning" }, "geometry": { "type": "Point", "coordinates": [ -118.726084360506846, 34.140443224489793 ] } },
{ "type": "Feature", "properties": { "TimeStep": 20, "Latitude": 34.146361591836737, "Longitude": -118.72608436050685, "State": "Burning" }, "geometry": { "type": "Point", "coordinates": [ -118.726084360506846, 34.146361591836737 ] } },
{ "type": "Feature", "properties": { "TimeStep": 20, "Latitude": 34.152279959183673, "Longitude": -118.72608436050685, "State": "Burning" }, "geometry": { "type": "Point", "coordinates": [ -118.726084360506846, 34.152279959183673 ] } },
{ "type": "Feature", "properties": { "TimeStep": 20, "Latitude": 34.140443224489793, "Longitude": -118.45457683483485, "State": "Burning" }, "geometry": { "type": "Point", "coordinates": [ -118.454576834834853, 34.140443224489793 ] } },
{ "type": "Feature", "properties": { "TimeStep": 20, "Latitude": 34.158198326530609, "Longitude": -118.69750462096243, "State": "Burning" }, "geometry": { "type": "Point", "coordinates": [ -118.697504620962434, 34.158198326530609 ] } },
{ "type": "Feature", "properties": { "TimeStep": 20, "Latitude": 34.158198326530609, "Longitude": -118.69035968607632, "State": "Burning" }, "geometry": { "type": "Point", "coordinates": [ -118.69035968607632, 34.158198326530609 ] } },
{ "type": "Feature", "properties": { "TimeStep": 20, "Latitude": 34.158198326530609, "Longitude": -118.69035968607632, "State": "Burning" }, "geometry": { "type": "Point", "coordinates": [ -118.69035968607632, 34.158198326530609 ] } },
{ "type": "Feature", "properties": { "TimeStep": 20, "Latitude": 34.158198326530609, "Longitude": -118.46172176972095, "State": "Burning" }, "geometry": { "type": "Point", "coordinates": [ -118.461721769720953, 34.158198326530609 ] } },
{ "type": "Feature", "properties": { "TimeStep": 20, "Latitude": 34.158198326530609, "Longitude": -118.46172176972095, "State": "Burning" }, "geometry": { "type": "Point", "coordinates": [ -118.461721769720953, 34.158198326530609 ] } },
{ "type": "Feature", "properties": { "TimeStep": 20, "Latitude": 34.158198326530609, "Longitude": -118.69035968607632, "State": "Burning" }, "geometry": { "type": "Point", "coordinates": [ -118.69035968607632, 34.158198326530609 ] } },
{ "type": "Feature", "properties": { "TimeStep": 20, "Latitude": 34.164116693877553, "Longitude": -118.69035968607632, "State": "Burning" }, "geometry": { "type": "Point", "coordinates": [ -118.69035968607632, 34.164116693877553 ] } },
{ "type": "Feature", "properties": { "TimeStep": 20, "Latitude": 34.164116693877553, "Longitude": -118.50459137903758, "State": "Burning" }, "geometry": { "type": "Point", "coordinates": [ -118.504591379037578, 34.164116693877553 ] } },
{ "type": "Feature", "properties": { "TimeStep": 20, "Latitude": 34.158198326530609, "Longitude": -118.46172176972095, "State": "Burning" }, "geometry": { "type": "Point", "coordinates": [ -118.461721769720953, 34.158198326530609 ] } },
{ "type": "Feature", "properties": { "TimeStep": 20, "Latitude": 34.164116693877553, "Longitude": -118.46172176972095, "State": "Burning" }, "geometry": { "type": "Point", "coordinates": [ -118.461721769720953, 34.164116693877553 ] } },
{ "type": "Feature", "properties": { "TimeStep": 20, "Latitude": 34.170035061224489, "Longitude": -118.49744644415148, "State": "Burning" }, "geometry": { "type": "Point", "coordinates": [ -118.497446444151478, 34.170035061224489 ] } },
{ "type": "Feature", "properties": { "TimeStep": 20, "Latitude": 34.170035061224489, "Longitude": -118.49030150926538, "State": "Burning" }, "geometry": { "type": "Point", "coordinates": [ -118.490301509265379, 34.170035061224489 ] } },
{ "type": "Feature", "properties": { "TimeStep": 20, "Latitude": 34.170035061224489, "Longitude": -118.48315657437927, "State": "Burning" }, "geometry": { "type": "Point", "coordinates": [ -118.483156574379265, 34.170035061224489 ] } },
{ "type": "Feature", "properties": { "TimeStep": 20, "Latitude": 34.170035061224489, "Longitude": -118.48315657437927, "State": "Burning" }, "geometry": { "type": "Point", "coordinates": [ -118.483156574379265, 34.170035061224489 ] } },
{ "type": "Feature", "properties": { "TimeStep": 20, "Latitude": 34.170035061224489, "Longitude": -118.47601163949317, "State": "Burning" }, "geometry": { "type": "Point", "coordinates": [ -118.476011639493166, 34.170035061224489 ] } },
{ "type": "Feature", "properties": { "TimeStep": 20, "Latitude": 34.164116693877553, "Longitude": -118.69035968607632, "State": "Burning" }, "geometry": { "type": "Point", "coordinates": [ -118.69035968607632, 34.164116693877553 ] } },
{ "type": "Feature", "properties": { "TimeStep": 20, "Latitude": 34.170035061224489, "Longitude": -118.69035968607632, "State": "Burning" }, "geometry": { "type": "Point", "coordinates": [ -118.69035968607632, 34.170035061224489 ] } },
{ "type": "Feature", "properties": { "TimeStep": 20, "Latitude": 34.175953428571425, "Longitude": -118.69035968607632, "State": "Burning" }, "geometry": { "type": "Point", "coordinates": [ -118.69035968607632, 34.175953428571425 ] } },
{ "type": "Feature", "properties": { "TimeStep": 20, "Latitude": 34.181871795918369, "Longitude": -118.68321475119022, "State": "Burning" }, "geometry": { "type": "Point", "coordinates": [ -118.683214751190221, 34.181871795918369 ] } },
{ "type": "Feature", "properties": { "TimeStep": 20, "Latitude": 34.187790163265305, "Longitude": -118.54746098835422, "State": "Burning" }, "geometry": { "type": "Point", "coordinates": [ -118.547460988354217, 34.187790163265305 ] } },
{ "type": "Feature", "properties": { "TimeStep": 20, "Latitude": 34.175953428571425, "Longitude": -118.50459137903758, "State": "Burning" }, "geometry": { "type": "Point", "coordinates": [ -118.504591379037578, 34.175953428571425 ] } },
{ "type": "Feature", "properties": { "TimeStep": 20, "Latitude": 34.187790163265305, "Longitude": -118.51173631392369, "State": "Burning" }, "geometry": { "type": "Point", "coordinates": [ -118.511736313923691, 34.187790163265305 ] } },
{ "type": "Feature", "properties": { "TimeStep": 20, "Latitude": 34.187790163265305, "Longitude": -118.50459137903758, "State": "Burning" }, "geometry": { "type": "Point", "coordinates": [ -118.504591379037578, 34.187790163265305 ] } },
{ "type": "Feature", "properties": { "TimeStep": 20, "Latitude": 34.193708530612248, "Longitude": -118.66892488141801, "State": "Burning" }, "geometry": { "type": "Point", "coordinates": [ -118.668924881418008, 34.193708530612248 ] } },
{ "type": "Feature", "properties": { "TimeStep": 20, "Latitude": 34.193708530612248, "Longitude": -118.66177994653189, "State": "Burning" }, "geometry": { "type": "Point", "coordinates": [ -118.661779946531894, 34.193708530612248 ] } },
{ "type": "Feature", "properties": { "TimeStep": 20, "Latitude": 34.193708530612248, "Longitude": -118.65463501164579, "State": "Burning" }, "geometry": { "type": "Point", "coordinates": [ -118.654635011645794, 34.193708530612248 ] } },
{ "type": "Feature", "properties": { "TimeStep": 20, "Latitude": 34.193708530612248, "Longitude": -118.65463501164579, "State": "Burning" }, "geometry": { "type": "Point", "coordinates": [ -118.654635011645794, 34.193708530612248 ] } },
{ "type": "Feature", "properties": { "TimeStep": 20, "Latitude": 34.193708530612248, "Longitude": -118.64749007675969, "State": "Burning" }, "geometry": { "type": "Point", "coordinates": [ -118.647490076759695, 34.193708530612248 ] } },
{ "type": "Feature", "properties": { "TimeStep": 20, "Latitude": 34.193708530612248, "Longitude": -118.64034514187358, "State": "Burning" }, "geometry": { "type": "Point", "coordinates": [ -118.640345141873581, 34.193708530612248 ] } },
{ "type": "Feature", "properties": { "TimeStep": 20, "Latitude": 34.193708530612248, "Longitude": -118.64749007675969, "State": "Burning" }, "geometry": { "type": "Point", "coordinates": [ -118.647490076759695, 34.193708530612248 ] } },
{ "type": "Feature", "properties": { "TimeStep": 20, "Latitude": 34.193708530612248, "Longitude": -118.64034514187358, "State": "Burning" }, "geometry": { "type": "Point", "coordinates": [ -118.640345141873581, 34.193708530612248 ] } },
{ "type": "Feature", "properties": { "TimeStep": 20, "Latitude": 34.193708530612248, "Longitude": -118.63320020698748, "State": "Burning" }, "geometry": { "type": "Point", "coordinates": [ -118.633200206987482, 34.193708530612248 ] } },
{ "type": "Feature", "properties": { "TimeStep": 20, "Latitude": 34.193708530612248, "Longitude": -118.61176540232917, "State": "Burning" }, "geometry": { "type": "Point", "coordinates": [ -118.611765402329169, 34.193708530612248 ] } },
{ "type": "Feature", "properties": { "TimeStep": 20, "Latitude": 34.193708530612248, "Longitude": -118.60462046744306, "State": "Burning" }, "geometry": { "type": "Point", "coordinates": [ -118.604620467443056, 34.193708530612248 ] } },
{ "type": "Feature", "properties": { "TimeStep": 20, "Latitude": 34.193708530612248, "Longitude": -118.59747553255696, "State": "Burning" }, "geometry": { "type": "Point", "coordinates": [ -118.597475532556956, 34.193708530612248 ] } },
{ "type": "Feature", "properties": { "TimeStep": 20, "Latitude": 34.193708530612248, "Longitude": -118.59033059767084, "State": "Burning" }, "geometry": { "type": "Point", "coordinates": [ -118.590330597670842, 34.193708530612248 ] } },
{ "type": "Feature", "properties": { "TimeStep": 20, "Latitude": 34.193708530612248, "Longitude": -118.58318566278474, "State": "Burning" }, "geometry": { "type": "Point", "coordinates": [ -118.583185662784743, 34.193708530612248 ] } },
{ "type": "Feature", "properties": { "TimeStep": 20, "Latitude": 34.193708530612248, "Longitude": -118.57604072789864, "State": "Burning" }, "geometry": { "type": "Point", "coordinates": [ -118.576040727898643, 34.193708530612248 ] } },
{ "type": "Feature", "properties": { "TimeStep": 20, "Latitude": 34.193708530612248, "Longitude": -118.57604072789864, "State": "Burning" }, "geometry": { "type": "Point", "coordinates": [ -118.576040727898643, 34.193708530612248 ] } },
{ "type": "Feature", "properties": { "TimeStep": 20, "Latitude": 34.193708530612248, "Longitude": -118.56175085812643, "State": "Burning" }, "geometry": { "type": "Point", "coordinates": [ -118.56175085812643, 34.193708530612248 ] } },
{ "type": "Feature", "properties": { "TimeStep": 20, "Latitude": 34.193708530612248, "Longitude": -118.56175085812643, "State": "Burning" }, "geometry": { "type": "Point", "coordinates": [ -118.56175085812643, 34.193708530612248 ] } },
{ "type": "Feature", "properties": { "TimeStep": 20, "Latitude": 34.193708530612248, "Longitude": -118.55460592324032, "State": "Burning" }, "geometry": { "type": "Point", "coordinates": [ -118.554605923240317, 34.193708530612248 ] } },
{ "type": "Feature", "properties": { "TimeStep": 20, "Latitude": 34.187790163265305, "Longitude": -118.54746098835422, "State": "Burning" }, "geometry": { "type": "Point", "coordinates": [ -118.547460988354217, 34.187790163265305 ] } },
{ "type": "Feature", "properties": { "TimeStep": 20, "Latitude": 34.193708530612248, "Longitude": -118.56175085812643, "State": "Burning" }, "geometry": { "type": "Point", "coordinates": [ -118.56175085812643, 34.193708530612248 ] } },
{ "type": "Feature", "properties": { "TimeStep": 20, "Latitude": 34.193708530612248, "Longitude": -118.55460592324032, "State": "Burning" }, "geometry": { "type": "Point", "coordinates": [ -118.554605923240317, 34.193708530612248 ] } },
{ "type": "Feature", "properties": { "TimeStep": 20, "Latitude": 34.193708530612248, "Longitude": -118.54746098835422, "State": "Burning" }, "geometry": { "type": "Point", "coordinates": [ -118.547460988354217, 34.193708530612248 ] } },
{ "type": "Feature", "properties": { "TimeStep": 20, "Latitude": 34.187790163265305, "Longitude": -118.54031605346812, "State": "Burning" }, "geometry": { "type": "Point", "coordinates": [ -118.540316053468118, 34.187790163265305 ] } },
{ "type": "Feature", "properties": { "TimeStep": 20, "Latitude": 34.193708530612248, "Longitude": -118.54031605346812, "State": "Burning" }, "geometry": { "type": "Point", "coordinates": [ -118.540316053468118, 34.193708530612248 ] } },
{ "type": "Feature", "properties": { "TimeStep": 20, "Latitude": 34.193708530612248, "Longitude": -118.5260261836959, "State": "Burning" }, "geometry": { "type": "Point", "coordinates": [ -118.526026183695905, 34.193708530612248 ] } },
{ "type": "Feature", "properties": { "TimeStep": 20, "Latitude": 34.193708530612248, "Longitude": -118.5260261836959, "State": "Burning" }, "geometry": { "type": "Point", "coordinates": [ -118.526026183695905, 34.193708530612248 ] } },
{ "type": "Feature", "properties": { "TimeStep": 20, "Latitude": 34.193708530612248, "Longitude": -118.51888124880979, "State": "Burning" }, "geometry": { "type": "Point", "coordinates": [ -118.518881248809791, 34.193708530612248 ] } }
]
}
